{
    "image_height": 1024,
    "images_width": 1024,
    "images_path": "tile_22_37.png",
    "bboxes": [
        {
            "attributions": {
                "group": 0
            },
            "id": 0,
            "label": "Single_cell",
            "x_max": 0.6416015625,
            "x_min": 0.53515625,
            "y_max": 0.783203125,
            "y_min": 0.673828125,
            "prob": "0.843"
        },
        {
            "attributions": {
                "group": 0
            },
            "id": 1,
            "label": "Single_cell",
            "x_max": 0.591796875,
            "x_min": 0.474609375,
            "y_max": 0.6044921875,
            "y_min": 0.4697265625,
            "prob": "0.765"
        },
        {
            "attributions": {
                "group": 0
            },
            "id": 2,
            "label": "Single_cell",
            "x_max": 0.3818359375,
            "x_min": 0.333984375,
            "y_max": 0.0849609375,
            "y_min": 0.03515625,
            "prob": "0.735"
        },
        {
            "attributions": {
                "group": 0
            },
            "id": 3,
            "label": "Single_cell",
            "x_max": 0.720703125,
            "x_min": 0.615234375,
            "y_max": 0.36328125,
            "y_min": 0.291015625,
            "prob": "0.734"
        },
        {
            "attributions": {
                "group": 0
            },
            "id": 4,
            "label": "Single_cell",
            "x_max": 0.4736328125,
            "x_min": 0.3466796875,
            "y_max": 0.1142578125,
            "y_min": 0.0,
            "prob": "0.657"
        },
        {
            "attributions": {
                "group": 0
            },
            "id": 5,
            "label": "Single_cell",
            "x_max": 0.3369140625,
            "x_min": 0.3134765625,
            "y_max": 0.4853515625,
            "y_min": 0.4658203125,
            "prob": "0.641"
        },
        {
            "attributions": {
                "group": 0
            },
            "id": 6,
            "label": "Single_cell",
            "x_max": 0.3125,
            "x_min": 0.291015625,
            "y_max": 0.6240234375,
            "y_min": 0.60546875,
            "prob": "0.341"
        },
        {
            "attributions": {
                "group": 0
            },
            "id": 7,
            "label": "Single_cell",
            "x_max": 0.376953125,
            "x_min": 0.3603515625,
            "y_max": 0.900390625,
            "y_min": 0.8759765625,
            "prob": "0.334"
        }
    ]
}