{
    "image_height": 1024,
    "images_width": 1024,
    "images_path": "tile_44_57.png",
    "bboxes": [
        {
            "attributions": {
                "group": 0
            },
            "id": 0,
            "label": "Single_cell",
            "x_max": 0.51171875,
            "x_min": 0.453125,
            "y_max": 0.7421875,
            "y_min": 0.6884765625,
            "prob": "0.739"
        },
        {
            "attributions": {
                "group": 0
            },
            "id": 1,
            "label": "Single_cell",
            "x_max": 0.630859375,
            "x_min": 0.55859375,
            "y_max": 0.5771484375,
            "y_min": 0.5048828125,
            "prob": "0.738"
        },
        {
            "attributions": {
                "group": 0
            },
            "id": 2,
            "label": "Single_cell",
            "x_max": 0.765625,
            "x_min": 0.69921875,
            "y_max": 0.4951171875,
            "y_min": 0.44140625,
            "prob": "0.713"
        },
        {
            "attributions": {
                "group": 0
            },
            "id": 3,
            "label": "Single_cell",
            "x_max": 0.4716796875,
            "x_min": 0.4111328125,
            "y_max": 0.4365234375,
            "y_min": 0.3828125,
            "prob": "0.712"
        },
        {
            "attributions": {
                "group": 0
            },
            "id": 4,
            "label": "Single_cell",
            "x_max": 0.9091796875,
            "x_min": 0.8486328125,
            "y_max": 0.8076171875,
            "y_min": 0.7451171875,
            "prob": "0.704"
        },
        {
            "attributions": {
                "group": 0
            },
            "id": 5,
            "label": "Single_cell",
            "x_max": 0.9931640625,
            "x_min": 0.9326171875,
            "y_max": 0.6953125,
            "y_min": 0.6376953125,
            "prob": "0.685"
        },
        {
            "attributions": {
                "group": 0
            },
            "id": 6,
            "label": "Single_cell",
            "x_max": 0.5478515625,
            "x_min": 0.521484375,
            "y_max": 0.103515625,
            "y_min": 0.076171875,
            "prob": "0.451"
        },
        {
            "attributions": {
                "group": 0
            },
            "id": 7,
            "label": "Single_cell",
            "x_max": 0.71875,
            "x_min": 0.611328125,
            "y_max": 0.90625,
            "y_min": 0.8310546875,
            "prob": "0.412"
        },
        {
            "attributions": {
                "group": 0
            },
            "id": 8,
            "label": "Single_cell",
            "x_max": 0.427734375,
            "x_min": 0.400390625,
            "y_max": 0.7880859375,
            "y_min": 0.763671875,
            "prob": "0.387"
        },
        {
            "attributions": {
                "group": 0
            },
            "id": 9,
            "label": "Single_cell",
            "x_max": 0.9990234375,
            "x_min": 0.8642578125,
            "y_max": 0.3271484375,
            "y_min": 0.169921875,
            "prob": "0.315"
        }
    ]
}