{
    "image_height": 1024,
    "images_width": 1024,
    "images_path": "tile_51_46.png",
    "bboxes": [
        {
            "attributions": {
                "group": 0
            },
            "id": 0,
            "label": "Single_cell",
            "x_max": 0.2998046875,
            "x_min": 0.2021484375,
            "y_max": 0.90234375,
            "y_min": 0.80078125,
            "prob": "0.807"
        },
        {
            "attributions": {
                "group": 0
            },
            "id": 1,
            "label": "Single_cell",
            "x_max": 0.2646484375,
            "x_min": 0.1923828125,
            "y_max": 0.330078125,
            "y_min": 0.263671875,
            "prob": "0.743"
        },
        {
            "attributions": {
                "group": 0
            },
            "id": 2,
            "label": "Single_cell",
            "x_max": 0.4072265625,
            "x_min": 0.3427734375,
            "y_max": 0.380859375,
            "y_min": 0.32421875,
            "prob": "0.727"
        },
        {
            "attributions": {
                "group": 0
            },
            "id": 3,
            "label": "Single_cell",
            "x_max": 0.736328125,
            "x_min": 0.6787109375,
            "y_max": 0.486328125,
            "y_min": 0.423828125,
            "prob": "0.718"
        },
        {
            "attributions": {
                "group": 0
            },
            "id": 4,
            "label": "Single_cell",
            "x_max": 0.8046875,
            "x_min": 0.70703125,
            "y_max": 0.7490234375,
            "y_min": 0.6904296875,
            "prob": "0.574"
        },
        {
            "attributions": {
                "group": 0
            },
            "id": 5,
            "label": "Single_cell",
            "x_max": 0.064453125,
            "x_min": 0.0078125,
            "y_max": 0.10546875,
            "y_min": 0.0595703125,
            "prob": "0.557"
        },
        {
            "attributions": {
                "group": 0
            },
            "id": 6,
            "label": "Single_cell",
            "x_max": 0.1103515625,
            "x_min": 0.0869140625,
            "y_max": 0.86328125,
            "y_min": 0.8427734375,
            "prob": "0.401"
        }
    ]
}