{
    "image_height": 1024,
    "images_width": 1024,
    "images_path": "tile_29_41.png",
    "bboxes": [
        {
            "attributions": {
                "group": 0
            },
            "id": 0,
            "label": "Single_cell",
            "x_max": 0.3583984375,
            "x_min": 0.2802734375,
            "y_max": 0.349609375,
            "y_min": 0.26953125,
            "prob": "0.801"
        },
        {
            "attributions": {
                "group": 0
            },
            "id": 1,
            "label": "Single_cell",
            "x_max": 0.228515625,
            "x_min": 0.1201171875,
            "y_max": 0.314453125,
            "y_min": 0.2041015625,
            "prob": "0.798"
        },
        {
            "attributions": {
                "group": 0
            },
            "id": 2,
            "label": "Single_cell",
            "x_max": 0.966796875,
            "x_min": 0.888671875,
            "y_max": 0.05859375,
            "y_min": -0.0009765625,
            "prob": "0.765"
        },
        {
            "attributions": {
                "group": 0
            },
            "id": 3,
            "label": "Single_cell",
            "x_max": 0.8857421875,
            "x_min": 0.8251953125,
            "y_max": 0.232421875,
            "y_min": 0.171875,
            "prob": "0.646"
        },
        {
            "attributions": {
                "group": 0
            },
            "id": 4,
            "label": "Single_cell",
            "x_max": 0.361328125,
            "x_min": 0.2939453125,
            "y_max": 0.2490234375,
            "y_min": 0.1875,
            "prob": "0.581"
        },
        {
            "attributions": {
                "group": 0
            },
            "id": 5,
            "label": "Single_cell",
            "x_max": 0.2373046875,
            "x_min": 0.1796875,
            "y_max": 0.8720703125,
            "y_min": 0.814453125,
            "prob": "0.543"
        },
        {
            "attributions": {
                "group": 0
            },
            "id": 6,
            "label": "Single_cell",
            "x_max": 1.0,
            "x_min": 0.9541015625,
            "y_max": 0.724609375,
            "y_min": 0.6240234375,
            "prob": "0.533"
        },
        {
            "attributions": {
                "group": 0
            },
            "id": 7,
            "label": "Single_cell",
            "x_max": 0.896484375,
            "x_min": 0.830078125,
            "y_max": 0.11328125,
            "y_min": 0.03515625,
            "prob": "0.518"
        },
        {
            "attributions": {
                "group": 0
            },
            "id": 8,
            "label": "Single_cell",
            "x_max": 0.8369140625,
            "x_min": 0.765625,
            "y_max": 0.2646484375,
            "y_min": 0.1240234375,
            "prob": "0.315"
        }
    ]
}