{
    "version": "4.5.9",
    "flags": {},
    "shapes": [
        {
            "label": "foreground",
            "points": [
                [
                    [
                        7,
                        1
                    ],
                    [
                        6,
                        2
                    ],
                    [
                        5,
                        2
                    ],
                    [
                        4,
                        3
                    ],
                    [
                        2,
                        3
                    ],
                    [
                        1,
                        4
                    ],
                    [
                        1,
                        18
                    ],
                    [
                        2,
                        19
                    ],
                    [
                        3,
                        19
                    ],
                    [
                        4,
                        20
                    ],
                    [
                        4,
                        21
                    ],
                    [
                        5,
                        22
                    ],
                    [
                        5,
                        23
                    ],
                    [
                        6,
                        24
                    ],
                    [
                        10,
                        24
                    ],
                    [
                        11,
                        25
                    ],
                    [
                        13,
                        25
                    ],
                    [
                        14,
                        26
                    ],
                    [
                        15,
                        25
                    ],
                    [
                        16,
                        25
                    ],
                    [
                        19,
                        22
                    ],
                    [
                        20,
                        22
                    ],
                    [
                        21,
                        21
                    ],
                    [
                        22,
                        21
                    ],
                    [
                        24,
                        19
                    ],
                    [
                        25,
                        19
                    ],
                    [
                        26,
                        18
                    ],
                    [
                        30,
                        18
                    ],
                    [
                        32,
                        20
                    ],
                    [
                        32,
                        26
                    ],
                    [
                        33,
                        27
                    ],
                    [
                        33,
                        28
                    ],
                    [
                        31,
                        30
                    ],
                    [
                        31,
                        33
                    ],
                    [
                        30,
                        34
                    ],
                    [
                        30,
                        41
                    ],
                    [
                        28,
                        43
                    ],
                    [
                        28,
                        46
                    ],
                    [
                        26,
                        48
                    ],
                    [
                        26,
                        51
                    ],
                    [
                        27,
                        51
                    ],
                    [
                        29,
                        53
                    ],
                    [
                        28,
                        54
                    ],
                    [
                        26,
                        54
                    ],
                    [
                        25,
                        55
                    ],
                    [
                        24,
                        55
                    ],
                    [
                        24,
                        56
                    ],
                    [
                        21,
                        59
                    ],
                    [
                        20,
                        59
                    ],
                    [
                        18,
                        61
                    ],
                    [
                        16,
                        61
                    ],
                    [
                        15,
                        62
                    ],
                    [
                        15,
                        63
                    ],
                    [
                        14,
                        64
                    ],
                    [
                        14,
                        68
                    ],
                    [
                        15,
                        69
                    ],
                    [
                        15,
                        71
                    ],
                    [
                        16,
                        72
                    ],
                    [
                        16,
                        76
                    ],
                    [
                        17,
                        77
                    ],
                    [
                        17,
                        79
                    ],
                    [
                        18,
                        80
                    ],
                    [
                        18,
                        81
                    ],
                    [
                        20,
                        83
                    ],
                    [
                        20,
                        84
                    ],
                    [
                        21,
                        85
                    ],
                    [
                        21,
                        87
                    ],
                    [
                        22,
                        88
                    ],
                    [
                        22,
                        89
                    ],
                    [
                        27,
                        94
                    ],
                    [
                        28,
                        94
                    ],
                    [
                        29,
                        95
                    ],
                    [
                        30,
                        95
                    ],
                    [
                        31,
                        94
                    ],
                    [
                        31,
                        93
                    ],
                    [
                        37,
                        87
                    ],
                    [
                        38,
                        87
                    ],
                    [
                        39,
                        86
                    ],
                    [
                        40,
                        86
                    ],
                    [
                        41,
                        85
                    ],
                    [
                        43,
                        85
                    ],
                    [
                        44,
                        84
                    ],
                    [
                        56,
                        84
                    ],
                    [
                        58,
                        82
                    ],
                    [
                        59,
                        82
                    ],
                    [
                        60,
                        81
                    ],
                    [
                        61,
                        81
                    ],
                    [
                        62,
                        80
                    ],
                    [
                        66,
                        80
                    ],
                    [
                        67,
                        79
                    ],
                    [
                        68,
                        79
                    ],
                    [
                        73,
                        74
                    ],
                    [
                        74,
                        74
                    ],
                    [
                        76,
                        72
                    ],
                    [
                        76,
                        69
                    ],
                    [
                        74,
                        67
                    ],
                    [
                        77,
                        64
                    ],
                    [
                        79,
                        64
                    ],
                    [
                        80,
                        63
                    ],
                    [
                        80,
                        62
                    ],
                    [
                        82,
                        60
                    ],
                    [
                        82,
                        59
                    ],
                    [
                        89,
                        52
                    ],
                    [
                        89,
                        51
                    ],
                    [
                        91,
                        49
                    ],
                    [
                        92,
                        49
                    ],
                    [
                        94,
                        47
                    ],
                    [
                        96,
                        47
                    ],
                    [
                        97,
                        46
                    ],
                    [
                        98,
                        46
                    ],
                    [
                        99,
                        45
                    ],
                    [
                        99,
                        44
                    ],
                    [
                        104,
                        39
                    ],
                    [
                        104,
                        38
                    ],
                    [
                        111,
                        31
                    ],
                    [
                        111,
                        30
                    ],
                    [
                        114,
                        27
                    ],
                    [
                        114,
                        26
                    ],
                    [
                        116,
                        24
                    ],
                    [
                        116,
                        23
                    ],
                    [
                        117,
                        22
                    ],
                    [
                        117,
                        15
                    ],
                    [
                        116,
                        14
                    ],
                    [
                        116,
                        4
                    ],
                    [
                        115,
                        4
                    ],
                    [
                        114,
                        5
                    ],
                    [
                        113,
                        5
                    ],
                    [
                        113,
                        7
                    ],
                    [
                        111,
                        9
                    ],
                    [
                        109,
                        9
                    ],
                    [
                        108,
                        10
                    ],
                    [
                        107,
                        10
                    ],
                    [
                        106,
                        9
                    ],
                    [
                        105,
                        9
                    ],
                    [
                        104,
                        8
                    ],
                    [
                        104,
                        7
                    ],
                    [
                        103,
                        6
                    ],
                    [
                        103,
                        5
                    ],
                    [
                        102,
                        4
                    ],
                    [
                        104,
                        2
                    ],
                    [
                        105,
                        3
                    ],
                    [
                        106,
                        3
                    ],
                    [
                        107,
                        2
                    ],
                    [
                        93,
                        2
                    ],
                    [
                        92,
                        1
                    ],
                    [
                        87,
                        1
                    ],
                    [
                        86,
                        2
                    ],
                    [
                        86,
                        4
                    ],
                    [
                        85,
                        5
                    ],
                    [
                        84,
                        5
                    ],
                    [
                        83,
                        6
                    ],
                    [
                        79,
                        6
                    ],
                    [
                        78,
                        5
                    ],
                    [
                        78,
                        4
                    ],
                    [
                        80,
                        2
                    ],
                    [
                        80,
                        1
                    ],
                    [
                        71,
                        1
                    ],
                    [
                        70,
                        2
                    ],
                    [
                        68,
                        2
                    ],
                    [
                        67,
                        1
                    ],
                    [
                        51,
                        1
                    ],
                    [
                        50,
                        2
                    ],
                    [
                        49,
                        1
                    ],
                    [
                        37,
                        1
                    ],
                    [
                        36,
                        2
                    ],
                    [
                        34,
                        2
                    ],
                    [
                        33,
                        1
                    ],
                    [
                        31,
                        1
                    ],
                    [
                        30,
                        2
                    ],
                    [
                        29,
                        2
                    ],
                    [
                        28,
                        1
                    ]
                ]
            ],
            "group_id": null,
            "shape_type": "polygon",
            "flags": {}
        }
    ],
    "imagePath": "0.5327_good_tile_58_40_5.png",
    "imageData": null,
    "imageHeight": 224,
    "imageWidth": 224
}