{
    "version": "4.5.9",
    "flags": {},
    "shapes": [
        {
            "label": "foreground",
            "points": [
                [
                    [
                        30,
                        15
                    ],
                    [
                        29,
                        16
                    ],
                    [
                        29,
                        18
                    ],
                    [
                        28,
                        19
                    ],
                    [
                        27,
                        19
                    ],
                    [
                        25,
                        21
                    ],
                    [
                        24,
                        21
                    ],
                    [
                        23,
                        22
                    ],
                    [
                        22,
                        22
                    ],
                    [
                        22,
                        24
                    ],
                    [
                        23,
                        25
                    ],
                    [
                        22,
                        26
                    ],
                    [
                        23,
                        27
                    ],
                    [
                        22,
                        28
                    ],
                    [
                        20,
                        28
                    ],
                    [
                        19,
                        27
                    ],
                    [
                        20,
                        26
                    ],
                    [
                        20,
                        25
                    ],
                    [
                        19,
                        25
                    ],
                    [
                        18,
                        26
                    ],
                    [
                        19,
                        27
                    ],
                    [
                        17,
                        29
                    ],
                    [
                        11,
                        29
                    ],
                    [
                        11,
                        31
                    ],
                    [
                        10,
                        32
                    ],
                    [
                        9,
                        32
                    ],
                    [
                        8,
                        33
                    ],
                    [
                        7,
                        33
                    ],
                    [
                        6,
                        34
                    ],
                    [
                        5,
                        34
                    ],
                    [
                        4,
                        33
                    ],
                    [
                        3,
                        33
                    ],
                    [
                        2,
                        34
                    ],
                    [
                        2,
                        37
                    ],
                    [
                        3,
                        38
                    ],
                    [
                        4,
                        38
                    ],
                    [
                        5,
                        39
                    ],
                    [
                        6,
                        39
                    ],
                    [
                        7,
                        40
                    ],
                    [
                        8,
                        40
                    ],
                    [
                        11,
                        43
                    ],
                    [
                        11,
                        44
                    ],
                    [
                        12,
                        45
                    ],
                    [
                        12,
                        48
                    ],
                    [
                        13,
                        49
                    ],
                    [
                        13,
                        50
                    ],
                    [
                        15,
                        52
                    ],
                    [
                        16,
                        52
                    ],
                    [
                        18,
                        54
                    ],
                    [
                        18,
                        55
                    ],
                    [
                        21,
                        58
                    ],
                    [
                        21,
                        59
                    ],
                    [
                        28,
                        66
                    ],
                    [
                        29,
                        66
                    ],
                    [
                        30,
                        67
                    ],
                    [
                        32,
                        67
                    ],
                    [
                        33,
                        68
                    ],
                    [
                        35,
                        68
                    ],
                    [
                        36,
                        69
                    ],
                    [
                        38,
                        69
                    ],
                    [
                        39,
                        68
                    ],
                    [
                        41,
                        68
                    ],
                    [
                        42,
                        67
                    ],
                    [
                        43,
                        67
                    ],
                    [
                        44,
                        66
                    ],
                    [
                        44,
                        65
                    ],
                    [
                        47,
                        62
                    ],
                    [
                        47,
                        60
                    ],
                    [
                        48,
                        59
                    ],
                    [
                        48,
                        58
                    ],
                    [
                        49,
                        57
                    ],
                    [
                        49,
                        56
                    ],
                    [
                        50,
                        55
                    ],
                    [
                        50,
                        54
                    ],
                    [
                        53,
                        51
                    ],
                    [
                        53,
                        50
                    ],
                    [
                        54,
                        49
                    ],
                    [
                        54,
                        46
                    ],
                    [
                        55,
                        45
                    ],
                    [
                        55,
                        40
                    ],
                    [
                        56,
                        39
                    ],
                    [
                        56,
                        36
                    ],
                    [
                        55,
                        35
                    ],
                    [
                        55,
                        33
                    ],
                    [
                        54,
                        32
                    ],
                    [
                        54,
                        29
                    ],
                    [
                        53,
                        28
                    ],
                    [
                        53,
                        27
                    ],
                    [
                        52,
                        26
                    ],
                    [
                        52,
                        24
                    ],
                    [
                        51,
                        23
                    ],
                    [
                        51,
                        22
                    ],
                    [
                        48,
                        19
                    ],
                    [
                        48,
                        18
                    ],
                    [
                        47,
                        18
                    ],
                    [
                        46,
                        17
                    ],
                    [
                        44,
                        17
                    ],
                    [
                        43,
                        16
                    ],
                    [
                        38,
                        16
                    ],
                    [
                        37,
                        15
                    ],
                    [
                        35,
                        15
                    ],
                    [
                        34,
                        16
                    ],
                    [
                        32,
                        16
                    ],
                    [
                        31,
                        15
                    ]
                ]
            ],
            "group_id": null,
            "shape_type": "polygon",
            "flags": {}
        }
    ],
    "imagePath": "0.5437_good_tile_50_55_1.png",
    "imageData": null,
    "imageHeight": 224,
    "imageWidth": 224
}