{
    "version": "4.5.9",
    "flags": {},
    "shapes": [
        {
            "label": "foreground",
            "points": [
                [
                    [
                        27,
                        17
                    ],
                    [
                        26,
                        18
                    ],
                    [
                        24,
                        18
                    ],
                    [
                        23,
                        19
                    ],
                    [
                        21,
                        19
                    ],
                    [
                        20,
                        20
                    ],
                    [
                        19,
                        20
                    ],
                    [
                        16,
                        23
                    ],
                    [
                        16,
                        25
                    ],
                    [
                        15,
                        26
                    ],
                    [
                        15,
                        30
                    ],
                    [
                        14,
                        31
                    ],
                    [
                        15,
                        32
                    ],
                    [
                        15,
                        35
                    ],
                    [
                        16,
                        36
                    ],
                    [
                        16,
                        38
                    ],
                    [
                        18,
                        40
                    ],
                    [
                        18,
                        41
                    ],
                    [
                        19,
                        42
                    ],
                    [
                        19,
                        44
                    ],
                    [
                        20,
                        45
                    ],
                    [
                        20,
                        48
                    ],
                    [
                        21,
                        49
                    ],
                    [
                        21,
                        51
                    ],
                    [
                        22,
                        51
                    ],
                    [
                        25,
                        54
                    ],
                    [
                        29,
                        54
                    ],
                    [
                        33,
                        50
                    ],
                    [
                        34,
                        50
                    ],
                    [
                        36,
                        48
                    ],
                    [
                        37,
                        48
                    ],
                    [
                        38,
                        47
                    ],
                    [
                        39,
                        47
                    ],
                    [
                        43,
                        43
                    ],
                    [
                        44,
                        43
                    ],
                    [
                        44,
                        42
                    ],
                    [
                        45,
                        41
                    ],
                    [
                        45,
                        39
                    ],
                    [
                        46,
                        38
                    ],
                    [
                        46,
                        37
                    ],
                    [
                        47,
                        36
                    ],
                    [
                        47,
                        25
                    ],
                    [
                        46,
                        24
                    ],
                    [
                        46,
                        23
                    ],
                    [
                        45,
                        23
                    ],
                    [
                        44,
                        22
                    ],
                    [
                        43,
                        22
                    ],
                    [
                        42,
                        21
                    ],
                    [
                        41,
                        21
                    ],
                    [
                        39,
                        19
                    ],
                    [
                        38,
                        19
                    ],
                    [
                        37,
                        18
                    ],
                    [
                        36,
                        18
                    ],
                    [
                        35,
                        17
                    ],
                    [
                        32,
                        17
                    ],
                    [
                        31,
                        18
                    ],
                    [
                        29,
                        18
                    ],
                    [
                        28,
                        17
                    ]
                ]
            ],
            "group_id": null,
            "shape_type": "polygon",
            "flags": {}
        }
    ],
    "imagePath": "0.8084_good_tile_44_57_4.png",
    "imageData": null,
    "imageHeight": 224,
    "imageWidth": 224
}