{
    "version": "4.5.9",
    "flags": {},
    "shapes": [
        {
            "label": "foreground",
            "points": [
                [
                    [
                        11,
                        15
                    ],
                    [
                        11,
                        16
                    ],
                    [
                        12,
                        17
                    ],
                    [
                        13,
                        16
                    ],
                    [
                        14,
                        17
                    ],
                    [
                        14,
                        18
                    ],
                    [
                        15,
                        19
                    ],
                    [
                        15,
                        20
                    ],
                    [
                        16,
                        21
                    ],
                    [
                        18,
                        21
                    ],
                    [
                        20,
                        23
                    ],
                    [
                        20,
                        26
                    ],
                    [
                        21,
                        27
                    ],
                    [
                        21,
                        28
                    ],
                    [
                        22,
                        29
                    ],
                    [
                        23,
                        29
                    ],
                    [
                        24,
                        28
                    ],
                    [
                        26,
                        30
                    ],
                    [
                        26,
                        31
                    ],
                    [
                        29,
                        34
                    ],
                    [
                        30,
                        34
                    ],
                    [
                        33,
                        37
                    ],
                    [
                        35,
                        37
                    ],
                    [
                        36,
                        38
                    ],
                    [
                        36,
                        39
                    ],
                    [
                        37,
                        40
                    ],
                    [
                        37,
                        41
                    ],
                    [
                        39,
                        43
                    ],
                    [
                        40,
                        43
                    ],
                    [
                        41,
                        44
                    ],
                    [
                        42,
                        44
                    ],
                    [
                        44,
                        46
                    ],
                    [
                        44,
                        47
                    ],
                    [
                        45,
                        47
                    ],
                    [
                        46,
                        48
                    ],
                    [
                        48,
                        48
                    ],
                    [
                        49,
                        49
                    ],
                    [
                        50,
                        49
                    ],
                    [
                        51,
                        50
                    ],
                    [
                        52,
                        50
                    ],
                    [
                        53,
                        51
                    ],
                    [
                        55,
                        51
                    ],
                    [
                        56,
                        52
                    ],
                    [
                        60,
                        52
                    ],
                    [
                        61,
                        53
                    ],
                    [
                        61,
                        55
                    ],
                    [
                        62,
                        55
                    ],
                    [
                        63,
                        56
                    ],
                    [
                        65,
                        56
                    ],
                    [
                        66,
                        57
                    ],
                    [
                        73,
                        57
                    ],
                    [
                        74,
                        58
                    ],
                    [
                        76,
                        58
                    ],
                    [
                        77,
                        59
                    ],
                    [
                        80,
                        59
                    ],
                    [
                        81,
                        60
                    ],
                    [
                        82,
                        60
                    ],
                    [
                        83,
                        59
                    ],
                    [
                        84,
                        60
                    ],
                    [
                        89,
                        60
                    ],
                    [
                        90,
                        59
                    ],
                    [
                        90,
                        58
                    ],
                    [
                        91,
                        57
                    ],
                    [
                        91,
                        54
                    ],
                    [
                        90,
                        53
                    ],
                    [
                        89,
                        53
                    ],
                    [
                        85,
                        49
                    ],
                    [
                        84,
                        49
                    ],
                    [
                        82,
                        47
                    ],
                    [
                        81,
                        47
                    ],
                    [
                        78,
                        44
                    ],
                    [
                        77,
                        44
                    ],
                    [
                        76,
                        43
                    ],
                    [
                        74,
                        43
                    ],
                    [
                        73,
                        42
                    ],
                    [
                        71,
                        42
                    ],
                    [
                        70,
                        41
                    ],
                    [
                        67,
                        41
                    ],
                    [
                        62,
                        36
                    ],
                    [
                        61,
                        36
                    ],
                    [
                        56,
                        31
                    ],
                    [
                        55,
                        31
                    ],
                    [
                        53,
                        29
                    ],
                    [
                        52,
                        29
                    ],
                    [
                        50,
                        27
                    ],
                    [
                        49,
                        27
                    ],
                    [
                        48,
                        26
                    ],
                    [
                        46,
                        26
                    ],
                    [
                        45,
                        25
                    ],
                    [
                        43,
                        25
                    ],
                    [
                        42,
                        24
                    ],
                    [
                        41,
                        24
                    ],
                    [
                        40,
                        23
                    ],
                    [
                        39,
                        23
                    ],
                    [
                        38,
                        22
                    ],
                    [
                        36,
                        22
                    ],
                    [
                        35,
                        21
                    ],
                    [
                        30,
                        21
                    ],
                    [
                        29,
                        22
                    ],
                    [
                        28,
                        22
                    ],
                    [
                        27,
                        21
                    ],
                    [
                        27,
                        18
                    ],
                    [
                        26,
                        17
                    ],
                    [
                        20,
                        17
                    ],
                    [
                        18,
                        15
                    ],
                    [
                        16,
                        15
                    ],
                    [
                        15,
                        16
                    ],
                    [
                        14,
                        16
                    ],
                    [
                        13,
                        15
                    ]
                ]
            ],
            "group_id": null,
            "shape_type": "polygon",
            "flags": {}
        }
    ],
    "imagePath": "0.9157_good_tile_44_57_7.png",
    "imageData": null,
    "imageHeight": 224,
    "imageWidth": 224
}