{
    "version": "4.5.9",
    "flags": {},
    "shapes": [
        {
            "label": "foreground",
            "points": [
                [
                    [
                        29,
                        14
                    ],
                    [
                        28,
                        15
                    ],
                    [
                        26,
                        15
                    ],
                    [
                        25,
                        16
                    ],
                    [
                        24,
                        16
                    ],
                    [
                        19,
                        21
                    ],
                    [
                        18,
                        21
                    ],
                    [
                        18,
                        22
                    ],
                    [
                        16,
                        24
                    ],
                    [
                        16,
                        25
                    ],
                    [
                        14,
                        27
                    ],
                    [
                        14,
                        39
                    ],
                    [
                        15,
                        40
                    ],
                    [
                        15,
                        41
                    ],
                    [
                        18,
                        44
                    ],
                    [
                        20,
                        44
                    ],
                    [
                        21,
                        45
                    ],
                    [
                        23,
                        45
                    ],
                    [
                        24,
                        46
                    ],
                    [
                        35,
                        46
                    ],
                    [
                        36,
                        45
                    ],
                    [
                        37,
                        45
                    ],
                    [
                        38,
                        44
                    ],
                    [
                        39,
                        44
                    ],
                    [
                        45,
                        38
                    ],
                    [
                        45,
                        36
                    ],
                    [
                        46,
                        35
                    ],
                    [
                        46,
                        32
                    ],
                    [
                        47,
                        31
                    ],
                    [
                        47,
                        28
                    ],
                    [
                        46,
                        27
                    ],
                    [
                        46,
                        24
                    ],
                    [
                        44,
                        22
                    ],
                    [
                        44,
                        21
                    ],
                    [
                        39,
                        16
                    ],
                    [
                        37,
                        16
                    ],
                    [
                        36,
                        15
                    ],
                    [
                        32,
                        15
                    ],
                    [
                        31,
                        14
                    ]
                ]
            ],
            "group_id": null,
            "shape_type": "polygon",
            "flags": {}
        }
    ],
    "imagePath": "0.9467_good_tile_44_57_0.png",
    "imageData": null,
    "imageHeight": 224,
    "imageWidth": 224
}