{
    "version": "4.5.9",
    "flags": {},
    "shapes": [
        {
            "label": "foreground",
            "points": [
                [
                    [
                        32,
                        15
                    ],
                    [
                        31,
                        16
                    ],
                    [
                        29,
                        16
                    ],
                    [
                        28,
                        17
                    ],
                    [
                        27,
                        17
                    ],
                    [
                        25,
                        19
                    ],
                    [
                        24,
                        19
                    ],
                    [
                        18,
                        25
                    ],
                    [
                        18,
                        26
                    ],
                    [
                        16,
                        28
                    ],
                    [
                        16,
                        33
                    ],
                    [
                        17,
                        34
                    ],
                    [
                        17,
                        35
                    ],
                    [
                        19,
                        37
                    ],
                    [
                        19,
                        38
                    ],
                    [
                        23,
                        42
                    ],
                    [
                        24,
                        42
                    ],
                    [
                        25,
                        43
                    ],
                    [
                        26,
                        43
                    ],
                    [
                        27,
                        44
                    ],
                    [
                        28,
                        44
                    ],
                    [
                        29,
                        45
                    ],
                    [
                        30,
                        45
                    ],
                    [
                        31,
                        46
                    ],
                    [
                        32,
                        46
                    ],
                    [
                        33,
                        47
                    ],
                    [
                        34,
                        47
                    ],
                    [
                        35,
                        48
                    ],
                    [
                        35,
                        49
                    ],
                    [
                        36,
                        50
                    ],
                    [
                        37,
                        50
                    ],
                    [
                        38,
                        51
                    ],
                    [
                        39,
                        51
                    ],
                    [
                        42,
                        48
                    ],
                    [
                        42,
                        41
                    ],
                    [
                        47,
                        36
                    ],
                    [
                        47,
                        35
                    ],
                    [
                        48,
                        34
                    ],
                    [
                        48,
                        33
                    ],
                    [
                        49,
                        32
                    ],
                    [
                        49,
                        23
                    ],
                    [
                        48,
                        22
                    ],
                    [
                        48,
                        20
                    ],
                    [
                        45,
                        17
                    ],
                    [
                        44,
                        17
                    ],
                    [
                        42,
                        15
                    ]
                ]
            ],
            "group_id": null,
            "shape_type": "polygon",
            "flags": {}
        }
    ],
    "imagePath": "0.9561_good_tile_44_57_5.png",
    "imageData": null,
    "imageHeight": 224,
    "imageWidth": 224
}