{
    "version": "4.5.9",
    "flags": {},
    "shapes": [
        {
            "label": "foreground",
            "points": [
                [
                    [
                        28,
                        20
                    ],
                    [
                        27,
                        21
                    ],
                    [
                        26,
                        21
                    ],
                    [
                        24,
                        23
                    ],
                    [
                        23,
                        23
                    ],
                    [
                        20,
                        26
                    ],
                    [
                        20,
                        27
                    ],
                    [
                        19,
                        28
                    ],
                    [
                        19,
                        30
                    ],
                    [
                        18,
                        31
                    ],
                    [
                        18,
                        33
                    ],
                    [
                        17,
                        34
                    ],
                    [
                        17,
                        44
                    ],
                    [
                        18,
                        45
                    ],
                    [
                        18,
                        54
                    ],
                    [
                        17,
                        55
                    ],
                    [
                        17,
                        56
                    ],
                    [
                        20,
                        59
                    ],
                    [
                        20,
                        60
                    ],
                    [
                        23,
                        63
                    ],
                    [
                        26,
                        63
                    ],
                    [
                        27,
                        62
                    ],
                    [
                        28,
                        62
                    ],
                    [
                        30,
                        60
                    ],
                    [
                        33,
                        60
                    ],
                    [
                        38,
                        55
                    ],
                    [
                        42,
                        55
                    ],
                    [
                        43,
                        56
                    ],
                    [
                        44,
                        56
                    ],
                    [
                        45,
                        55
                    ],
                    [
                        45,
                        54
                    ],
                    [
                        50,
                        49
                    ],
                    [
                        50,
                        48
                    ],
                    [
                        51,
                        47
                    ],
                    [
                        51,
                        45
                    ],
                    [
                        52,
                        44
                    ],
                    [
                        52,
                        40
                    ],
                    [
                        53,
                        39
                    ],
                    [
                        53,
                        37
                    ],
                    [
                        52,
                        36
                    ],
                    [
                        52,
                        32
                    ],
                    [
                        48,
                        28
                    ],
                    [
                        48,
                        27
                    ],
                    [
                        47,
                        27
                    ],
                    [
                        46,
                        26
                    ],
                    [
                        45,
                        26
                    ],
                    [
                        44,
                        25
                    ],
                    [
                        42,
                        25
                    ],
                    [
                        41,
                        24
                    ],
                    [
                        40,
                        24
                    ],
                    [
                        38,
                        22
                    ],
                    [
                        38,
                        21
                    ],
                    [
                        37,
                        20
                    ]
                ]
            ],
            "group_id": null,
            "shape_type": "polygon",
            "flags": {}
        }
    ],
    "imagePath": "0.9567_good_tile_58_40_2.png",
    "imageData": null,
    "imageHeight": 224,
    "imageWidth": 224
}