{
    "version": "4.5.9",
    "flags": {},
    "shapes": [
        {
            "label": "foreground",
            "points": [
                [
                    [
                        28,
                        5
                    ],
                    [
                        27,
                        6
                    ],
                    [
                        26,
                        6
                    ],
                    [
                        24,
                        8
                    ],
                    [
                        23,
                        8
                    ],
                    [
                        23,
                        9
                    ],
                    [
                        20,
                        12
                    ],
                    [
                        21,
                        13
                    ],
                    [
                        17,
                        17
                    ],
                    [
                        17,
                        19
                    ],
                    [
                        16,
                        20
                    ],
                    [
                        16,
                        22
                    ],
                    [
                        14,
                        24
                    ],
                    [
                        14,
                        26
                    ],
                    [
                        13,
                        27
                    ],
                    [
                        13,
                        29
                    ],
                    [
                        12,
                        30
                    ],
                    [
                        11,
                        30
                    ],
                    [
                        10,
                        31
                    ],
                    [
                        9,
                        31
                    ],
                    [
                        9,
                        35
                    ],
                    [
                        11,
                        37
                    ],
                    [
                        11,
                        38
                    ],
                    [
                        12,
                        39
                    ],
                    [
                        12,
                        44
                    ],
                    [
                        13,
                        45
                    ],
                    [
                        13,
                        47
                    ],
                    [
                        14,
                        48
                    ],
                    [
                        14,
                        52
                    ],
                    [
                        15,
                        53
                    ],
                    [
                        15,
                        54
                    ],
                    [
                        20,
                        59
                    ],
                    [
                        20,
                        60
                    ],
                    [
                        21,
                        61
                    ],
                    [
                        21,
                        63
                    ],
                    [
                        22,
                        64
                    ],
                    [
                        24,
                        64
                    ],
                    [
                        28,
                        68
                    ],
                    [
                        28,
                        69
                    ],
                    [
                        30,
                        71
                    ],
                    [
                        31,
                        71
                    ],
                    [
                        32,
                        72
                    ],
                    [
                        33,
                        72
                    ],
                    [
                        35,
                        74
                    ],
                    [
                        36,
                        74
                    ],
                    [
                        37,
                        75
                    ],
                    [
                        39,
                        75
                    ],
                    [
                        40,
                        76
                    ],
                    [
                        42,
                        76
                    ],
                    [
                        43,
                        77
                    ],
                    [
                        46,
                        77
                    ],
                    [
                        47,
                        78
                    ],
                    [
                        56,
                        78
                    ],
                    [
                        57,
                        77
                    ],
                    [
                        65,
                        77
                    ],
                    [
                        66,
                        76
                    ],
                    [
                        67,
                        76
                    ],
                    [
                        69,
                        74
                    ],
                    [
                        70,
                        74
                    ],
                    [
                        71,
                        73
                    ],
                    [
                        72,
                        73
                    ],
                    [
                        73,
                        72
                    ],
                    [
                        74,
                        72
                    ],
                    [
                        76,
                        70
                    ],
                    [
                        77,
                        70
                    ],
                    [
                        79,
                        68
                    ],
                    [
                        79,
                        67
                    ],
                    [
                        81,
                        65
                    ],
                    [
                        81,
                        64
                    ],
                    [
                        82,
                        63
                    ],
                    [
                        82,
                        62
                    ],
                    [
                        83,
                        61
                    ],
                    [
                        83,
                        59
                    ],
                    [
                        84,
                        58
                    ],
                    [
                        84,
                        57
                    ],
                    [
                        85,
                        56
                    ],
                    [
                        85,
                        51
                    ],
                    [
                        84,
                        50
                    ],
                    [
                        84,
                        48
                    ],
                    [
                        83,
                        47
                    ],
                    [
                        83,
                        43
                    ],
                    [
                        82,
                        42
                    ],
                    [
                        82,
                        39
                    ],
                    [
                        80,
                        37
                    ],
                    [
                        80,
                        35
                    ],
                    [
                        79,
                        34
                    ],
                    [
                        79,
                        32
                    ],
                    [
                        75,
                        28
                    ],
                    [
                        75,
                        27
                    ],
                    [
                        74,
                        26
                    ],
                    [
                        74,
                        23
                    ],
                    [
                        73,
                        23
                    ],
                    [
                        69,
                        19
                    ],
                    [
                        68,
                        19
                    ],
                    [
                        66,
                        17
                    ],
                    [
                        65,
                        17
                    ],
                    [
                        64,
                        16
                    ],
                    [
                        63,
                        17
                    ],
                    [
                        62,
                        16
                    ],
                    [
                        61,
                        17
                    ],
                    [
                        60,
                        16
                    ],
                    [
                        57,
                        16
                    ],
                    [
                        56,
                        15
                    ],
                    [
                        53,
                        15
                    ],
                    [
                        52,
                        14
                    ],
                    [
                        51,
                        14
                    ],
                    [
                        50,
                        13
                    ],
                    [
                        50,
                        12
                    ],
                    [
                        48,
                        10
                    ],
                    [
                        47,
                        10
                    ],
                    [
                        45,
                        8
                    ],
                    [
                        44,
                        8
                    ],
                    [
                        42,
                        6
                    ],
                    [
                        39,
                        6
                    ],
                    [
                        38,
                        5
                    ]
                ]
            ],
            "group_id": null,
            "shape_type": "polygon",
            "flags": {}
        }
    ],
    "imagePath": "0.9618_good_tile_12_25_0.png",
    "imageData": null,
    "imageHeight": 224,
    "imageWidth": 224
}