{
    "version": "4.5.9",
    "flags": {},
    "shapes": [
        {
            "label": "foreground",
            "points": [
                [
                    [
                        27,
                        11
                    ],
                    [
                        26,
                        12
                    ],
                    [
                        23,
                        12
                    ],
                    [
                        22,
                        13
                    ],
                    [
                        20,
                        13
                    ],
                    [
                        15,
                        18
                    ],
                    [
                        15,
                        19
                    ],
                    [
                        13,
                        21
                    ],
                    [
                        13,
                        22
                    ],
                    [
                        12,
                        23
                    ],
                    [
                        12,
                        35
                    ],
                    [
                        16,
                        39
                    ],
                    [
                        16,
                        40
                    ],
                    [
                        17,
                        40
                    ],
                    [
                        18,
                        41
                    ],
                    [
                        17,
                        42
                    ],
                    [
                        17,
                        43
                    ],
                    [
                        18,
                        44
                    ],
                    [
                        20,
                        44
                    ],
                    [
                        21,
                        43
                    ],
                    [
                        28,
                        43
                    ],
                    [
                        29,
                        42
                    ],
                    [
                        30,
                        42
                    ],
                    [
                        31,
                        41
                    ],
                    [
                        32,
                        41
                    ],
                    [
                        38,
                        35
                    ],
                    [
                        38,
                        34
                    ],
                    [
                        39,
                        33
                    ],
                    [
                        39,
                        32
                    ],
                    [
                        40,
                        31
                    ],
                    [
                        40,
                        27
                    ],
                    [
                        41,
                        26
                    ],
                    [
                        41,
                        24
                    ],
                    [
                        40,
                        23
                    ],
                    [
                        40,
                        19
                    ],
                    [
                        39,
                        18
                    ],
                    [
                        39,
                        16
                    ],
                    [
                        35,
                        12
                    ],
                    [
                        33,
                        12
                    ],
                    [
                        32,
                        11
                    ]
                ]
            ],
            "group_id": null,
            "shape_type": "polygon",
            "flags": {}
        }
    ],
    "imagePath": "0.9613_good_tile_22_37_2.png",
    "imageData": null,
    "imageHeight": 224,
    "imageWidth": 224
}