{
    "version": "4.5.9",
    "flags": {},
    "shapes": [
        {
            "label": "foreground",
            "points": [
                [
                    [
                        25,
                        17
                    ],
                    [
                        24,
                        18
                    ],
                    [
                        23,
                        18
                    ],
                    [
                        19,
                        22
                    ],
                    [
                        19,
                        24
                    ],
                    [
                        18,
                        25
                    ],
                    [
                        18,
                        29
                    ],
                    [
                        17,
                        30
                    ],
                    [
                        17,
                        40
                    ],
                    [
                        18,
                        41
                    ],
                    [
                        18,
                        43
                    ],
                    [
                        19,
                        44
                    ],
                    [
                        19,
                        45
                    ],
                    [
                        20,
                        46
                    ],
                    [
                        20,
                        47
                    ],
                    [
                        21,
                        48
                    ],
                    [
                        21,
                        49
                    ],
                    [
                        25,
                        53
                    ],
                    [
                        26,
                        53
                    ],
                    [
                        28,
                        55
                    ],
                    [
                        29,
                        55
                    ],
                    [
                        30,
                        56
                    ],
                    [
                        31,
                        56
                    ],
                    [
                        32,
                        57
                    ],
                    [
                        31,
                        58
                    ],
                    [
                        32,
                        59
                    ],
                    [
                        33,
                        59
                    ],
                    [
                        35,
                        61
                    ],
                    [
                        37,
                        61
                    ],
                    [
                        38,
                        62
                    ],
                    [
                        39,
                        62
                    ],
                    [
                        40,
                        61
                    ],
                    [
                        40,
                        60
                    ],
                    [
                        41,
                        59
                    ],
                    [
                        43,
                        59
                    ],
                    [
                        44,
                        60
                    ],
                    [
                        47,
                        60
                    ],
                    [
                        48,
                        61
                    ],
                    [
                        50,
                        61
                    ],
                    [
                        50,
                        59
                    ],
                    [
                        51,
                        58
                    ],
                    [
                        54,
                        58
                    ],
                    [
                        54,
                        57
                    ],
                    [
                        55,
                        56
                    ],
                    [
                        55,
                        55
                    ],
                    [
                        56,
                        54
                    ],
                    [
                        56,
                        53
                    ],
                    [
                        58,
                        51
                    ],
                    [
                        61,
                        51
                    ],
                    [
                        60,
                        50
                    ],
                    [
                        59,
                        50
                    ],
                    [
                        57,
                        48
                    ],
                    [
                        57,
                        47
                    ],
                    [
                        56,
                        46
                    ],
                    [
                        56,
                        45
                    ],
                    [
                        55,
                        44
                    ],
                    [
                        55,
                        42
                    ],
                    [
                        53,
                        40
                    ],
                    [
                        51,
                        40
                    ],
                    [
                        49,
                        38
                    ],
                    [
                        49,
                        36
                    ],
                    [
                        46,
                        33
                    ],
                    [
                        46,
                        32
                    ],
                    [
                        44,
                        30
                    ],
                    [
                        44,
                        27
                    ],
                    [
                        42,
                        27
                    ],
                    [
                        34,
                        19
                    ],
                    [
                        33,
                        19
                    ],
                    [
                        32,
                        18
                    ],
                    [
                        30,
                        18
                    ],
                    [
                        29,
                        17
                    ]
                ]
            ],
            "group_id": null,
            "shape_type": "polygon",
            "flags": {}
        }
    ],
    "imagePath": "0.9790_good_tile_44_57_1.png",
    "imageData": null,
    "imageHeight": 224,
    "imageWidth": 224
}