{
    "version": "4.5.9",
    "flags": {},
    "shapes": [
        {
            "label": "foreground",
            "points": [
                [
                    [
                        22,
                        15
                    ],
                    [
                        21,
                        16
                    ],
                    [
                        20,
                        16
                    ],
                    [
                        16,
                        20
                    ],
                    [
                        15,
                        20
                    ],
                    [
                        15,
                        22
                    ],
                    [
                        14,
                        23
                    ],
                    [
                        14,
                        28
                    ],
                    [
                        15,
                        29
                    ],
                    [
                        15,
                        30
                    ],
                    [
                        16,
                        31
                    ],
                    [
                        16,
                        33
                    ],
                    [
                        22,
                        39
                    ],
                    [
                        23,
                        39
                    ],
                    [
                        24,
                        40
                    ],
                    [
                        34,
                        40
                    ],
                    [
                        35,
                        41
                    ],
                    [
                        39,
                        41
                    ],
                    [
                        40,
                        40
                    ],
                    [
                        41,
                        40
                    ],
                    [
                        42,
                        39
                    ],
                    [
                        42,
                        38
                    ],
                    [
                        43,
                        37
                    ],
                    [
                        43,
                        27
                    ],
                    [
                        41,
                        25
                    ],
                    [
                        41,
                        24
                    ],
                    [
                        40,
                        23
                    ],
                    [
                        40,
                        22
                    ],
                    [
                        39,
                        21
                    ],
                    [
                        38,
                        21
                    ],
                    [
                        37,
                        20
                    ],
                    [
                        36,
                        20
                    ],
                    [
                        35,
                        19
                    ],
                    [
                        34,
                        19
                    ],
                    [
                        33,
                        18
                    ],
                    [
                        32,
                        18
                    ],
                    [
                        31,
                        17
                    ],
                    [
                        29,
                        17
                    ],
                    [
                        28,
                        16
                    ],
                    [
                        27,
                        16
                    ],
                    [
                        26,
                        15
                    ]
                ]
            ],
            "group_id": null,
            "shape_type": "polygon",
            "flags": {}
        }
    ],
    "imagePath": "0.9891_good_tile_50_55_2.png",
    "imageData": null,
    "imageHeight": 224,
    "imageWidth": 224
}