{
    "version": "4.5.9",
    "flags": {},
    "shapes": [
        {
            "label": "foreground",
            "points": [
                [
                    [
                        27,
                        16
                    ],
                    [
                        23,
                        20
                    ],
                    [
                        22,
                        20
                    ],
                    [
                        19,
                        23
                    ],
                    [
                        18,
                        23
                    ],
                    [
                        17,
                        24
                    ],
                    [
                        17,
                        32
                    ],
                    [
                        19,
                        34
                    ],
                    [
                        19,
                        35
                    ],
                    [
                        21,
                        37
                    ],
                    [
                        22,
                        37
                    ],
                    [
                        23,
                        38
                    ],
                    [
                        24,
                        38
                    ],
                    [
                        27,
                        41
                    ],
                    [
                        28,
                        41
                    ],
                    [
                        29,
                        42
                    ],
                    [
                        30,
                        42
                    ],
                    [
                        31,
                        43
                    ],
                    [
                        34,
                        43
                    ],
                    [
                        35,
                        44
                    ],
                    [
                        41,
                        44
                    ],
                    [
                        42,
                        43
                    ],
                    [
                        44,
                        43
                    ],
                    [
                        45,
                        42
                    ],
                    [
                        46,
                        42
                    ],
                    [
                        47,
                        41
                    ],
                    [
                        48,
                        41
                    ],
                    [
                        49,
                        40
                    ],
                    [
                        51,
                        40
                    ],
                    [
                        52,
                        41
                    ],
                    [
                        53,
                        41
                    ],
                    [
                        54,
                        40
                    ],
                    [
                        54,
                        38
                    ],
                    [
                        53,
                        37
                    ],
                    [
                        53,
                        33
                    ],
                    [
                        52,
                        32
                    ],
                    [
                        52,
                        30
                    ],
                    [
                        50,
                        28
                    ],
                    [
                        50,
                        27
                    ],
                    [
                        49,
                        26
                    ],
                    [
                        49,
                        25
                    ],
                    [
                        44,
                        20
                    ],
                    [
                        43,
                        20
                    ],
                    [
                        41,
                        18
                    ],
                    [
                        37,
                        18
                    ],
                    [
                        36,
                        17
                    ],
                    [
                        32,
                        17
                    ],
                    [
                        31,
                        16
                    ]
                ]
            ],
            "group_id": null,
            "shape_type": "polygon",
            "flags": {}
        }
    ],
    "imagePath": "0.9973_good_tile_44_57_2.png",
    "imageData": null,
    "imageHeight": 224,
    "imageWidth": 224
}