{
    "version": "4.5.9",
    "flags": {},
    "shapes": [
        {
            "label": "foreground",
            "points": [
                [
                    [
                        29,
                        18
                    ],
                    [
                        28,
                        19
                    ],
                    [
                        26,
                        19
                    ],
                    [
                        23,
                        22
                    ],
                    [
                        22,
                        22
                    ],
                    [
                        18,
                        26
                    ],
                    [
                        18,
                        27
                    ],
                    [
                        17,
                        28
                    ],
                    [
                        17,
                        31
                    ],
                    [
                        16,
                        32
                    ],
                    [
                        16,
                        34
                    ],
                    [
                        17,
                        35
                    ],
                    [
                        17,
                        38
                    ],
                    [
                        18,
                        39
                    ],
                    [
                        18,
                        40
                    ],
                    [
                        19,
                        41
                    ],
                    [
                        19,
                        42
                    ],
                    [
                        20,
                        43
                    ],
                    [
                        20,
                        44
                    ],
                    [
                        21,
                        45
                    ],
                    [
                        22,
                        45
                    ],
                    [
                        26,
                        49
                    ],
                    [
                        27,
                        49
                    ],
                    [
                        28,
                        50
                    ],
                    [
                        38,
                        50
                    ],
                    [
                        39,
                        49
                    ],
                    [
                        40,
                        49
                    ],
                    [
                        41,
                        48
                    ],
                    [
                        42,
                        48
                    ],
                    [
                        45,
                        45
                    ],
                    [
                        45,
                        44
                    ],
                    [
                        46,
                        43
                    ],
                    [
                        46,
                        42
                    ],
                    [
                        47,
                        41
                    ],
                    [
                        47,
                        39
                    ],
                    [
                        48,
                        38
                    ],
                    [
                        48,
                        30
                    ],
                    [
                        47,
                        29
                    ],
                    [
                        47,
                        28
                    ],
                    [
                        46,
                        27
                    ],
                    [
                        46,
                        26
                    ],
                    [
                        43,
                        23
                    ],
                    [
                        42,
                        23
                    ],
                    [
                        39,
                        20
                    ],
                    [
                        38,
                        20
                    ],
                    [
                        37,
                        19
                    ],
                    [
                        31,
                        19
                    ],
                    [
                        30,
                        18
                    ]
                ]
            ],
            "group_id": null,
            "shape_type": "polygon",
            "flags": {}
        }
    ],
    "imagePath": "0.9998_good_tile_12_25_2.png",
    "imageData": null,
    "imageHeight": 224,
    "imageWidth": 224
}