{
    "version": "4.5.9",
    "flags": {},
    "shapes": [
        {
            "label": "foreground",
            "points": [
                [
                    [
                        64,
                        21
                    ],
                    [
                        64,
                        22
                    ],
                    [
                        62,
                        24
                    ],
                    [
                        61,
                        24
                    ],
                    [
                        60,
                        25
                    ],
                    [
                        58,
                        25
                    ],
                    [
                        57,
                        26
                    ],
                    [
                        55,
                        26
                    ],
                    [
                        54,
                        27
                    ],
                    [
                        51,
                        27
                    ],
                    [
                        50,
                        28
                    ],
                    [
                        48,
                        28
                    ],
                    [
                        47,
                        29
                    ],
                    [
                        45,
                        29
                    ],
                    [
                        44,
                        30
                    ],
                    [
                        43,
                        30
                    ],
                    [
                        42,
                        31
                    ],
                    [
                        41,
                        31
                    ],
                    [
                        37,
                        35
                    ],
                    [
                        35,
                        35
                    ],
                    [
                        30,
                        40
                    ],
                    [
                        29,
                        40
                    ],
                    [
                        27,
                        42
                    ],
                    [
                        27,
                        43
                    ],
                    [
                        22,
                        48
                    ],
                    [
                        22,
                        50
                    ],
                    [
                        21,
                        51
                    ],
                    [
                        21,
                        52
                    ],
                    [
                        20,
                        53
                    ],
                    [
                        20,
                        54
                    ],
                    [
                        19,
                        55
                    ],
                    [
                        19,
                        56
                    ],
                    [
                        18,
                        57
                    ],
                    [
                        18,
                        59
                    ],
                    [
                        17,
                        60
                    ],
                    [
                        17,
                        77
                    ],
                    [
                        18,
                        78
                    ],
                    [
                        18,
                        80
                    ],
                    [
                        19,
                        81
                    ],
                    [
                        19,
                        82
                    ],
                    [
                        20,
                        83
                    ],
                    [
                        20,
                        85
                    ],
                    [
                        21,
                        86
                    ],
                    [
                        21,
                        87
                    ],
                    [
                        22,
                        88
                    ],
                    [
                        22,
                        89
                    ],
                    [
                        23,
                        90
                    ],
                    [
                        23,
                        91
                    ],
                    [
                        24,
                        92
                    ],
                    [
                        24,
                        93
                    ],
                    [
                        27,
                        96
                    ],
                    [
                        27,
                        97
                    ],
                    [
                        28,
                        98
                    ],
                    [
                        28,
                        99
                    ],
                    [
                        31,
                        102
                    ],
                    [
                        31,
                        103
                    ],
                    [
                        33,
                        105
                    ],
                    [
                        33,
                        106
                    ],
                    [
                        34,
                        107
                    ],
                    [
                        35,
                        107
                    ],
                    [
                        39,
                        111
                    ],
                    [
                        39,
                        112
                    ],
                    [
                        45,
                        118
                    ],
                    [
                        45,
                        119
                    ],
                    [
                        51,
                        125
                    ],
                    [
                        52,
                        124
                    ],
                    [
                        52,
                        123
                    ],
                    [
                        53,
                        122
                    ],
                    [
                        54,
                        122
                    ],
                    [
                        56,
                        124
                    ],
                    [
                        58,
                        124
                    ],
                    [
                        60,
                        126
                    ],
                    [
                        60,
                        132
                    ],
                    [
                        61,
                        131
                    ],
                    [
                        60,
                        130
                    ],
                    [
                        60,
                        129
                    ],
                    [
                        61,
                        128
                    ],
                    [
                        62,
                        128
                    ],
                    [
                        63,
                        129
                    ],
                    [
                        63,
                        131
                    ],
                    [
                        64,
                        132
                    ],
                    [
                        67,
                        132
                    ],
                    [
                        68,
                        131
                    ],
                    [
                        68,
                        130
                    ],
                    [
                        73,
                        125
                    ],
                    [
                        74,
                        125
                    ],
                    [
                        75,
                        124
                    ],
                    [
                        78,
                        124
                    ],
                    [
                        79,
                        125
                    ],
                    [
                        79,
                        126
                    ],
                    [
                        80,
                        126
                    ],
                    [
                        81,
                        127
                    ],
                    [
                        81,
                        128
                    ],
                    [
                        82,
                        128
                    ],
                    [
                        82,
                        125
                    ],
                    [
                        85,
                        122
                    ],
                    [
                        86,
                        122
                    ],
                    [
                        87,
                        121
                    ],
                    [
                        87,
                        120
                    ],
                    [
                        88,
                        119
                    ],
                    [
                        88,
                        117
                    ],
                    [
                        89,
                        116
                    ],
                    [
                        89,
                        115
                    ],
                    [
                        86,
                        112
                    ],
                    [
                        86,
                        110
                    ],
                    [
                        87,
                        109
                    ],
                    [
                        87,
                        108
                    ],
                    [
                        88,
                        107
                    ],
                    [
                        88,
                        105
                    ],
                    [
                        89,
                        104
                    ],
                    [
                        89,
                        101
                    ],
                    [
                        90,
                        100
                    ],
                    [
                        90,
                        98
                    ],
                    [
                        92,
                        96
                    ],
                    [
                        92,
                        95
                    ],
                    [
                        93,
                        94
                    ],
                    [
                        93,
                        93
                    ],
                    [
                        94,
                        92
                    ],
                    [
                        94,
                        90
                    ],
                    [
                        95,
                        89
                    ],
                    [
                        95,
                        82
                    ],
                    [
                        96,
                        81
                    ],
                    [
                        96,
                        77
                    ],
                    [
                        97,
                        76
                    ],
                    [
                        97,
                        75
                    ],
                    [
                        98,
                        74
                    ],
                    [
                        98,
                        73
                    ],
                    [
                        100,
                        71
                    ],
                    [
                        100,
                        68
                    ],
                    [
                        101,
                        67
                    ],
                    [
                        101,
                        61
                    ],
                    [
                        102,
                        60
                    ],
                    [
                        102,
                        59
                    ],
                    [
                        101,
                        58
                    ],
                    [
                        100,
                        58
                    ],
                    [
                        98,
                        56
                    ],
                    [
                        98,
                        55
                    ],
                    [
                        97,
                        54
                    ],
                    [
                        97,
                        51
                    ],
                    [
                        96,
                        50
                    ],
                    [
                        97,
                        49
                    ],
                    [
                        96,
                        48
                    ],
                    [
                        97,
                        47
                    ],
                    [
                        96,
                        46
                    ],
                    [
                        96,
                        45
                    ],
                    [
                        95,
                        44
                    ],
                    [
                        95,
                        43
                    ],
                    [
                        90,
                        38
                    ],
                    [
                        90,
                        34
                    ],
                    [
                        89,
                        33
                    ],
                    [
                        89,
                        32
                    ],
                    [
                        88,
                        31
                    ],
                    [
                        87,
                        31
                    ],
                    [
                        84,
                        28
                    ],
                    [
                        84,
                        27
                    ],
                    [
                        83,
                        26
                    ],
                    [
                        83,
                        22
                    ],
                    [
                        81,
                        22
                    ],
                    [
                        80,
                        23
                    ],
                    [
                        69,
                        23
                    ],
                    [
                        68,
                        22
                    ],
                    [
                        67,
                        22
                    ],
                    [
                        66,
                        21
                    ]
                ]
            ],
            "group_id": null,
            "shape_type": "polygon",
            "flags": {}
        }
    ],
    "imagePath": "0.9977_good_tile_22_37_1.png",
    "imageData": null,
    "imageHeight": 224,
    "imageWidth": 224
}