{
    "version": "4.5.9",
    "flags": {},
    "shapes": [
        {
            "label": "foreground",
            "points": [
                [
                    [
                        32,
                        22
                    ],
                    [
                        31,
                        23
                    ],
                    [
                        28,
                        23
                    ],
                    [
                        22,
                        29
                    ],
                    [
                        21,
                        29
                    ],
                    [
                        20,
                        30
                    ],
                    [
                        20,
                        31
                    ],
                    [
                        19,
                        32
                    ],
                    [
                        19,
                        34
                    ],
                    [
                        18,
                        35
                    ],
                    [
                        18,
                        47
                    ],
                    [
                        19,
                        48
                    ],
                    [
                        19,
                        54
                    ],
                    [
                        20,
                        55
                    ],
                    [
                        20,
                        57
                    ],
                    [
                        21,
                        58
                    ],
                    [
                        21,
                        62
                    ],
                    [
                        23,
                        64
                    ],
                    [
                        23,
                        66
                    ],
                    [
                        24,
                        67
                    ],
                    [
                        24,
                        68
                    ],
                    [
                        25,
                        69
                    ],
                    [
                        25,
                        70
                    ],
                    [
                        29,
                        74
                    ],
                    [
                        29,
                        75
                    ],
                    [
                        30,
                        75
                    ],
                    [
                        34,
                        79
                    ],
                    [
                        35,
                        79
                    ],
                    [
                        38,
                        82
                    ],
                    [
                        39,
                        82
                    ],
                    [
                        44,
                        87
                    ],
                    [
                        46,
                        87
                    ],
                    [
                        47,
                        88
                    ],
                    [
                        49,
                        88
                    ],
                    [
                        50,
                        89
                    ],
                    [
                        58,
                        89
                    ],
                    [
                        59,
                        88
                    ],
                    [
                        60,
                        89
                    ],
                    [
                        61,
                        88
                    ],
                    [
                        63,
                        88
                    ],
                    [
                        65,
                        86
                    ],
                    [
                        66,
                        86
                    ],
                    [
                        70,
                        82
                    ],
                    [
                        71,
                        82
                    ],
                    [
                        76,
                        77
                    ],
                    [
                        76,
                        76
                    ],
                    [
                        77,
                        75
                    ],
                    [
                        77,
                        74
                    ],
                    [
                        78,
                        73
                    ],
                    [
                        78,
                        71
                    ],
                    [
                        79,
                        70
                    ],
                    [
                        79,
                        68
                    ],
                    [
                        78,
                        67
                    ],
                    [
                        78,
                        60
                    ],
                    [
                        77,
                        59
                    ],
                    [
                        77,
                        57
                    ],
                    [
                        76,
                        56
                    ],
                    [
                        76,
                        55
                    ],
                    [
                        75,
                        54
                    ],
                    [
                        75,
                        53
                    ],
                    [
                        74,
                        52
                    ],
                    [
                        74,
                        50
                    ],
                    [
                        73,
                        49
                    ],
                    [
                        73,
                        48
                    ],
                    [
                        72,
                        47
                    ],
                    [
                        72,
                        46
                    ],
                    [
                        70,
                        44
                    ],
                    [
                        70,
                        43
                    ],
                    [
                        69,
                        42
                    ],
                    [
                        69,
                        41
                    ],
                    [
                        62,
                        34
                    ],
                    [
                        62,
                        32
                    ],
                    [
                        61,
                        32
                    ],
                    [
                        60,
                        31
                    ],
                    [
                        59,
                        31
                    ],
                    [
                        58,
                        30
                    ],
                    [
                        57,
                        30
                    ],
                    [
                        52,
                        25
                    ],
                    [
                        50,
                        25
                    ],
                    [
                        49,
                        24
                    ],
                    [
                        48,
                        24
                    ],
                    [
                        47,
                        23
                    ],
                    [
                        46,
                        23
                    ],
                    [
                        45,
                        22
                    ],
                    [
                        38,
                        22
                    ],
                    [
                        37,
                        23
                    ],
                    [
                        33,
                        23
                    ]
                ]
            ],
            "group_id": null,
            "shape_type": "polygon",
            "flags": {}
        }
    ],
    "imagePath": "0.9982_good_tile_50_55_0.png",
    "imageData": null,
    "imageHeight": 224,
    "imageWidth": 224
}