{
    "version": "4.5.9",
    "flags": {},
    "shapes": [
        {
            "label": "foreground",
            "points": [
                [
                    [
                        44,
                        18
                    ],
                    [
                        43,
                        19
                    ],
                    [
                        41,
                        19
                    ],
                    [
                        40,
                        20
                    ],
                    [
                        39,
                        20
                    ],
                    [
                        38,
                        21
                    ],
                    [
                        37,
                        21
                    ],
                    [
                        36,
                        22
                    ],
                    [
                        35,
                        22
                    ],
                    [
                        26,
                        31
                    ],
                    [
                        26,
                        32
                    ],
                    [
                        25,
                        33
                    ],
                    [
                        25,
                        35
                    ],
                    [
                        24,
                        36
                    ],
                    [
                        24,
                        39
                    ],
                    [
                        23,
                        40
                    ],
                    [
                        23,
                        41
                    ],
                    [
                        22,
                        42
                    ],
                    [
                        22,
                        43
                    ],
                    [
                        21,
                        44
                    ],
                    [
                        21,
                        47
                    ],
                    [
                        20,
                        48
                    ],
                    [
                        20,
                        53
                    ],
                    [
                        19,
                        54
                    ],
                    [
                        19,
                        66
                    ],
                    [
                        20,
                        67
                    ],
                    [
                        20,
                        75
                    ],
                    [
                        21,
                        76
                    ],
                    [
                        21,
                        79
                    ],
                    [
                        22,
                        80
                    ],
                    [
                        22,
                        81
                    ],
                    [
                        23,
                        82
                    ],
                    [
                        23,
                        83
                    ],
                    [
                        24,
                        84
                    ],
                    [
                        24,
                        85
                    ],
                    [
                        26,
                        87
                    ],
                    [
                        26,
                        88
                    ],
                    [
                        31,
                        93
                    ],
                    [
                        32,
                        93
                    ],
                    [
                        33,
                        94
                    ],
                    [
                        34,
                        94
                    ],
                    [
                        35,
                        95
                    ],
                    [
                        36,
                        95
                    ],
                    [
                        37,
                        96
                    ],
                    [
                        39,
                        96
                    ],
                    [
                        40,
                        97
                    ],
                    [
                        45,
                        97
                    ],
                    [
                        46,
                        98
                    ],
                    [
                        50,
                        98
                    ],
                    [
                        51,
                        99
                    ],
                    [
                        56,
                        99
                    ],
                    [
                        57,
                        100
                    ],
                    [
                        60,
                        100
                    ],
                    [
                        61,
                        99
                    ],
                    [
                        66,
                        99
                    ],
                    [
                        67,
                        98
                    ],
                    [
                        69,
                        98
                    ],
                    [
                        70,
                        97
                    ],
                    [
                        72,
                        97
                    ],
                    [
                        73,
                        96
                    ],
                    [
                        75,
                        96
                    ],
                    [
                        76,
                        95
                    ],
                    [
                        78,
                        95
                    ],
                    [
                        79,
                        94
                    ],
                    [
                        80,
                        94
                    ],
                    [
                        81,
                        93
                    ],
                    [
                        83,
                        93
                    ],
                    [
                        86,
                        90
                    ],
                    [
                        87,
                        90
                    ],
                    [
                        88,
                        89
                    ],
                    [
                        88,
                        88
                    ],
                    [
                        89,
                        87
                    ],
                    [
                        89,
                        85
                    ],
                    [
                        90,
                        84
                    ],
                    [
                        90,
                        79
                    ],
                    [
                        91,
                        78
                    ],
                    [
                        91,
                        76
                    ],
                    [
                        92,
                        75
                    ],
                    [
                        92,
                        66
                    ],
                    [
                        91,
                        65
                    ],
                    [
                        91,
                        61
                    ],
                    [
                        90,
                        60
                    ],
                    [
                        90,
                        58
                    ],
                    [
                        89,
                        57
                    ],
                    [
                        89,
                        53
                    ],
                    [
                        87,
                        51
                    ],
                    [
                        87,
                        50
                    ],
                    [
                        85,
                        48
                    ],
                    [
                        85,
                        47
                    ],
                    [
                        83,
                        45
                    ],
                    [
                        82,
                        45
                    ],
                    [
                        81,
                        44
                    ],
                    [
                        81,
                        43
                    ],
                    [
                        79,
                        41
                    ],
                    [
                        79,
                        40
                    ],
                    [
                        76,
                        37
                    ],
                    [
                        76,
                        36
                    ],
                    [
                        74,
                        34
                    ],
                    [
                        74,
                        33
                    ],
                    [
                        67,
                        26
                    ],
                    [
                        66,
                        26
                    ],
                    [
                        64,
                        24
                    ],
                    [
                        63,
                        24
                    ],
                    [
                        60,
                        21
                    ],
                    [
                        59,
                        21
                    ],
                    [
                        58,
                        20
                    ],
                    [
                        56,
                        20
                    ],
                    [
                        55,
                        19
                    ],
                    [
                        52,
                        19
                    ],
                    [
                        51,
                        18
                    ]
                ]
            ],
            "group_id": null,
            "shape_type": "polygon",
            "flags": {}
        }
    ],
    "imagePath": "0.9973_good_tile_22_37_0.png",
    "imageData": null,
    "imageHeight": 224,
    "imageWidth": 224
}