{
    "version": "4.5.9",
    "flags": {},
    "shapes": [
        {
            "label": "foreground",
            "points": [
                [
                    [
                        38,
                        14
                    ],
                    [
                        37,
                        15
                    ],
                    [
                        37,
                        16
                    ],
                    [
                        36,
                        17
                    ],
                    [
                        33,
                        17
                    ],
                    [
                        32,
                        18
                    ],
                    [
                        31,
                        18
                    ],
                    [
                        28,
                        21
                    ],
                    [
                        27,
                        21
                    ],
                    [
                        24,
                        24
                    ],
                    [
                        23,
                        24
                    ],
                    [
                        22,
                        25
                    ],
                    [
                        21,
                        25
                    ],
                    [
                        18,
                        28
                    ],
                    [
                        18,
                        30
                    ],
                    [
                        19,
                        31
                    ],
                    [
                        19,
                        33
                    ],
                    [
                        17,
                        35
                    ],
                    [
                        17,
                        36
                    ],
                    [
                        15,
                        38
                    ],
                    [
                        14,
                        38
                    ],
                    [
                        14,
                        39
                    ],
                    [
                        13,
                        40
                    ],
                    [
                        13,
                        41
                    ],
                    [
                        12,
                        42
                    ],
                    [
                        12,
                        44
                    ],
                    [
                        11,
                        45
                    ],
                    [
                        11,
                        47
                    ],
                    [
                        10,
                        48
                    ],
                    [
                        10,
                        56
                    ],
                    [
                        9,
                        57
                    ],
                    [
                        8,
                        57
                    ],
                    [
                        7,
                        58
                    ],
                    [
                        5,
                        58
                    ],
                    [
                        3,
                        56
                    ],
                    [
                        2,
                        56
                    ],
                    [
                        2,
                        61
                    ],
                    [
                        3,
                        62
                    ],
                    [
                        3,
                        72
                    ],
                    [
                        4,
                        73
                    ],
                    [
                        6,
                        71
                    ],
                    [
                        7,
                        71
                    ],
                    [
                        9,
                        69
                    ],
                    [
                        9,
                        68
                    ],
                    [
                        10,
                        67
                    ],
                    [
                        11,
                        67
                    ],
                    [
                        15,
                        71
                    ],
                    [
                        15,
                        73
                    ],
                    [
                        16,
                        74
                    ],
                    [
                        16,
                        75
                    ],
                    [
                        17,
                        76
                    ],
                    [
                        18,
                        76
                    ],
                    [
                        19,
                        77
                    ],
                    [
                        20,
                        77
                    ],
                    [
                        23,
                        80
                    ],
                    [
                        26,
                        80
                    ],
                    [
                        27,
                        81
                    ],
                    [
                        28,
                        81
                    ],
                    [
                        29,
                        82
                    ],
                    [
                        31,
                        82
                    ],
                    [
                        32,
                        81
                    ],
                    [
                        33,
                        81
                    ],
                    [
                        34,
                        80
                    ],
                    [
                        35,
                        80
                    ],
                    [
                        38,
                        77
                    ],
                    [
                        39,
                        77
                    ],
                    [
                        40,
                        76
                    ],
                    [
                        42,
                        76
                    ],
                    [
                        43,
                        75
                    ],
                    [
                        44,
                        75
                    ],
                    [
                        45,
                        74
                    ],
                    [
                        45,
                        73
                    ],
                    [
                        49,
                        69
                    ],
                    [
                        49,
                        68
                    ],
                    [
                        50,
                        67
                    ],
                    [
                        50,
                        66
                    ],
                    [
                        51,
                        65
                    ],
                    [
                        51,
                        62
                    ],
                    [
                        53,
                        60
                    ],
                    [
                        53,
                        59
                    ],
                    [
                        55,
                        57
                    ],
                    [
                        55,
                        56
                    ],
                    [
                        56,
                        55
                    ],
                    [
                        56,
                        54
                    ],
                    [
                        57,
                        53
                    ],
                    [
                        57,
                        51
                    ],
                    [
                        58,
                        50
                    ],
                    [
                        58,
                        49
                    ],
                    [
                        59,
                        48
                    ],
                    [
                        59,
                        46
                    ],
                    [
                        61,
                        44
                    ],
                    [
                        61,
                        41
                    ],
                    [
                        59,
                        39
                    ],
                    [
                        59,
                        36
                    ],
                    [
                        58,
                        35
                    ],
                    [
                        58,
                        28
                    ],
                    [
                        57,
                        27
                    ],
                    [
                        57,
                        26
                    ],
                    [
                        56,
                        25
                    ],
                    [
                        56,
                        22
                    ],
                    [
                        55,
                        21
                    ],
                    [
                        55,
                        19
                    ],
                    [
                        54,
                        18
                    ],
                    [
                        54,
                        17
                    ],
                    [
                        53,
                        16
                    ],
                    [
                        51,
                        16
                    ],
                    [
                        50,
                        15
                    ],
                    [
                        47,
                        15
                    ],
                    [
                        46,
                        14
                    ],
                    [
                        43,
                        14
                    ],
                    [
                        42,
                        15
                    ],
                    [
                        40,
                        15
                    ],
                    [
                        39,
                        14
                    ]
                ]
            ],
            "group_id": null,
            "shape_type": "polygon",
            "flags": {}
        }
    ],
    "imagePath": "0.3609_good_tile_52_31_11.png",
    "imageData": null,
    "imageHeight": 224,
    "imageWidth": 224
}