{
    "version": "4.5.9",
    "flags": {},
    "shapes": [
        {
            "label": "foreground",
            "points": [
                [
                    [
                        232,
                        0
                    ],
                    [
                        232,
                        1
                    ],
                    [
                        231,
                        2
                    ],
                    [
                        225,
                        2
                    ],
                    [
                        224,
                        3
                    ],
                    [
                        212,
                        3
                    ],
                    [
                        212,
                        4
                    ],
                    [
                        211,
                        5
                    ],
                    [
                        122,
                        5
                    ],
                    [
                        121,
                        6
                    ],
                    [
                        116,
                        6
                    ],
                    [
                        116,
                        7
                    ],
                    [
                        118,
                        7
                    ],
                    [
                        119,
                        8
                    ],
                    [
                        119,
                        10
                    ],
                    [
                        118,
                        11
                    ],
                    [
                        116,
                        11
                    ],
                    [
                        116,
                        12
                    ],
                    [
                        115,
                        13
                    ],
                    [
                        97,
                        13
                    ],
                    [
                        96,
                        14
                    ],
                    [
                        89,
                        14
                    ],
                    [
                        89,
                        15
                    ],
                    [
                        88,
                        16
                    ],
                    [
                        85,
                        16
                    ],
                    [
                        84,
                        17
                    ],
                    [
                        84,
                        18
                    ],
                    [
                        83,
                        19
                    ],
                    [
                        81,
                        19
                    ],
                    [
                        81,
                        20
                    ],
                    [
                        80,
                        21
                    ],
                    [
                        79,
                        21
                    ],
                    [
                        78,
                        22
                    ],
                    [
                        78,
                        23
                    ],
                    [
                        77,
                        24
                    ],
                    [
                        76,
                        24
                    ],
                    [
                        75,
                        25
                    ],
                    [
                        74,
                        25
                    ],
                    [
                        74,
                        26
                    ],
                    [
                        72,
                        28
                    ],
                    [
                        70,
                        28
                    ],
                    [
                        70,
                        29
                    ],
                    [
                        69,
                        30
                    ],
                    [
                        68,
                        30
                    ],
                    [
                        68,
                        31
                    ],
                    [
                        67,
                        32
                    ],
                    [
                        67,
                        34
                    ],
                    [
                        66,
                        35
                    ],
                    [
                        65,
                        35
                    ],
                    [
                        65,
                        39
                    ],
                    [
                        64,
                        40
                    ],
                    [
                        59,
                        40
                    ],
                    [
                        59,
                        43
                    ],
                    [
                        58,
                        44
                    ],
                    [
                        57,
                        44
                    ],
                    [
                        57,
                        46
                    ],
                    [
                        56,
                        47
                    ],
                    [
                        55,
                        47
                    ],
                    [
                        55,
                        54
                    ],
                    [
                        54,
                        55
                    ],
                    [
                        54,
                        61
                    ],
                    [
                        53,
                        62
                    ],
                    [
                        52,
                        62
                    ],
                    [
                        52,
                        70
                    ],
                    [
                        51,
                        71
                    ],
                    [
                        51,
                        80
                    ],
                    [
                        50,
                        81
                    ],
                    [
                        49,
                        81
                    ],
                    [
                        49,
                        102
                    ],
                    [
                        48,
                        103
                    ],
                    [
                        48,
                        125
                    ],
                    [
                        49,
                        126
                    ],
                    [
                        49,
                        133
                    ],
                    [
                        48,
                        134
                    ],
                    [
                        48,
                        148
                    ],
                    [
                        47,
                        149
                    ],
                    [
                        46,
                        149
                    ],
                    [
                        46,
                        155
                    ],
                    [
                        45,
                        156
                    ],
                    [
                        44,
                        156
                    ],
                    [
                        44,
                        160
                    ],
                    [
                        43,
                        161
                    ],
                    [
                        43,
                        165
                    ],
                    [
                        42,
                        166
                    ],
                    [
                        41,
                        166
                    ],
                    [
                        41,
                        170
                    ],
                    [
                        40,
                        171
                    ],
                    [
                        40,
                        178
                    ],
                    [
                        39,
                        179
                    ],
                    [
                        38,
                        179
                    ],
                    [
                        38,
                        187
                    ],
                    [
                        37,
                        188
                    ],
                    [
                        37,
                        192
                    ],
                    [
                        36,
                        193
                    ],
                    [
                        35,
                        193
                    ],
                    [
                        34,
                        194
                    ],
                    [
                        33,
                        194
                    ],
                    [
                        33,
                        198
                    ],
                    [
                        32,
                        199
                    ],
                    [
                        32,
                        203
                    ],
                    [
                        33,
                        204
                    ],
                    [
                        34,
                        204
                    ],
                    [
                        35,
                        205
                    ],
                    [
                        35,
                        208
                    ],
                    [
                        36,
                        208
                    ],
                    [
                        37,
                        209
                    ],
                    [
                        36,
                        210
                    ],
                    [
                        25,
                        210
                    ],
                    [
                        24,
                        209
                    ],
                    [
                        22,
                        209
                    ],
                    [
                        21,
                        208
                    ],
                    [
                        21,
                        207
                    ],
                    [
                        20,
                        206
                    ],
                    [
                        20,
                        205
                    ],
                    [
                        18,
                        205
                    ],
                    [
                        17,
                        204
                    ],
                    [
                        14,
                        204
                    ],
                    [
                        13,
                        205
                    ],
                    [
                        13,
                        214
                    ],
                    [
                        14,
                        215
                    ],
                    [
                        14,
                        216
                    ],
                    [
                        15,
                        216
                    ],
                    [
                        16,
                        217
                    ],
                    [
                        37,
                        217
                    ],
                    [
                        38,
                        218
                    ],
                    [
                        38,
                        219
                    ],
                    [
                        40,
                        219
                    ],
                    [
                        41,
                        220
                    ],
                    [
                        41,
                        225
                    ],
                    [
                        42,
                        225
                    ],
                    [
                        43,
                        226
                    ],
                    [
                        43,
                        231
                    ],
                    [
                        42,
                        232
                    ],
                    [
                        41,
                        232
                    ],
                    [
                        41,
                        241
                    ],
                    [
                        40,
                        242
                    ],
                    [
                        40,
                        246
                    ],
                    [
                        39,
                        247
                    ],
                    [
                        38,
                        247
                    ],
                    [
                        38,
                        252
                    ],
                    [
                        37,
                        253
                    ],
                    [
                        37,
                        258
                    ],
                    [
                        36,
                        259
                    ],
                    [
                        35,
                        259
                    ],
                    [
                        35,
                        274
                    ],
                    [
                        36,
                        274
                    ],
                    [
                        37,
                        275
                    ],
                    [
                        37,
                        280
                    ],
                    [
                        36,
                        281
                    ],
                    [
                        35,
                        281
                    ],
                    [
                        35,
                        283
                    ],
                    [
                        36,
                        283
                    ],
                    [
                        37,
                        284
                    ],
                    [
                        37,
                        290
                    ],
                    [
                        36,
                        291
                    ],
                    [
                        35,
                        291
                    ],
                    [
                        35,
                        293
                    ],
                    [
                        36,
                        293
                    ],
                    [
                        37,
                        294
                    ],
                    [
                        37,
                        298
                    ],
                    [
                        38,
                        299
                    ],
                    [
                        38,
                        301
                    ],
                    [
                        39,
                        301
                    ],
                    [
                        41,
                        303
                    ],
                    [
                        41,
                        306
                    ],
                    [
                        42,
                        306
                    ],
                    [
                        44,
                        308
                    ],
                    [
                        44,
                        309
                    ],
                    [
                        47,
                        309
                    ],
                    [
                        49,
                        311
                    ],
                    [
                        49,
                        312
                    ],
                    [
                        51,
                        312
                    ],
                    [
                        52,
                        313
                    ],
                    [
                        54,
                        313
                    ],
                    [
                        55,
                        314
                    ],
                    [
                        55,
                        315
                    ],
                    [
                        56,
                        315
                    ],
                    [
                        57,
                        316
                    ],
                    [
                        57,
                        317
                    ],
                    [
                        59,
                        317
                    ],
                    [
                        60,
                        318
                    ],
                    [
                        62,
                        318
                    ],
                    [
                        63,
                        319
                    ],
                    [
                        63,
                        320
                    ],
                    [
                        64,
                        320
                    ],
                    [
                        65,
                        321
                    ],
                    [
                        67,
                        321
                    ],
                    [
                        68,
                        322
                    ],
                    [
                        68,
                        325
                    ],
                    [
                        69,
                        325
                    ],
                    [
                        71,
                        327
                    ],
                    [
                        71,
                        328
                    ],
                    [
                        73,
                        328
                    ],
                    [
                        74,
                        329
                    ],
                    [
                        77,
                        329
                    ],
                    [
                        78,
                        330
                    ],
                    [
                        78,
                        331
                    ],
                    [
                        81,
                        331
                    ],
                    [
                        82,
                        332
                    ],
                    [
                        86,
                        332
                    ],
                    [
                        87,
                        333
                    ],
                    [
                        87,
                        334
                    ],
                    [
                        100,
                        334
                    ],
                    [
                        100,
                        333
                    ],
                    [
                        101,
                        332
                    ],
                    [
                        107,
                        332
                    ],
                    [
                        108,
                        331
                    ],
                    [
                        111,
                        331
                    ],
                    [
                        111,
                        330
                    ],
                    [
                        112,
                        329
                    ],
                    [
                        113,
                        329
                    ],
                    [
                        114,
                        328
                    ],
                    [
                        116,
                        328
                    ],
                    [
                        116,
                        327
                    ],
                    [
                        117,
                        326
                    ],
                    [
                        119,
                        326
                    ],
                    [
                        120,
                        325
                    ],
                    [
                        124,
                        325
                    ],
                    [
                        124,
                        324
                    ],
                    [
                        125,
                        323
                    ],
                    [
                        127,
                        323
                    ],
                    [
                        127,
                        322
                    ],
                    [
                        128,
                        321
                    ],
                    [
                        130,
                        321
                    ],
                    [
                        131,
                        320
                    ],
                    [
                        132,
                        320
                    ],
                    [
                        132,
                        319
                    ],
                    [
                        133,
                        318
                    ],
                    [
                        135,
                        318
                    ],
                    [
                        136,
                        317
                    ],
                    [
                        137,
                        317
                    ],
                    [
                        137,
                        316
                    ],
                    [
                        138,
                        315
                    ],
                    [
                        140,
                        315
                    ],
                    [
                        140,
                        314
                    ],
                    [
                        141,
                        313
                    ],
                    [
                        146,
                        313
                    ],
                    [
                        147,
                        312
                    ],
                    [
                        149,
                        312
                    ],
                    [
                        149,
                        311
                    ],
                    [
                        150,
                        310
                    ],
                    [
                        157,
                        310
                    ],
                    [
                        158,
                        311
                    ],
                    [
                        158,
                        312
                    ],
                    [
                        165,
                        312
                    ],
                    [
                        165,
                        311
                    ],
                    [
                        166,
                        310
                    ],
                    [
                        167,
                        310
                    ],
                    [
                        168,
                        309
                    ],
                    [
                        171,
                        309
                    ],
                    [
                        171,
                        308
                    ],
                    [
                        172,
                        307
                    ],
                    [
                        175,
                        307
                    ],
                    [
                        176,
                        306
                    ],
                    [
                        176,
                        305
                    ],
                    [
                        177,
                        304
                    ],
                    [
                        178,
                        304
                    ],
                    [
                        178,
                        303
                    ],
                    [
                        179,
                        302
                    ],
                    [
                        181,
                        302
                    ],
                    [
                        182,
                        301
                    ],
                    [
                        184,
                        301
                    ],
                    [
                        184,
                        300
                    ],
                    [
                        185,
                        299
                    ],
                    [
                        190,
                        299
                    ],
                    [
                        191,
                        298
                    ],
                    [
                        195,
                        298
                    ],
                    [
                        195,
                        297
                    ],
                    [
                        196,
                        296
                    ],
                    [
                        198,
                        296
                    ],
                    [
                        199,
                        295
                    ],
                    [
                        201,
                        295
                    ],
                    [
                        201,
                        294
                    ],
                    [
                        202,
                        293
                    ],
                    [
                        203,
                        293
                    ],
                    [
                        203,
                        292
                    ],
                    [
                        204,
                        291
                    ],
                    [
                        205,
                        291
                    ],
                    [
                        206,
                        290
                    ],
                    [
                        208,
                        290
                    ],
                    [
                        208,
                        289
                    ],
                    [
                        210,
                        287
                    ],
                    [
                        213,
                        287
                    ],
                    [
                        213,
                        286
                    ],
                    [
                        214,
                        285
                    ],
                    [
                        214,
                        284
                    ],
                    [
                        215,
                        283
                    ],
                    [
                        216,
                        283
                    ],
                    [
                        217,
                        282
                    ],
                    [
                        219,
                        282
                    ],
                    [
                        219,
                        280
                    ],
                    [
                        220,
                        279
                    ],
                    [
                        220,
                        278
                    ],
                    [
                        221,
                        277
                    ],
                    [
                        222,
                        277
                    ],
                    [
                        223,
                        276
                    ],
                    [
                        224,
                        276
                    ],
                    [
                        224,
                        275
                    ],
                    [
                        225,
                        274
                    ],
                    [
                        227,
                        274
                    ],
                    [
                        227,
                        273
                    ],
                    [
                        229,
                        271
                    ],
                    [
                        230,
                        271
                    ],
                    [
                        230,
                        270
                    ],
                    [
                        232,
                        268
                    ],
                    [
                        233,
                        268
                    ],
                    [
                        233,
                        267
                    ],
                    [
                        234,
                        266
                    ],
                    [
                        235,
                        266
                    ],
                    [
                        235,
                        264
                    ],
                    [
                        236,
                        263
                    ],
                    [
                        236,
                        262
                    ],
                    [
                        237,
                        261
                    ],
                    [
                        238,
                        261
                    ],
                    [
                        238,
                        258
                    ],
                    [
                        239,
                        257
                    ],
                    [
                        239,
                        256
                    ],
                    [
                        240,
                        255
                    ],
                    [
                        241,
                        255
                    ],
                    [
                        241,
                        254
                    ],
                    [
                        242,
                        253
                    ],
                    [
                        243,
                        253
                    ],
                    [
                        244,
                        252
                    ],
                    [
                        244,
                        251
                    ],
                    [
                        245,
                        250
                    ],
                    [
                        246,
                        250
                    ],
                    [
                        247,
                        249
                    ],
                    [
                        247,
                        243
                    ],
                    [
                        248,
                        242
                    ],
                    [
                        249,
                        242
                    ],
                    [
                        250,
                        241
                    ],
                    [
                        252,
                        241
                    ],
                    [
                        252,
                        239
                    ],
                    [
                        253,
                        238
                    ],
                    [
                        254,
                        238
                    ],
                    [
                        254,
                        237
                    ],
                    [
                        255,
                        236
                    ],
                    [
                        255,
                        234
                    ],
                    [
                        256,
                        233
                    ],
                    [
                        257,
                        233
                    ],
                    [
                        257,
                        232
                    ],
                    [
                        258,
                        231
                    ],
                    [
                        258,
                        229
                    ],
                    [
                        259,
                        228
                    ],
                    [
                        260,
                        228
                    ],
                    [
                        261,
                        227
                    ],
                    [
                        262,
                        227
                    ],
                    [
                        262,
                        226
                    ],
                    [
                        263,
                        225
                    ],
                    [
                        263,
                        224
                    ],
                    [
                        264,
                        223
                    ],
                    [
                        265,
                        223
                    ],
                    [
                        265,
                        221
                    ],
                    [
                        266,
                        220
                    ],
                    [
                        266,
                        218
                    ],
                    [
                        267,
                        217
                    ],
                    [
                        268,
                        217
                    ],
                    [
                        268,
                        212
                    ],
                    [
                        269,
                        211
                    ],
                    [
                        269,
                        209
                    ],
                    [
                        270,
                        208
                    ],
                    [
                        271,
                        208
                    ],
                    [
                        271,
                        205
                    ],
                    [
                        272,
                        204
                    ],
                    [
                        273,
                        204
                    ],
                    [
                        274,
                        203
                    ],
                    [
                        274,
                        202
                    ],
                    [
                        275,
                        201
                    ],
                    [
                        276,
                        201
                    ],
                    [
                        276,
                        198
                    ],
                    [
                        277,
                        197
                    ],
                    [
                        277,
                        193
                    ],
                    [
                        278,
                        192
                    ],
                    [
                        279,
                        192
                    ],
                    [
                        279,
                        186
                    ],
                    [
                        280,
                        185
                    ],
                    [
                        280,
                        179
                    ],
                    [
                        281,
                        178
                    ],
                    [
                        282,
                        178
                    ],
                    [
                        282,
                        174
                    ],
                    [
                        283,
                        173
                    ],
                    [
                        284,
                        173
                    ],
                    [
                        284,
                        172
                    ],
                    [
                        285,
                        171
                    ],
                    [
                        285,
                        169
                    ],
                    [
                        286,
                        168
                    ],
                    [
                        287,
                        168
                    ],
                    [
                        287,
                        164
                    ],
                    [
                        288,
                        163
                    ],
                    [
                        288,
                        160
                    ],
                    [
                        289,
                        159
                    ],
                    [
                        290,
                        159
                    ],
                    [
                        290,
                        153
                    ],
                    [
                        291,
                        152
                    ],
                    [
                        292,
                        152
                    ],
                    [
                        292,
                        149
                    ],
                    [
                        293,
                        148
                    ],
                    [
                        293,
                        147
                    ],
                    [
                        294,
                        146
                    ],
                    [
                        295,
                        146
                    ],
                    [
                        295,
                        142
                    ],
                    [
                        296,
                        141
                    ],
                    [
                        296,
                        139
                    ],
                    [
                        297,
                        138
                    ],
                    [
                        298,
                        138
                    ],
                    [
                        298,
                        136
                    ],
                    [
                        299,
                        135
                    ],
                    [
                        299,
                        133
                    ],
                    [
                        300,
                        132
                    ],
                    [
                        301,
                        132
                    ],
                    [
                        301,
                        130
                    ],
                    [
                        302,
                        129
                    ],
                    [
                        303,
                        129
                    ],
                    [
                        303,
                        126
                    ],
                    [
                        304,
                        125
                    ],
                    [
                        304,
                        123
                    ],
                    [
                        305,
                        122
                    ],
                    [
                        306,
                        122
                    ],
                    [
                        306,
                        117
                    ],
                    [
                        307,
                        116
                    ],
                    [
                        307,
                        112
                    ],
                    [
                        308,
                        111
                    ],
                    [
                        309,
                        111
                    ],
                    [
                        309,
                        107
                    ],
                    [
                        311,
                        105
                    ],
                    [
                        312,
                        105
                    ],
                    [
                        312,
                        103
                    ],
                    [
                        313,
                        102
                    ],
                    [
                        315,
                        102
                    ],
                    [
                        315,
                        100
                    ],
                    [
                        316,
                        99
                    ],
                    [
                        317,
                        99
                    ],
                    [
                        317,
                        90
                    ],
                    [
                        316,
                        90
                    ],
                    [
                        315,
                        89
                    ],
                    [
                        315,
                        87
                    ],
                    [
                        314,
                        86
                    ],
                    [
                        314,
                        58
                    ],
                    [
                        313,
                        58
                    ],
                    [
                        312,
                        57
                    ],
                    [
                        312,
                        51
                    ],
                    [
                        313,
                        50
                    ],
                    [
                        314,
                        50
                    ],
                    [
                        314,
                        46
                    ],
                    [
                        313,
                        46
                    ],
                    [
                        312,
                        45
                    ],
                    [
                        312,
                        40
                    ],
                    [
                        311,
                        40
                    ],
                    [
                        310,
                        39
                    ],
                    [
                        310,
                        38
                    ],
                    [
                        309,
                        37
                    ],
                    [
                        309,
                        36
                    ],
                    [
                        308,
                        36
                    ],
                    [
                        307,
                        35
                    ],
                    [
                        307,
                        33
                    ],
                    [
                        306,
                        32
                    ],
                    [
                        306,
                        28
                    ],
                    [
                        305,
                        28
                    ],
                    [
                        304,
                        27
                    ],
                    [
                        304,
                        25
                    ],
                    [
                        303,
                        24
                    ],
                    [
                        303,
                        21
                    ],
                    [
                        302,
                        21
                    ],
                    [
                        301,
                        20
                    ],
                    [
                        301,
                        16
                    ],
                    [
                        300,
                        16
                    ],
                    [
                        299,
                        15
                    ],
                    [
                        299,
                        13
                    ],
                    [
                        298,
                        12
                    ],
                    [
                        298,
                        11
                    ],
                    [
                        297,
                        11
                    ],
                    [
                        296,
                        10
                    ],
                    [
                        296,
                        9
                    ],
                    [
                        294,
                        9
                    ],
                    [
                        293,
                        8
                    ],
                    [
                        293,
                        6
                    ],
                    [
                        289,
                        6
                    ],
                    [
                        288,
                        5
                    ],
                    [
                        275,
                        5
                    ],
                    [
                        274,
                        4
                    ],
                    [
                        274,
                        3
                    ],
                    [
                        255,
                        3
                    ],
                    [
                        255,
                        4
                    ],
                    [
                        254,
                        5
                    ],
                    [
                        253,
                        5
                    ],
                    [
                        252,
                        4
                    ],
                    [
                        252,
                        3
                    ],
                    [
                        248,
                        3
                    ],
                    [
                        247,
                        2
                    ],
                    [
                        242,
                        2
                    ],
                    [
                        241,
                        1
                    ],
                    [
                        241,
                        0
                    ]
                ]
            ],
            "group_id": null,
            "shape_type": "polygon",
            "flags": {}
        }
    ],
    "imagePath": "0.3916_mult_tile_58_25_23.png",
    "imageData": null,
    "imageHeight": 224,
    "imageWidth": 224
}