{
    "version": "4.5.9",
    "flags": {},
    "shapes": [
        {
            "label": "foreground",
            "points": [
                [
                    [
                        127,
                        20
                    ],
                    [
                        126,
                        21
                    ],
                    [
                        103,
                        21
                    ],
                    [
                        103,
                        22
                    ],
                    [
                        102,
                        23
                    ],
                    [
                        98,
                        23
                    ],
                    [
                        98,
                        24
                    ],
                    [
                        97,
                        25
                    ],
                    [
                        95,
                        25
                    ],
                    [
                        94,
                        26
                    ],
                    [
                        93,
                        26
                    ],
                    [
                        93,
                        29
                    ],
                    [
                        92,
                        30
                    ],
                    [
                        91,
                        30
                    ],
                    [
                        90,
                        31
                    ],
                    [
                        90,
                        32
                    ],
                    [
                        89,
                        33
                    ],
                    [
                        88,
                        33
                    ],
                    [
                        88,
                        34
                    ],
                    [
                        87,
                        35
                    ],
                    [
                        86,
                        35
                    ],
                    [
                        85,
                        36
                    ],
                    [
                        85,
                        37
                    ],
                    [
                        84,
                        38
                    ],
                    [
                        83,
                        38
                    ],
                    [
                        83,
                        39
                    ],
                    [
                        82,
                        40
                    ],
                    [
                        81,
                        40
                    ],
                    [
                        80,
                        41
                    ],
                    [
                        80,
                        42
                    ],
                    [
                        79,
                        43
                    ],
                    [
                        78,
                        43
                    ],
                    [
                        77,
                        44
                    ],
                    [
                        76,
                        44
                    ],
                    [
                        76,
                        45
                    ],
                    [
                        75,
                        46
                    ],
                    [
                        75,
                        47
                    ],
                    [
                        74,
                        48
                    ],
                    [
                        73,
                        48
                    ],
                    [
                        72,
                        49
                    ],
                    [
                        70,
                        49
                    ],
                    [
                        70,
                        52
                    ],
                    [
                        69,
                        53
                    ],
                    [
                        68,
                        53
                    ],
                    [
                        67,
                        54
                    ],
                    [
                        67,
                        55
                    ],
                    [
                        66,
                        56
                    ],
                    [
                        65,
                        56
                    ],
                    [
                        65,
                        57
                    ],
                    [
                        64,
                        58
                    ],
                    [
                        63,
                        58
                    ],
                    [
                        62,
                        59
                    ],
                    [
                        62,
                        62
                    ],
                    [
                        61,
                        63
                    ],
                    [
                        60,
                        63
                    ],
                    [
                        60,
                        65
                    ],
                    [
                        59,
                        66
                    ],
                    [
                        58,
                        66
                    ],
                    [
                        58,
                        67
                    ],
                    [
                        56,
                        69
                    ],
                    [
                        55,
                        69
                    ],
                    [
                        55,
                        70
                    ],
                    [
                        54,
                        71
                    ],
                    [
                        53,
                        71
                    ],
                    [
                        53,
                        73
                    ],
                    [
                        52,
                        74
                    ],
                    [
                        52,
                        76
                    ],
                    [
                        51,
                        77
                    ],
                    [
                        50,
                        77
                    ],
                    [
                        50,
                        80
                    ],
                    [
                        49,
                        81
                    ],
                    [
                        48,
                        81
                    ],
                    [
                        48,
                        83
                    ],
                    [
                        47,
                        84
                    ],
                    [
                        47,
                        86
                    ],
                    [
                        46,
                        87
                    ],
                    [
                        45,
                        87
                    ],
                    [
                        45,
                        91
                    ],
                    [
                        44,
                        92
                    ],
                    [
                        43,
                        92
                    ],
                    [
                        43,
                        96
                    ],
                    [
                        42,
                        97
                    ],
                    [
                        42,
                        98
                    ],
                    [
                        41,
                        99
                    ],
                    [
                        40,
                        99
                    ],
                    [
                        40,
                        106
                    ],
                    [
                        39,
                        107
                    ],
                    [
                        39,
                        111
                    ],
                    [
                        38,
                        112
                    ],
                    [
                        37,
                        112
                    ],
                    [
                        37,
                        118
                    ],
                    [
                        36,
                        119
                    ],
                    [
                        35,
                        119
                    ],
                    [
                        35,
                        121
                    ],
                    [
                        34,
                        122
                    ],
                    [
                        34,
                        123
                    ],
                    [
                        33,
                        124
                    ],
                    [
                        32,
                        124
                    ],
                    [
                        32,
                        126
                    ],
                    [
                        31,
                        127
                    ],
                    [
                        30,
                        127
                    ],
                    [
                        30,
                        132
                    ],
                    [
                        31,
                        132
                    ],
                    [
                        32,
                        133
                    ],
                    [
                        32,
                        136
                    ],
                    [
                        33,
                        136
                    ],
                    [
                        34,
                        137
                    ],
                    [
                        34,
                        144
                    ],
                    [
                        33,
                        145
                    ],
                    [
                        32,
                        145
                    ],
                    [
                        32,
                        147
                    ],
                    [
                        31,
                        148
                    ],
                    [
                        30,
                        148
                    ],
                    [
                        30,
                        151
                    ],
                    [
                        29,
                        152
                    ],
                    [
                        29,
                        154
                    ],
                    [
                        28,
                        155
                    ],
                    [
                        27,
                        155
                    ],
                    [
                        27,
                        157
                    ],
                    [
                        26,
                        158
                    ],
                    [
                        25,
                        158
                    ],
                    [
                        25,
                        164
                    ],
                    [
                        24,
                        165
                    ],
                    [
                        25,
                        166
                    ],
                    [
                        25,
                        167
                    ],
                    [
                        24,
                        168
                    ],
                    [
                        24,
                        169
                    ],
                    [
                        25,
                        170
                    ],
                    [
                        25,
                        180
                    ],
                    [
                        26,
                        180
                    ],
                    [
                        27,
                        181
                    ],
                    [
                        27,
                        184
                    ],
                    [
                        28,
                        184
                    ],
                    [
                        29,
                        185
                    ],
                    [
                        29,
                        187
                    ],
                    [
                        30,
                        188
                    ],
                    [
                        30,
                        190
                    ],
                    [
                        31,
                        190
                    ],
                    [
                        32,
                        191
                    ],
                    [
                        32,
                        193
                    ],
                    [
                        33,
                        193
                    ],
                    [
                        34,
                        194
                    ],
                    [
                        34,
                        198
                    ],
                    [
                        35,
                        199
                    ],
                    [
                        35,
                        200
                    ],
                    [
                        36,
                        200
                    ],
                    [
                        37,
                        201
                    ],
                    [
                        37,
                        205
                    ],
                    [
                        38,
                        205
                    ],
                    [
                        39,
                        206
                    ],
                    [
                        39,
                        207
                    ],
                    [
                        40,
                        208
                    ],
                    [
                        41,
                        208
                    ],
                    [
                        42,
                        209
                    ],
                    [
                        42,
                        212
                    ],
                    [
                        43,
                        213
                    ],
                    [
                        44,
                        213
                    ],
                    [
                        45,
                        214
                    ],
                    [
                        45,
                        216
                    ],
                    [
                        46,
                        216
                    ],
                    [
                        47,
                        217
                    ],
                    [
                        47,
                        220
                    ],
                    [
                        48,
                        221
                    ],
                    [
                        48,
                        223
                    ],
                    [
                        49,
                        223
                    ],
                    [
                        50,
                        224
                    ],
                    [
                        50,
                        225
                    ],
                    [
                        52,
                        225
                    ],
                    [
                        53,
                        226
                    ],
                    [
                        54,
                        226
                    ],
                    [
                        55,
                        227
                    ],
                    [
                        55,
                        228
                    ],
                    [
                        56,
                        228
                    ],
                    [
                        57,
                        229
                    ],
                    [
                        57,
                        230
                    ],
                    [
                        58,
                        231
                    ],
                    [
                        59,
                        231
                    ],
                    [
                        60,
                        232
                    ],
                    [
                        60,
                        235
                    ],
                    [
                        61,
                        235
                    ],
                    [
                        63,
                        237
                    ],
                    [
                        63,
                        238
                    ],
                    [
                        64,
                        238
                    ],
                    [
                        65,
                        239
                    ],
                    [
                        65,
                        241
                    ],
                    [
                        66,
                        241
                    ],
                    [
                        67,
                        242
                    ],
                    [
                        67,
                        243
                    ],
                    [
                        68,
                        244
                    ],
                    [
                        70,
                        244
                    ],
                    [
                        71,
                        245
                    ],
                    [
                        71,
                        246
                    ],
                    [
                        72,
                        246
                    ],
                    [
                        73,
                        247
                    ],
                    [
                        73,
                        248
                    ],
                    [
                        75,
                        248
                    ],
                    [
                        76,
                        249
                    ],
                    [
                        77,
                        249
                    ],
                    [
                        78,
                        250
                    ],
                    [
                        78,
                        251
                    ],
                    [
                        79,
                        251
                    ],
                    [
                        80,
                        252
                    ],
                    [
                        80,
                        253
                    ],
                    [
                        81,
                        254
                    ],
                    [
                        82,
                        254
                    ],
                    [
                        83,
                        255
                    ],
                    [
                        83,
                        256
                    ],
                    [
                        84,
                        256
                    ],
                    [
                        85,
                        257
                    ],
                    [
                        85,
                        258
                    ],
                    [
                        86,
                        259
                    ],
                    [
                        86,
                        262
                    ],
                    [
                        85,
                        263
                    ],
                    [
                        85,
                        264
                    ],
                    [
                        86,
                        265
                    ],
                    [
                        86,
                        271
                    ],
                    [
                        87,
                        271
                    ],
                    [
                        88,
                        272
                    ],
                    [
                        89,
                        272
                    ],
                    [
                        90,
                        273
                    ],
                    [
                        90,
                        276
                    ],
                    [
                        91,
                        277
                    ],
                    [
                        92,
                        277
                    ],
                    [
                        93,
                        278
                    ],
                    [
                        93,
                        279
                    ],
                    [
                        94,
                        279
                    ],
                    [
                        95,
                        280
                    ],
                    [
                        95,
                        281
                    ],
                    [
                        96,
                        282
                    ],
                    [
                        98,
                        282
                    ],
                    [
                        99,
                        283
                    ],
                    [
                        99,
                        284
                    ],
                    [
                        100,
                        284
                    ],
                    [
                        101,
                        285
                    ],
                    [
                        101,
                        286
                    ],
                    [
                        102,
                        286
                    ],
                    [
                        104,
                        288
                    ],
                    [
                        104,
                        289
                    ],
                    [
                        105,
                        289
                    ],
                    [
                        106,
                        290
                    ],
                    [
                        106,
                        291
                    ],
                    [
                        107,
                        291
                    ],
                    [
                        108,
                        292
                    ],
                    [
                        108,
                        294
                    ],
                    [
                        109,
                        295
                    ],
                    [
                        109,
                        296
                    ],
                    [
                        110,
                        296
                    ],
                    [
                        111,
                        297
                    ],
                    [
                        112,
                        297
                    ],
                    [
                        113,
                        298
                    ],
                    [
                        113,
                        299
                    ],
                    [
                        115,
                        299
                    ],
                    [
                        116,
                        300
                    ],
                    [
                        117,
                        300
                    ],
                    [
                        118,
                        301
                    ],
                    [
                        118,
                        302
                    ],
                    [
                        119,
                        303
                    ],
                    [
                        119,
                        304
                    ],
                    [
                        120,
                        304
                    ],
                    [
                        121,
                        305
                    ],
                    [
                        122,
                        305
                    ],
                    [
                        123,
                        306
                    ],
                    [
                        123,
                        307
                    ],
                    [
                        124,
                        308
                    ],
                    [
                        124,
                        309
                    ],
                    [
                        126,
                        309
                    ],
                    [
                        127,
                        310
                    ],
                    [
                        127,
                        312
                    ],
                    [
                        128,
                        312
                    ],
                    [
                        129,
                        313
                    ],
                    [
                        129,
                        314
                    ],
                    [
                        131,
                        314
                    ],
                    [
                        132,
                        315
                    ],
                    [
                        132,
                        317
                    ],
                    [
                        133,
                        317
                    ],
                    [
                        134,
                        318
                    ],
                    [
                        134,
                        319
                    ],
                    [
                        135,
                        319
                    ],
                    [
                        137,
                        321
                    ],
                    [
                        137,
                        322
                    ],
                    [
                        138,
                        322
                    ],
                    [
                        139,
                        323
                    ],
                    [
                        139,
                        324
                    ],
                    [
                        140,
                        324
                    ],
                    [
                        142,
                        326
                    ],
                    [
                        142,
                        327
                    ],
                    [
                        145,
                        327
                    ],
                    [
                        146,
                        328
                    ],
                    [
                        148,
                        328
                    ],
                    [
                        149,
                        329
                    ],
                    [
                        149,
                        330
                    ],
                    [
                        150,
                        330
                    ],
                    [
                        151,
                        331
                    ],
                    [
                        151,
                        332
                    ],
                    [
                        152,
                        333
                    ],
                    [
                        152,
                        335
                    ],
                    [
                        154,
                        335
                    ],
                    [
                        155,
                        336
                    ],
                    [
                        155,
                        337
                    ],
                    [
                        159,
                        337
                    ],
                    [
                        160,
                        338
                    ],
                    [
                        187,
                        338
                    ],
                    [
                        188,
                        337
                    ],
                    [
                        196,
                        337
                    ],
                    [
                        196,
                        336
                    ],
                    [
                        197,
                        335
                    ],
                    [
                        202,
                        335
                    ],
                    [
                        203,
                        336
                    ],
                    [
                        203,
                        337
                    ],
                    [
                        206,
                        337
                    ],
                    [
                        207,
                        338
                    ],
                    [
                        211,
                        338
                    ],
                    [
                        212,
                        339
                    ],
                    [
                        212,
                        340
                    ],
                    [
                        213,
                        341
                    ],
                    [
                        213,
                        342
                    ],
                    [
                        214,
                        342
                    ],
                    [
                        215,
                        343
                    ],
                    [
                        217,
                        343
                    ],
                    [
                        218,
                        344
                    ],
                    [
                        218,
                        345
                    ],
                    [
                        220,
                        345
                    ],
                    [
                        221,
                        346
                    ],
                    [
                        221,
                        347
                    ],
                    [
                        224,
                        347
                    ],
                    [
                        225,
                        348
                    ],
                    [
                        230,
                        348
                    ],
                    [
                        231,
                        349
                    ],
                    [
                        231,
                        350
                    ],
                    [
                        232,
                        350
                    ],
                    [
                        233,
                        351
                    ],
                    [
                        233,
                        352
                    ],
                    [
                        237,
                        352
                    ],
                    [
                        238,
                        353
                    ],
                    [
                        247,
                        353
                    ],
                    [
                        248,
                        354
                    ],
                    [
                        248,
                        355
                    ],
                    [
                        253,
                        355
                    ],
                    [
                        254,
                        356
                    ],
                    [
                        260,
                        356
                    ],
                    [
                        261,
                        357
                    ],
                    [
                        261,
                        358
                    ],
                    [
                        281,
                        358
                    ],
                    [
                        281,
                        357
                    ],
                    [
                        282,
                        356
                    ],
                    [
                        286,
                        356
                    ],
                    [
                        287,
                        355
                    ],
                    [
                        291,
                        355
                    ],
                    [
                        291,
                        354
                    ],
                    [
                        292,
                        353
                    ],
                    [
                        293,
                        353
                    ],
                    [
                        294,
                        352
                    ],
                    [
                        296,
                        352
                    ],
                    [
                        296,
                        351
                    ],
                    [
                        297,
                        350
                    ],
                    [
                        299,
                        350
                    ],
                    [
                        299,
                        349
                    ],
                    [
                        300,
                        348
                    ],
                    [
                        301,
                        348
                    ],
                    [
                        302,
                        347
                    ],
                    [
                        303,
                        347
                    ],
                    [
                        303,
                        346
                    ],
                    [
                        304,
                        345
                    ],
                    [
                        306,
                        345
                    ],
                    [
                        306,
                        344
                    ],
                    [
                        307,
                        343
                    ],
                    [
                        308,
                        343
                    ],
                    [
                        309,
                        342
                    ],
                    [
                        309,
                        341
                    ],
                    [
                        310,
                        340
                    ],
                    [
                        311,
                        340
                    ],
                    [
                        311,
                        339
                    ],
                    [
                        312,
                        338
                    ],
                    [
                        313,
                        338
                    ],
                    [
                        314,
                        337
                    ],
                    [
                        316,
                        337
                    ],
                    [
                        316,
                        336
                    ],
                    [
                        317,
                        335
                    ],
                    [
                        318,
                        335
                    ],
                    [
                        318,
                        333
                    ],
                    [
                        319,
                        332
                    ],
                    [
                        319,
                        331
                    ],
                    [
                        320,
                        330
                    ],
                    [
                        321,
                        330
                    ],
                    [
                        321,
                        329
                    ],
                    [
                        322,
                        328
                    ],
                    [
                        323,
                        328
                    ],
                    [
                        323,
                        326
                    ],
                    [
                        325,
                        324
                    ],
                    [
                        326,
                        324
                    ],
                    [
                        326,
                        323
                    ],
                    [
                        327,
                        322
                    ],
                    [
                        327,
                        320
                    ],
                    [
                        328,
                        319
                    ],
                    [
                        329,
                        319
                    ],
                    [
                        329,
                        316
                    ],
                    [
                        330,
                        315
                    ],
                    [
                        331,
                        315
                    ],
                    [
                        332,
                        314
                    ],
                    [
                        332,
                        311
                    ],
                    [
                        333,
                        310
                    ],
                    [
                        334,
                        310
                    ],
                    [
                        334,
                        305
                    ],
                    [
                        335,
                        304
                    ],
                    [
                        336,
                        304
                    ],
                    [
                        336,
                        301
                    ],
                    [
                        337,
                        300
                    ],
                    [
                        337,
                        292
                    ],
                    [
                        338,
                        291
                    ],
                    [
                        339,
                        291
                    ],
                    [
                        339,
                        285
                    ],
                    [
                        340,
                        284
                    ],
                    [
                        341,
                        284
                    ],
                    [
                        341,
                        278
                    ],
                    [
                        342,
                        277
                    ],
                    [
                        342,
                        270
                    ],
                    [
                        343,
                        269
                    ],
                    [
                        344,
                        269
                    ],
                    [
                        344,
                        260
                    ],
                    [
                        343,
                        260
                    ],
                    [
                        342,
                        259
                    ],
                    [
                        342,
                        255
                    ],
                    [
                        341,
                        254
                    ],
                    [
                        341,
                        252
                    ],
                    [
                        342,
                        251
                    ],
                    [
                        342,
                        242
                    ],
                    [
                        341,
                        241
                    ],
                    [
                        341,
                        236
                    ],
                    [
                        342,
                        235
                    ],
                    [
                        342,
                        221
                    ],
                    [
                        341,
                        220
                    ],
                    [
                        341,
                        204
                    ],
                    [
                        342,
                        203
                    ],
                    [
                        342,
                        198
                    ],
                    [
                        341,
                        197
                    ],
                    [
                        341,
                        196
                    ],
                    [
                        340,
                        196
                    ],
                    [
                        339,
                        195
                    ],
                    [
                        339,
                        194
                    ],
                    [
                        335,
                        194
                    ],
                    [
                        334,
                        193
                    ],
                    [
                        332,
                        193
                    ],
                    [
                        331,
                        192
                    ],
                    [
                        331,
                        188
                    ],
                    [
                        330,
                        188
                    ],
                    [
                        329,
                        187
                    ],
                    [
                        329,
                        180
                    ],
                    [
                        328,
                        180
                    ],
                    [
                        327,
                        179
                    ],
                    [
                        327,
                        175
                    ],
                    [
                        326,
                        174
                    ],
                    [
                        326,
                        171
                    ],
                    [
                        325,
                        171
                    ],
                    [
                        324,
                        170
                    ],
                    [
                        324,
                        166
                    ],
                    [
                        323,
                        165
                    ],
                    [
                        323,
                        163
                    ],
                    [
                        322,
                        163
                    ],
                    [
                        321,
                        162
                    ],
                    [
                        321,
                        156
                    ],
                    [
                        320,
                        156
                    ],
                    [
                        319,
                        155
                    ],
                    [
                        319,
                        153
                    ],
                    [
                        318,
                        152
                    ],
                    [
                        318,
                        150
                    ],
                    [
                        317,
                        150
                    ],
                    [
                        316,
                        149
                    ],
                    [
                        316,
                        147
                    ],
                    [
                        312,
                        147
                    ],
                    [
                        311,
                        146
                    ],
                    [
                        311,
                        145
                    ],
                    [
                        310,
                        145
                    ],
                    [
                        309,
                        144
                    ],
                    [
                        309,
                        143
                    ],
                    [
                        307,
                        143
                    ],
                    [
                        306,
                        142
                    ],
                    [
                        305,
                        142
                    ],
                    [
                        304,
                        141
                    ],
                    [
                        304,
                        140
                    ],
                    [
                        303,
                        139
                    ],
                    [
                        303,
                        138
                    ],
                    [
                        302,
                        138
                    ],
                    [
                        301,
                        137
                    ],
                    [
                        300,
                        137
                    ],
                    [
                        299,
                        136
                    ],
                    [
                        299,
                        135
                    ],
                    [
                        298,
                        134
                    ],
                    [
                        298,
                        133
                    ],
                    [
                        297,
                        133
                    ],
                    [
                        296,
                        132
                    ],
                    [
                        296,
                        128
                    ],
                    [
                        295,
                        127
                    ],
                    [
                        295,
                        125
                    ],
                    [
                        294,
                        125
                    ],
                    [
                        293,
                        124
                    ],
                    [
                        292,
                        124
                    ],
                    [
                        291,
                        123
                    ],
                    [
                        291,
                        122
                    ],
                    [
                        290,
                        121
                    ],
                    [
                        290,
                        119
                    ],
                    [
                        289,
                        119
                    ],
                    [
                        288,
                        118
                    ],
                    [
                        288,
                        115
                    ],
                    [
                        287,
                        115
                    ],
                    [
                        286,
                        114
                    ],
                    [
                        286,
                        112
                    ],
                    [
                        284,
                        112
                    ],
                    [
                        283,
                        111
                    ],
                    [
                        283,
                        110
                    ],
                    [
                        282,
                        110
                    ],
                    [
                        280,
                        108
                    ],
                    [
                        280,
                        107
                    ],
                    [
                        279,
                        107
                    ],
                    [
                        278,
                        106
                    ],
                    [
                        278,
                        105
                    ],
                    [
                        277,
                        105
                    ],
                    [
                        275,
                        103
                    ],
                    [
                        275,
                        102
                    ],
                    [
                        274,
                        102
                    ],
                    [
                        273,
                        101
                    ],
                    [
                        273,
                        99
                    ],
                    [
                        272,
                        99
                    ],
                    [
                        271,
                        98
                    ],
                    [
                        271,
                        97
                    ],
                    [
                        270,
                        96
                    ],
                    [
                        269,
                        96
                    ],
                    [
                        268,
                        95
                    ],
                    [
                        268,
                        94
                    ],
                    [
                        267,
                        93
                    ],
                    [
                        267,
                        91
                    ],
                    [
                        266,
                        91
                    ],
                    [
                        265,
                        90
                    ],
                    [
                        265,
                        89
                    ],
                    [
                        264,
                        89
                    ],
                    [
                        263,
                        88
                    ],
                    [
                        263,
                        87
                    ],
                    [
                        262,
                        86
                    ],
                    [
                        262,
                        84
                    ],
                    [
                        261,
                        84
                    ],
                    [
                        260,
                        83
                    ],
                    [
                        260,
                        81
                    ],
                    [
                        259,
                        81
                    ],
                    [
                        258,
                        80
                    ],
                    [
                        258,
                        76
                    ],
                    [
                        257,
                        75
                    ],
                    [
                        257,
                        74
                    ],
                    [
                        256,
                        74
                    ],
                    [
                        255,
                        73
                    ],
                    [
                        255,
                        72
                    ],
                    [
                        254,
                        72
                    ],
                    [
                        252,
                        70
                    ],
                    [
                        252,
                        68
                    ],
                    [
                        251,
                        68
                    ],
                    [
                        250,
                        67
                    ],
                    [
                        250,
                        64
                    ],
                    [
                        248,
                        64
                    ],
                    [
                        247,
                        63
                    ],
                    [
                        246,
                        63
                    ],
                    [
                        245,
                        62
                    ],
                    [
                        245,
                        61
                    ],
                    [
                        244,
                        61
                    ],
                    [
                        243,
                        60
                    ],
                    [
                        243,
                        59
                    ],
                    [
                        242,
                        58
                    ],
                    [
                        242,
                        56
                    ],
                    [
                        241,
                        56
                    ],
                    [
                        240,
                        55
                    ],
                    [
                        240,
                        54
                    ],
                    [
                        239,
                        53
                    ],
                    [
                        238,
                        53
                    ],
                    [
                        237,
                        52
                    ],
                    [
                        237,
                        49
                    ],
                    [
                        236,
                        49
                    ],
                    [
                        235,
                        48
                    ],
                    [
                        235,
                        44
                    ],
                    [
                        234,
                        43
                    ],
                    [
                        233,
                        43
                    ],
                    [
                        232,
                        42
                    ],
                    [
                        232,
                        41
                    ],
                    [
                        231,
                        41
                    ],
                    [
                        230,
                        40
                    ],
                    [
                        230,
                        38
                    ],
                    [
                        229,
                        37
                    ],
                    [
                        229,
                        35
                    ],
                    [
                        228,
                        35
                    ],
                    [
                        227,
                        34
                    ],
                    [
                        227,
                        33
                    ],
                    [
                        226,
                        33
                    ],
                    [
                        225,
                        32
                    ],
                    [
                        225,
                        31
                    ],
                    [
                        223,
                        31
                    ],
                    [
                        222,
                        30
                    ],
                    [
                        220,
                        30
                    ],
                    [
                        219,
                        29
                    ],
                    [
                        219,
                        28
                    ],
                    [
                        218,
                        28
                    ],
                    [
                        217,
                        27
                    ],
                    [
                        217,
                        26
                    ],
                    [
                        213,
                        26
                    ],
                    [
                        212,
                        25
                    ],
                    [
                        208,
                        25
                    ],
                    [
                        207,
                        24
                    ],
                    [
                        207,
                        23
                    ],
                    [
                        202,
                        23
                    ],
                    [
                        201,
                        22
                    ],
                    [
                        201,
                        21
                    ],
                    [
                        198,
                        21
                    ],
                    [
                        198,
                        22
                    ],
                    [
                        197,
                        23
                    ],
                    [
                        180,
                        23
                    ],
                    [
                        179,
                        22
                    ],
                    [
                        179,
                        21
                    ],
                    [
                        164,
                        21
                    ],
                    [
                        164,
                        22
                    ],
                    [
                        163,
                        23
                    ],
                    [
                        151,
                        23
                    ],
                    [
                        150,
                        22
                    ],
                    [
                        150,
                        21
                    ],
                    [
                        132,
                        21
                    ],
                    [
                        131,
                        20
                    ]
                ]
            ],
            "group_id": null,
            "shape_type": "polygon",
            "flags": {}
        }
    ],
    "imagePath": "0.4243_mult_tile_20_51_2.png",
    "imageData": null,
    "imageHeight": 224,
    "imageWidth": 224
}