{
    "version": "4.5.9",
    "flags": {},
    "shapes": [
        {
            "label": "foreground",
            "points": [
                [
                    [
                        21,
                        1
                    ],
                    [
                        16,
                        6
                    ],
                    [
                        16,
                        9
                    ],
                    [
                        15,
                        10
                    ],
                    [
                        15,
                        11
                    ],
                    [
                        14,
                        12
                    ],
                    [
                        14,
                        13
                    ],
                    [
                        13,
                        14
                    ],
                    [
                        13,
                        16
                    ],
                    [
                        14,
                        17
                    ],
                    [
                        14,
                        19
                    ],
                    [
                        18,
                        23
                    ],
                    [
                        19,
                        23
                    ],
                    [
                        20,
                        24
                    ],
                    [
                        21,
                        24
                    ],
                    [
                        22,
                        25
                    ],
                    [
                        23,
                        25
                    ],
                    [
                        24,
                        26
                    ],
                    [
                        34,
                        26
                    ],
                    [
                        34,
                        25
                    ],
                    [
                        35,
                        24
                    ],
                    [
                        38,
                        24
                    ],
                    [
                        39,
                        23
                    ],
                    [
                        40,
                        23
                    ],
                    [
                        45,
                        18
                    ],
                    [
                        45,
                        17
                    ],
                    [
                        46,
                        16
                    ],
                    [
                        46,
                        15
                    ],
                    [
                        47,
                        14
                    ],
                    [
                        47,
                        13
                    ],
                    [
                        48,
                        12
                    ],
                    [
                        48,
                        6
                    ],
                    [
                        47,
                        5
                    ],
                    [
                        47,
                        4
                    ],
                    [
                        45,
                        2
                    ],
                    [
                        44,
                        2
                    ],
                    [
                        43,
                        1
                    ]
                ]
            ],
            "group_id": null,
            "shape_type": "polygon",
            "flags": {}
        }
    ],
    "imagePath": "0.4522_good_tile_20_41_11.png",
    "imageData": null,
    "imageHeight": 224,
    "imageWidth": 224
}