{
    "version": "4.5.9",
    "flags": {},
    "shapes": [
        {
            "label": "foreground",
            "points": [
                [
                    [
                        156,
                        26
                    ],
                    [
                        150,
                        32
                    ],
                    [
                        147,
                        32
                    ],
                    [
                        145,
                        34
                    ],
                    [
                        141,
                        34
                    ],
                    [
                        140,
                        35
                    ],
                    [
                        135,
                        35
                    ],
                    [
                        134,
                        36
                    ],
                    [
                        131,
                        36
                    ],
                    [
                        130,
                        37
                    ],
                    [
                        126,
                        37
                    ],
                    [
                        125,
                        38
                    ],
                    [
                        114,
                        38
                    ],
                    [
                        113,
                        37
                    ],
                    [
                        112,
                        38
                    ],
                    [
                        106,
                        38
                    ],
                    [
                        105,
                        39
                    ],
                    [
                        103,
                        39
                    ],
                    [
                        101,
                        41
                    ],
                    [
                        99,
                        41
                    ],
                    [
                        98,
                        42
                    ],
                    [
                        95,
                        42
                    ],
                    [
                        93,
                        44
                    ],
                    [
                        90,
                        44
                    ],
                    [
                        89,
                        45
                    ],
                    [
                        86,
                        45
                    ],
                    [
                        85,
                        46
                    ],
                    [
                        74,
                        46
                    ],
                    [
                        73,
                        47
                    ],
                    [
                        71,
                        47
                    ],
                    [
                        70,
                        48
                    ],
                    [
                        66,
                        48
                    ],
                    [
                        64,
                        50
                    ],
                    [
                        61,
                        50
                    ],
                    [
                        59,
                        52
                    ],
                    [
                        57,
                        52
                    ],
                    [
                        55,
                        54
                    ],
                    [
                        52,
                        54
                    ],
                    [
                        50,
                        56
                    ],
                    [
                        49,
                        56
                    ],
                    [
                        48,
                        57
                    ],
                    [
                        45,
                        57
                    ],
                    [
                        44,
                        58
                    ],
                    [
                        43,
                        58
                    ],
                    [
                        42,
                        59
                    ],
                    [
                        39,
                        59
                    ],
                    [
                        38,
                        60
                    ],
                    [
                        35,
                        60
                    ],
                    [
                        33,
                        62
                    ],
                    [
                        32,
                        62
                    ],
                    [
                        27,
                        67
                    ],
                    [
                        27,
                        68
                    ],
                    [
                        24,
                        71
                    ],
                    [
                        24,
                        75
                    ],
                    [
                        22,
                        77
                    ],
                    [
                        22,
                        79
                    ],
                    [
                        20,
                        81
                    ],
                    [
                        20,
                        83
                    ],
                    [
                        21,
                        84
                    ],
                    [
                        21,
                        85
                    ],
                    [
                        22,
                        86
                    ],
                    [
                        22,
                        88
                    ],
                    [
                        23,
                        89
                    ],
                    [
                        23,
                        90
                    ],
                    [
                        25,
                        92
                    ],
                    [
                        25,
                        93
                    ],
                    [
                        26,
                        94
                    ],
                    [
                        27,
                        94
                    ],
                    [
                        29,
                        96
                    ],
                    [
                        30,
                        96
                    ],
                    [
                        31,
                        97
                    ],
                    [
                        31,
                        98
                    ],
                    [
                        32,
                        99
                    ],
                    [
                        32,
                        100
                    ],
                    [
                        33,
                        100
                    ],
                    [
                        34,
                        101
                    ],
                    [
                        36,
                        101
                    ],
                    [
                        37,
                        102
                    ],
                    [
                        38,
                        102
                    ],
                    [
                        39,
                        103
                    ],
                    [
                        41,
                        103
                    ],
                    [
                        42,
                        104
                    ],
                    [
                        44,
                        104
                    ],
                    [
                        45,
                        105
                    ],
                    [
                        47,
                        105
                    ],
                    [
                        48,
                        106
                    ],
                    [
                        50,
                        106
                    ],
                    [
                        56,
                        112
                    ],
                    [
                        56,
                        113
                    ],
                    [
                        60,
                        117
                    ],
                    [
                        62,
                        117
                    ],
                    [
                        63,
                        118
                    ],
                    [
                        68,
                        118
                    ],
                    [
                        69,
                        117
                    ],
                    [
                        70,
                        117
                    ],
                    [
                        72,
                        115
                    ],
                    [
                        73,
                        115
                    ],
                    [
                        74,
                        114
                    ],
                    [
                        75,
                        114
                    ],
                    [
                        77,
                        112
                    ],
                    [
                        79,
                        112
                    ],
                    [
                        83,
                        108
                    ],
                    [
                        85,
                        108
                    ],
                    [
                        86,
                        107
                    ],
                    [
                        87,
                        107
                    ],
                    [
                        88,
                        106
                    ],
                    [
                        89,
                        106
                    ],
                    [
                        92,
                        103
                    ],
                    [
                        92,
                        101
                    ],
                    [
                        93,
                        100
                    ],
                    [
                        99,
                        100
                    ],
                    [
                        100,
                        99
                    ],
                    [
                        110,
                        99
                    ],
                    [
                        111,
                        98
                    ],
                    [
                        126,
                        98
                    ],
                    [
                        127,
                        97
                    ],
                    [
                        131,
                        97
                    ],
                    [
                        133,
                        95
                    ],
                    [
                        140,
                        95
                    ],
                    [
                        141,
                        94
                    ],
                    [
                        144,
                        94
                    ],
                    [
                        147,
                        91
                    ],
                    [
                        148,
                        91
                    ],
                    [
                        149,
                        90
                    ],
                    [
                        150,
                        90
                    ],
                    [
                        155,
                        85
                    ],
                    [
                        156,
                        85
                    ],
                    [
                        159,
                        82
                    ],
                    [
                        160,
                        82
                    ],
                    [
                        163,
                        79
                    ],
                    [
                        163,
                        78
                    ],
                    [
                        164,
                        77
                    ],
                    [
                        164,
                        76
                    ],
                    [
                        165,
                        75
                    ],
                    [
                        165,
                        69
                    ],
                    [
                        166,
                        68
                    ],
                    [
                        166,
                        66
                    ],
                    [
                        165,
                        65
                    ],
                    [
                        165,
                        62
                    ],
                    [
                        166,
                        61
                    ],
                    [
                        166,
                        54
                    ],
                    [
                        165,
                        53
                    ],
                    [
                        165,
                        51
                    ],
                    [
                        166,
                        50
                    ],
                    [
                        166,
                        49
                    ],
                    [
                        169,
                        46
                    ],
                    [
                        170,
                        46
                    ],
                    [
                        171,
                        45
                    ],
                    [
                        171,
                        42
                    ],
                    [
                        166,
                        37
                    ],
                    [
                        166,
                        36
                    ],
                    [
                        164,
                        34
                    ],
                    [
                        164,
                        33
                    ],
                    [
                        162,
                        31
                    ],
                    [
                        162,
                        30
                    ],
                    [
                        161,
                        29
                    ],
                    [
                        161,
                        28
                    ],
                    [
                        159,
                        26
                    ]
                ]
            ],
            "group_id": null,
            "shape_type": "polygon",
            "flags": {}
        }
    ],
    "imagePath": "0.5686_good_tile_52_31_0.png",
    "imageData": null,
    "imageHeight": 224,
    "imageWidth": 224
}