{
    "version": "4.5.9",
    "flags": {},
    "shapes": [
        {
            "label": "foreground",
            "points": [
                [
                    [
                        22,
                        6
                    ],
                    [
                        21,
                        7
                    ],
                    [
                        17,
                        7
                    ],
                    [
                        14,
                        10
                    ],
                    [
                        14,
                        11
                    ],
                    [
                        12,
                        13
                    ],
                    [
                        12,
                        14
                    ],
                    [
                        10,
                        16
                    ],
                    [
                        10,
                        17
                    ],
                    [
                        9,
                        18
                    ],
                    [
                        9,
                        23
                    ],
                    [
                        10,
                        24
                    ],
                    [
                        10,
                        25
                    ],
                    [
                        11,
                        26
                    ],
                    [
                        11,
                        28
                    ],
                    [
                        14,
                        31
                    ],
                    [
                        15,
                        31
                    ],
                    [
                        17,
                        33
                    ],
                    [
                        18,
                        33
                    ],
                    [
                        19,
                        34
                    ],
                    [
                        23,
                        34
                    ],
                    [
                        24,
                        35
                    ],
                    [
                        26,
                        35
                    ],
                    [
                        27,
                        34
                    ],
                    [
                        28,
                        34
                    ],
                    [
                        30,
                        32
                    ],
                    [
                        31,
                        32
                    ],
                    [
                        35,
                        28
                    ],
                    [
                        35,
                        26
                    ],
                    [
                        36,
                        25
                    ],
                    [
                        36,
                        21
                    ],
                    [
                        37,
                        20
                    ],
                    [
                        37,
                        19
                    ],
                    [
                        38,
                        18
                    ],
                    [
                        38,
                        11
                    ],
                    [
                        37,
                        10
                    ],
                    [
                        37,
                        9
                    ],
                    [
                        36,
                        9
                    ],
                    [
                        35,
                        8
                    ],
                    [
                        30,
                        8
                    ],
                    [
                        29,
                        7
                    ],
                    [
                        25,
                        7
                    ],
                    [
                        24,
                        6
                    ]
                ]
            ],
            "group_id": null,
            "shape_type": "polygon",
            "flags": {}
        }
    ],
    "imagePath": "0.5618_good_tile_52_31_10.png",
    "imageData": null,
    "imageHeight": 224,
    "imageWidth": 224
}