{
    "version": "4.5.9",
    "flags": {},
    "shapes": [
        {
            "label": "foreground",
            "points": [
                [
                    [
                        30,
                        17
                    ],
                    [
                        28,
                        19
                    ],
                    [
                        28,
                        20
                    ],
                    [
                        27,
                        21
                    ],
                    [
                        27,
                        23
                    ],
                    [
                        28,
                        24
                    ],
                    [
                        28,
                        25
                    ],
                    [
                        29,
                        26
                    ],
                    [
                        29,
                        27
                    ],
                    [
                        28,
                        28
                    ],
                    [
                        28,
                        30
                    ],
                    [
                        29,
                        31
                    ],
                    [
                        27,
                        33
                    ],
                    [
                        27,
                        35
                    ],
                    [
                        28,
                        36
                    ],
                    [
                        27,
                        37
                    ],
                    [
                        27,
                        39
                    ],
                    [
                        28,
                        40
                    ],
                    [
                        28,
                        45
                    ],
                    [
                        26,
                        47
                    ],
                    [
                        26,
                        54
                    ],
                    [
                        25,
                        55
                    ],
                    [
                        25,
                        57
                    ],
                    [
                        24,
                        58
                    ],
                    [
                        24,
                        59
                    ],
                    [
                        21,
                        62
                    ],
                    [
                        21,
                        67
                    ],
                    [
                        20,
                        68
                    ],
                    [
                        20,
                        73
                    ],
                    [
                        21,
                        74
                    ],
                    [
                        21,
                        75
                    ],
                    [
                        22,
                        75
                    ],
                    [
                        25,
                        78
                    ],
                    [
                        25,
                        79
                    ],
                    [
                        27,
                        81
                    ],
                    [
                        27,
                        82
                    ],
                    [
                        28,
                        83
                    ],
                    [
                        28,
                        84
                    ],
                    [
                        29,
                        85
                    ],
                    [
                        29,
                        86
                    ],
                    [
                        32,
                        89
                    ],
                    [
                        32,
                        92
                    ],
                    [
                        33,
                        93
                    ],
                    [
                        33,
                        95
                    ],
                    [
                        34,
                        96
                    ],
                    [
                        34,
                        97
                    ],
                    [
                        35,
                        98
                    ],
                    [
                        36,
                        98
                    ],
                    [
                        39,
                        101
                    ],
                    [
                        72,
                        101
                    ],
                    [
                        73,
                        100
                    ],
                    [
                        80,
                        100
                    ],
                    [
                        81,
                        99
                    ],
                    [
                        82,
                        99
                    ],
                    [
                        83,
                        98
                    ],
                    [
                        86,
                        98
                    ],
                    [
                        87,
                        97
                    ],
                    [
                        89,
                        97
                    ],
                    [
                        90,
                        96
                    ],
                    [
                        91,
                        96
                    ],
                    [
                        94,
                        93
                    ],
                    [
                        95,
                        93
                    ],
                    [
                        96,
                        92
                    ],
                    [
                        96,
                        91
                    ],
                    [
                        99,
                        88
                    ],
                    [
                        100,
                        88
                    ],
                    [
                        101,
                        87
                    ],
                    [
                        101,
                        86
                    ],
                    [
                        102,
                        85
                    ],
                    [
                        100,
                        85
                    ],
                    [
                        98,
                        83
                    ],
                    [
                        97,
                        83
                    ],
                    [
                        96,
                        82
                    ],
                    [
                        95,
                        83
                    ],
                    [
                        92,
                        83
                    ],
                    [
                        91,
                        82
                    ],
                    [
                        90,
                        82
                    ],
                    [
                        89,
                        81
                    ],
                    [
                        88,
                        81
                    ],
                    [
                        83,
                        76
                    ],
                    [
                        82,
                        76
                    ],
                    [
                        80,
                        74
                    ],
                    [
                        79,
                        74
                    ],
                    [
                        74,
                        69
                    ],
                    [
                        73,
                        69
                    ],
                    [
                        68,
                        64
                    ],
                    [
                        68,
                        63
                    ],
                    [
                        65,
                        60
                    ],
                    [
                        65,
                        58
                    ],
                    [
                        64,
                        57
                    ],
                    [
                        64,
                        56
                    ],
                    [
                        58,
                        50
                    ],
                    [
                        58,
                        49
                    ],
                    [
                        57,
                        48
                    ],
                    [
                        57,
                        43
                    ],
                    [
                        56,
                        42
                    ],
                    [
                        56,
                        41
                    ],
                    [
                        55,
                        40
                    ],
                    [
                        55,
                        39
                    ],
                    [
                        50,
                        34
                    ],
                    [
                        50,
                        33
                    ],
                    [
                        49,
                        32
                    ],
                    [
                        49,
                        30
                    ],
                    [
                        48,
                        29
                    ],
                    [
                        48,
                        28
                    ],
                    [
                        46,
                        26
                    ],
                    [
                        45,
                        26
                    ],
                    [
                        44,
                        25
                    ],
                    [
                        43,
                        25
                    ],
                    [
                        41,
                        23
                    ],
                    [
                        40,
                        23
                    ],
                    [
                        36,
                        19
                    ],
                    [
                        35,
                        19
                    ],
                    [
                        33,
                        17
                    ]
                ]
            ],
            "group_id": null,
            "shape_type": "polygon",
            "flags": {}
        }
    ],
    "imagePath": "0.5764_good_tile_58_25_0.png",
    "imageData": null,
    "imageHeight": 224,
    "imageWidth": 224
}