{
    "version": "4.5.9",
    "flags": {},
    "shapes": [
        {
            "label": "foreground",
            "points": [
                [
                    [
                        43,
                        21
                    ],
                    [
                        42,
                        22
                    ],
                    [
                        40,
                        22
                    ],
                    [
                        39,
                        23
                    ],
                    [
                        34,
                        23
                    ],
                    [
                        34,
                        25
                    ],
                    [
                        32,
                        27
                    ],
                    [
                        31,
                        26
                    ],
                    [
                        29,
                        26
                    ],
                    [
                        25,
                        30
                    ],
                    [
                        23,
                        30
                    ],
                    [
                        23,
                        32
                    ],
                    [
                        21,
                        34
                    ],
                    [
                        20,
                        34
                    ],
                    [
                        20,
                        39
                    ],
                    [
                        21,
                        40
                    ],
                    [
                        21,
                        45
                    ],
                    [
                        22,
                        46
                    ],
                    [
                        22,
                        52
                    ],
                    [
                        23,
                        53
                    ],
                    [
                        23,
                        62
                    ],
                    [
                        24,
                        63
                    ],
                    [
                        24,
                        64
                    ],
                    [
                        25,
                        65
                    ],
                    [
                        25,
                        66
                    ],
                    [
                        27,
                        68
                    ],
                    [
                        27,
                        69
                    ],
                    [
                        32,
                        74
                    ],
                    [
                        33,
                        74
                    ],
                    [
                        35,
                        76
                    ],
                    [
                        36,
                        76
                    ],
                    [
                        38,
                        78
                    ],
                    [
                        39,
                        78
                    ],
                    [
                        41,
                        80
                    ],
                    [
                        42,
                        80
                    ],
                    [
                        43,
                        81
                    ],
                    [
                        44,
                        81
                    ],
                    [
                        45,
                        82
                    ],
                    [
                        46,
                        82
                    ],
                    [
                        48,
                        84
                    ],
                    [
                        49,
                        84
                    ],
                    [
                        50,
                        85
                    ],
                    [
                        51,
                        85
                    ],
                    [
                        52,
                        86
                    ],
                    [
                        53,
                        86
                    ],
                    [
                        54,
                        87
                    ],
                    [
                        55,
                        87
                    ],
                    [
                        56,
                        88
                    ],
                    [
                        58,
                        88
                    ],
                    [
                        59,
                        89
                    ],
                    [
                        61,
                        89
                    ],
                    [
                        62,
                        90
                    ],
                    [
                        64,
                        90
                    ],
                    [
                        65,
                        91
                    ],
                    [
                        70,
                        91
                    ],
                    [
                        71,
                        92
                    ],
                    [
                        73,
                        92
                    ],
                    [
                        74,
                        93
                    ],
                    [
                        76,
                        93
                    ],
                    [
                        77,
                        94
                    ],
                    [
                        80,
                        94
                    ],
                    [
                        81,
                        95
                    ],
                    [
                        84,
                        95
                    ],
                    [
                        85,
                        96
                    ],
                    [
                        87,
                        96
                    ],
                    [
                        88,
                        97
                    ],
                    [
                        90,
                        97
                    ],
                    [
                        91,
                        98
                    ],
                    [
                        94,
                        98
                    ],
                    [
                        95,
                        99
                    ],
                    [
                        111,
                        99
                    ],
                    [
                        112,
                        98
                    ],
                    [
                        113,
                        98
                    ],
                    [
                        114,
                        97
                    ],
                    [
                        116,
                        97
                    ],
                    [
                        117,
                        96
                    ],
                    [
                        118,
                        96
                    ],
                    [
                        120,
                        94
                    ],
                    [
                        121,
                        94
                    ],
                    [
                        122,
                        93
                    ],
                    [
                        123,
                        93
                    ],
                    [
                        124,
                        92
                    ],
                    [
                        125,
                        92
                    ],
                    [
                        125,
                        91
                    ],
                    [
                        130,
                        86
                    ],
                    [
                        131,
                        86
                    ],
                    [
                        131,
                        85
                    ],
                    [
                        133,
                        83
                    ],
                    [
                        137,
                        83
                    ],
                    [
                        138,
                        84
                    ],
                    [
                        140,
                        84
                    ],
                    [
                        141,
                        85
                    ],
                    [
                        143,
                        85
                    ],
                    [
                        142,
                        84
                    ],
                    [
                        141,
                        84
                    ],
                    [
                        140,
                        83
                    ],
                    [
                        139,
                        83
                    ],
                    [
                        138,
                        82
                    ],
                    [
                        137,
                        82
                    ],
                    [
                        136,
                        81
                    ],
                    [
                        136,
                        78
                    ],
                    [
                        135,
                        77
                    ],
                    [
                        135,
                        76
                    ],
                    [
                        134,
                        75
                    ],
                    [
                        134,
                        74
                    ],
                    [
                        133,
                        73
                    ],
                    [
                        133,
                        72
                    ],
                    [
                        130,
                        69
                    ],
                    [
                        130,
                        68
                    ],
                    [
                        129,
                        67
                    ],
                    [
                        129,
                        66
                    ],
                    [
                        128,
                        65
                    ],
                    [
                        127,
                        65
                    ],
                    [
                        126,
                        64
                    ],
                    [
                        126,
                        63
                    ],
                    [
                        127,
                        62
                    ],
                    [
                        128,
                        62
                    ],
                    [
                        129,
                        63
                    ],
                    [
                        130,
                        62
                    ],
                    [
                        130,
                        59
                    ],
                    [
                        131,
                        58
                    ],
                    [
                        131,
                        49
                    ],
                    [
                        130,
                        48
                    ],
                    [
                        130,
                        46
                    ],
                    [
                        129,
                        46
                    ],
                    [
                        128,
                        45
                    ],
                    [
                        125,
                        45
                    ],
                    [
                        124,
                        44
                    ],
                    [
                        118,
                        44
                    ],
                    [
                        117,
                        43
                    ],
                    [
                        112,
                        43
                    ],
                    [
                        111,
                        42
                    ],
                    [
                        100,
                        42
                    ],
                    [
                        100,
                        44
                    ],
                    [
                        102,
                        46
                    ],
                    [
                        103,
                        46
                    ],
                    [
                        105,
                        48
                    ],
                    [
                        106,
                        48
                    ],
                    [
                        112,
                        54
                    ],
                    [
                        111,
                        55
                    ],
                    [
                        110,
                        55
                    ],
                    [
                        109,
                        54
                    ],
                    [
                        108,
                        54
                    ],
                    [
                        107,
                        53
                    ],
                    [
                        106,
                        53
                    ],
                    [
                        105,
                        52
                    ],
                    [
                        104,
                        52
                    ],
                    [
                        103,
                        51
                    ],
                    [
                        101,
                        51
                    ],
                    [
                        100,
                        50
                    ],
                    [
                        99,
                        50
                    ],
                    [
                        97,
                        48
                    ],
                    [
                        96,
                        48
                    ],
                    [
                        94,
                        46
                    ],
                    [
                        92,
                        46
                    ],
                    [
                        90,
                        44
                    ],
                    [
                        89,
                        44
                    ],
                    [
                        87,
                        42
                    ],
                    [
                        86,
                        42
                    ],
                    [
                        85,
                        41
                    ],
                    [
                        84,
                        41
                    ],
                    [
                        83,
                        40
                    ],
                    [
                        82,
                        40
                    ],
                    [
                        81,
                        39
                    ],
                    [
                        80,
                        39
                    ],
                    [
                        79,
                        38
                    ],
                    [
                        78,
                        38
                    ],
                    [
                        77,
                        37
                    ],
                    [
                        76,
                        37
                    ],
                    [
                        75,
                        36
                    ],
                    [
                        73,
                        36
                    ],
                    [
                        71,
                        34
                    ],
                    [
                        70,
                        34
                    ],
                    [
                        69,
                        33
                    ],
                    [
                        68,
                        33
                    ],
                    [
                        67,
                        32
                    ],
                    [
                        66,
                        32
                    ],
                    [
                        65,
                        31
                    ],
                    [
                        64,
                        31
                    ],
                    [
                        61,
                        28
                    ],
                    [
                        60,
                        28
                    ],
                    [
                        59,
                        27
                    ],
                    [
                        59,
                        26
                    ],
                    [
                        58,
                        25
                    ],
                    [
                        57,
                        25
                    ],
                    [
                        56,
                        24
                    ],
                    [
                        55,
                        24
                    ],
                    [
                        54,
                        23
                    ],
                    [
                        53,
                        23
                    ],
                    [
                        52,
                        22
                    ],
                    [
                        51,
                        22
                    ],
                    [
                        50,
                        21
                    ]
                ]
            ],
            "group_id": null,
            "shape_type": "polygon",
            "flags": {}
        }
    ],
    "imagePath": "0.6834_good_tile_58_25_1.png",
    "imageData": null,
    "imageHeight": 224,
    "imageWidth": 224
}