{
    "version": "4.5.9",
    "flags": {},
    "shapes": [
        {
            "label": "foreground",
            "points": [
                [
                    [
                        14,
                        1
                    ],
                    [
                        14,
                        3
                    ],
                    [
                        16,
                        5
                    ],
                    [
                        16,
                        6
                    ],
                    [
                        17,
                        7
                    ],
                    [
                        17,
                        11
                    ],
                    [
                        18,
                        12
                    ],
                    [
                        18,
                        13
                    ],
                    [
                        19,
                        14
                    ],
                    [
                        19,
                        15
                    ],
                    [
                        21,
                        17
                    ],
                    [
                        21,
                        18
                    ],
                    [
                        23,
                        20
                    ],
                    [
                        24,
                        20
                    ],
                    [
                        26,
                        22
                    ],
                    [
                        27,
                        22
                    ],
                    [
                        30,
                        25
                    ],
                    [
                        30,
                        27
                    ],
                    [
                        32,
                        29
                    ],
                    [
                        32,
                        31
                    ],
                    [
                        31,
                        32
                    ],
                    [
                        31,
                        39
                    ],
                    [
                        32,
                        40
                    ],
                    [
                        32,
                        42
                    ],
                    [
                        35,
                        45
                    ],
                    [
                        36,
                        45
                    ],
                    [
                        37,
                        46
                    ],
                    [
                        38,
                        46
                    ],
                    [
                        42,
                        42
                    ],
                    [
                        42,
                        41
                    ],
                    [
                        43,
                        40
                    ],
                    [
                        43,
                        35
                    ],
                    [
                        44,
                        34
                    ],
                    [
                        44,
                        33
                    ],
                    [
                        45,
                        32
                    ],
                    [
                        45,
                        31
                    ],
                    [
                        47,
                        29
                    ],
                    [
                        48,
                        29
                    ],
                    [
                        49,
                        28
                    ],
                    [
                        58,
                        28
                    ],
                    [
                        59,
                        27
                    ],
                    [
                        60,
                        27
                    ],
                    [
                        62,
                        25
                    ],
                    [
                        62,
                        22
                    ],
                    [
                        64,
                        20
                    ],
                    [
                        64,
                        19
                    ],
                    [
                        65,
                        18
                    ],
                    [
                        65,
                        13
                    ],
                    [
                        63,
                        11
                    ],
                    [
                        63,
                        9
                    ],
                    [
                        62,
                        8
                    ],
                    [
                        62,
                        4
                    ],
                    [
                        63,
                        3
                    ],
                    [
                        62,
                        2
                    ],
                    [
                        61,
                        2
                    ],
                    [
                        61,
                        4
                    ],
                    [
                        59,
                        6
                    ],
                    [
                        57,
                        6
                    ],
                    [
                        56,
                        5
                    ],
                    [
                        54,
                        5
                    ],
                    [
                        50,
                        1
                    ]
                ]
            ],
            "group_id": null,
            "shape_type": "polygon",
            "flags": {}
        }
    ],
    "imagePath": "0.7297_good_tile_20_41_16.png",
    "imageData": null,
    "imageHeight": 224,
    "imageWidth": 224
}