{
    "version": "4.5.9",
    "flags": {},
    "shapes": [
        {
            "label": "foreground",
            "points": [
                [
                    [
                        76,
                        25
                    ],
                    [
                        75,
                        26
                    ],
                    [
                        73,
                        26
                    ],
                    [
                        72,
                        27
                    ],
                    [
                        71,
                        27
                    ],
                    [
                        69,
                        29
                    ],
                    [
                        68,
                        29
                    ],
                    [
                        67,
                        30
                    ],
                    [
                        67,
                        31
                    ],
                    [
                        66,
                        32
                    ],
                    [
                        66,
                        33
                    ],
                    [
                        64,
                        35
                    ],
                    [
                        64,
                        36
                    ],
                    [
                        63,
                        37
                    ],
                    [
                        63,
                        39
                    ],
                    [
                        62,
                        40
                    ],
                    [
                        62,
                        42
                    ],
                    [
                        61,
                        43
                    ],
                    [
                        61,
                        45
                    ],
                    [
                        57,
                        49
                    ],
                    [
                        56,
                        49
                    ],
                    [
                        54,
                        51
                    ],
                    [
                        52,
                        51
                    ],
                    [
                        51,
                        52
                    ],
                    [
                        40,
                        52
                    ],
                    [
                        39,
                        51
                    ],
                    [
                        39,
                        43
                    ],
                    [
                        37,
                        41
                    ],
                    [
                        37,
                        40
                    ],
                    [
                        34,
                        37
                    ],
                    [
                        34,
                        35
                    ],
                    [
                        33,
                        34
                    ],
                    [
                        33,
                        33
                    ],
                    [
                        32,
                        32
                    ],
                    [
                        31,
                        32
                    ],
                    [
                        30,
                        31
                    ],
                    [
                        28,
                        31
                    ],
                    [
                        27,
                        30
                    ],
                    [
                        26,
                        30
                    ],
                    [
                        25,
                        29
                    ],
                    [
                        20,
                        29
                    ],
                    [
                        19,
                        30
                    ],
                    [
                        18,
                        30
                    ],
                    [
                        17,
                        31
                    ],
                    [
                        17,
                        36
                    ],
                    [
                        19,
                        38
                    ],
                    [
                        19,
                        39
                    ],
                    [
                        26,
                        46
                    ],
                    [
                        26,
                        47
                    ],
                    [
                        29,
                        50
                    ],
                    [
                        30,
                        50
                    ],
                    [
                        32,
                        52
                    ],
                    [
                        33,
                        52
                    ],
                    [
                        39,
                        58
                    ],
                    [
                        41,
                        58
                    ],
                    [
                        42,
                        59
                    ],
                    [
                        48,
                        59
                    ],
                    [
                        49,
                        60
                    ],
                    [
                        54,
                        60
                    ],
                    [
                        55,
                        61
                    ],
                    [
                        56,
                        61
                    ],
                    [
                        57,
                        62
                    ],
                    [
                        60,
                        62
                    ],
                    [
                        61,
                        61
                    ],
                    [
                        62,
                        61
                    ],
                    [
                        63,
                        60
                    ],
                    [
                        64,
                        60
                    ],
                    [
                        65,
                        61
                    ],
                    [
                        66,
                        61
                    ],
                    [
                        68,
                        63
                    ],
                    [
                        70,
                        63
                    ],
                    [
                        71,
                        64
                    ],
                    [
                        72,
                        64
                    ],
                    [
                        73,
                        65
                    ],
                    [
                        75,
                        65
                    ],
                    [
                        76,
                        66
                    ],
                    [
                        83,
                        66
                    ],
                    [
                        84,
                        67
                    ],
                    [
                        90,
                        67
                    ],
                    [
                        92,
                        65
                    ],
                    [
                        93,
                        65
                    ],
                    [
                        94,
                        64
                    ],
                    [
                        95,
                        64
                    ],
                    [
                        99,
                        60
                    ],
                    [
                        100,
                        60
                    ],
                    [
                        102,
                        58
                    ],
                    [
                        102,
                        57
                    ],
                    [
                        103,
                        56
                    ],
                    [
                        103,
                        55
                    ],
                    [
                        105,
                        53
                    ],
                    [
                        105,
                        52
                    ],
                    [
                        106,
                        51
                    ],
                    [
                        106,
                        48
                    ],
                    [
                        105,
                        47
                    ],
                    [
                        105,
                        42
                    ],
                    [
                        104,
                        41
                    ],
                    [
                        104,
                        40
                    ],
                    [
                        103,
                        39
                    ],
                    [
                        103,
                        38
                    ],
                    [
                        99,
                        34
                    ],
                    [
                        98,
                        34
                    ],
                    [
                        97,
                        33
                    ],
                    [
                        96,
                        33
                    ],
                    [
                        95,
                        32
                    ],
                    [
                        94,
                        32
                    ],
                    [
                        93,
                        31
                    ],
                    [
                        92,
                        31
                    ],
                    [
                        91,
                        30
                    ],
                    [
                        90,
                        30
                    ],
                    [
                        89,
                        29
                    ],
                    [
                        88,
                        29
                    ],
                    [
                        87,
                        28
                    ],
                    [
                        86,
                        28
                    ],
                    [
                        85,
                        27
                    ],
                    [
                        83,
                        27
                    ],
                    [
                        82,
                        26
                    ],
                    [
                        81,
                        26
                    ],
                    [
                        80,
                        25
                    ]
                ]
            ],
            "group_id": null,
            "shape_type": "polygon",
            "flags": {}
        }
    ],
    "imagePath": "0.7432_good_tile_52_31_2.png",
    "imageData": null,
    "imageHeight": 224,
    "imageWidth": 224
}