{
    "version": "4.5.9",
    "flags": {},
    "shapes": [
        {
            "label": "foreground",
            "points": [
                [
                    [
                        19,
                        18
                    ],
                    [
                        18,
                        19
                    ],
                    [
                        18,
                        20
                    ],
                    [
                        17,
                        21
                    ],
                    [
                        17,
                        23
                    ],
                    [
                        16,
                        24
                    ],
                    [
                        16,
                        26
                    ],
                    [
                        15,
                        27
                    ],
                    [
                        15,
                        33
                    ],
                    [
                        16,
                        34
                    ],
                    [
                        16,
                        36
                    ],
                    [
                        17,
                        37
                    ],
                    [
                        17,
                        43
                    ],
                    [
                        18,
                        44
                    ],
                    [
                        18,
                        61
                    ],
                    [
                        19,
                        62
                    ],
                    [
                        19,
                        65
                    ],
                    [
                        20,
                        66
                    ],
                    [
                        20,
                        69
                    ],
                    [
                        21,
                        70
                    ],
                    [
                        21,
                        73
                    ],
                    [
                        22,
                        74
                    ],
                    [
                        22,
                        76
                    ],
                    [
                        24,
                        78
                    ],
                    [
                        24,
                        82
                    ],
                    [
                        25,
                        83
                    ],
                    [
                        25,
                        87
                    ],
                    [
                        26,
                        88
                    ],
                    [
                        26,
                        90
                    ],
                    [
                        27,
                        91
                    ],
                    [
                        27,
                        92
                    ],
                    [
                        28,
                        93
                    ],
                    [
                        28,
                        94
                    ],
                    [
                        29,
                        95
                    ],
                    [
                        29,
                        96
                    ],
                    [
                        30,
                        97
                    ],
                    [
                        30,
                        98
                    ],
                    [
                        32,
                        100
                    ],
                    [
                        32,
                        101
                    ],
                    [
                        36,
                        105
                    ],
                    [
                        36,
                        106
                    ],
                    [
                        37,
                        106
                    ],
                    [
                        40,
                        109
                    ],
                    [
                        40,
                        110
                    ],
                    [
                        44,
                        114
                    ],
                    [
                        44,
                        117
                    ],
                    [
                        45,
                        118
                    ],
                    [
                        45,
                        120
                    ],
                    [
                        46,
                        121
                    ],
                    [
                        46,
                        123
                    ],
                    [
                        47,
                        124
                    ],
                    [
                        47,
                        125
                    ],
                    [
                        48,
                        126
                    ],
                    [
                        48,
                        128
                    ],
                    [
                        49,
                        129
                    ],
                    [
                        49,
                        130
                    ],
                    [
                        50,
                        131
                    ],
                    [
                        50,
                        132
                    ],
                    [
                        54,
                        136
                    ],
                    [
                        55,
                        136
                    ],
                    [
                        56,
                        135
                    ],
                    [
                        58,
                        135
                    ],
                    [
                        59,
                        134
                    ],
                    [
                        59,
                        131
                    ],
                    [
                        60,
                        130
                    ],
                    [
                        60,
                        129
                    ],
                    [
                        61,
                        128
                    ],
                    [
                        61,
                        127
                    ],
                    [
                        60,
                        126
                    ],
                    [
                        60,
                        125
                    ],
                    [
                        59,
                        124
                    ],
                    [
                        59,
                        120
                    ],
                    [
                        58,
                        119
                    ],
                    [
                        58,
                        115
                    ],
                    [
                        56,
                        113
                    ],
                    [
                        56,
                        111
                    ],
                    [
                        54,
                        109
                    ],
                    [
                        54,
                        108
                    ],
                    [
                        53,
                        107
                    ],
                    [
                        53,
                        106
                    ],
                    [
                        52,
                        105
                    ],
                    [
                        52,
                        93
                    ],
                    [
                        51,
                        92
                    ],
                    [
                        51,
                        90
                    ],
                    [
                        50,
                        89
                    ],
                    [
                        50,
                        80
                    ],
                    [
                        49,
                        79
                    ],
                    [
                        49,
                        77
                    ],
                    [
                        50,
                        76
                    ],
                    [
                        51,
                        77
                    ],
                    [
                        51,
                        72
                    ],
                    [
                        52,
                        71
                    ],
                    [
                        52,
                        70
                    ],
                    [
                        53,
                        69
                    ],
                    [
                        53,
                        65
                    ],
                    [
                        51,
                        63
                    ],
                    [
                        51,
                        59
                    ],
                    [
                        49,
                        57
                    ],
                    [
                        49,
                        54
                    ],
                    [
                        48,
                        53
                    ],
                    [
                        47,
                        53
                    ],
                    [
                        46,
                        52
                    ],
                    [
                        46,
                        51
                    ],
                    [
                        45,
                        50
                    ],
                    [
                        45,
                        49
                    ],
                    [
                        44,
                        48
                    ],
                    [
                        44,
                        47
                    ],
                    [
                        40,
                        43
                    ],
                    [
                        40,
                        42
                    ],
                    [
                        39,
                        41
                    ],
                    [
                        39,
                        40
                    ],
                    [
                        38,
                        39
                    ],
                    [
                        38,
                        38
                    ],
                    [
                        37,
                        38
                    ],
                    [
                        34,
                        35
                    ],
                    [
                        34,
                        32
                    ],
                    [
                        33,
                        31
                    ],
                    [
                        33,
                        29
                    ],
                    [
                        28,
                        24
                    ],
                    [
                        28,
                        23
                    ],
                    [
                        27,
                        22
                    ],
                    [
                        24,
                        22
                    ],
                    [
                        20,
                        18
                    ]
                ]
            ],
            "group_id": null,
            "shape_type": "polygon",
            "flags": {}
        }
    ],
    "imagePath": "0.7578_good_tile_52_31_1.png",
    "imageData": null,
    "imageHeight": 224,
    "imageWidth": 224
}