{
    "version": "4.5.9",
    "flags": {},
    "shapes": [
        {
            "label": "foreground",
            "points": [
                [
                    [
                        24,
                        18
                    ],
                    [
                        23,
                        19
                    ],
                    [
                        20,
                        19
                    ],
                    [
                        19,
                        20
                    ],
                    [
                        18,
                        20
                    ],
                    [
                        16,
                        22
                    ],
                    [
                        16,
                        23
                    ],
                    [
                        15,
                        24
                    ],
                    [
                        15,
                        28
                    ],
                    [
                        14,
                        29
                    ],
                    [
                        15,
                        30
                    ],
                    [
                        15,
                        31
                    ],
                    [
                        16,
                        32
                    ],
                    [
                        16,
                        34
                    ],
                    [
                        17,
                        35
                    ],
                    [
                        17,
                        37
                    ],
                    [
                        16,
                        38
                    ],
                    [
                        16,
                        40
                    ],
                    [
                        17,
                        41
                    ],
                    [
                        17,
                        43
                    ],
                    [
                        18,
                        44
                    ],
                    [
                        18,
                        45
                    ],
                    [
                        19,
                        46
                    ],
                    [
                        19,
                        47
                    ],
                    [
                        21,
                        47
                    ],
                    [
                        23,
                        49
                    ],
                    [
                        23,
                        50
                    ],
                    [
                        24,
                        51
                    ],
                    [
                        24,
                        52
                    ],
                    [
                        22,
                        54
                    ],
                    [
                        22,
                        55
                    ],
                    [
                        23,
                        56
                    ],
                    [
                        23,
                        57
                    ],
                    [
                        22,
                        58
                    ],
                    [
                        22,
                        59
                    ],
                    [
                        23,
                        59
                    ],
                    [
                        24,
                        60
                    ],
                    [
                        30,
                        60
                    ],
                    [
                        30,
                        58
                    ],
                    [
                        31,
                        57
                    ],
                    [
                        40,
                        57
                    ],
                    [
                        41,
                        56
                    ],
                    [
                        42,
                        56
                    ],
                    [
                        43,
                        55
                    ],
                    [
                        45,
                        55
                    ],
                    [
                        47,
                        53
                    ],
                    [
                        47,
                        52
                    ],
                    [
                        48,
                        51
                    ],
                    [
                        48,
                        48
                    ],
                    [
                        52,
                        44
                    ],
                    [
                        52,
                        36
                    ],
                    [
                        53,
                        35
                    ],
                    [
                        53,
                        33
                    ],
                    [
                        52,
                        32
                    ],
                    [
                        52,
                        27
                    ],
                    [
                        49,
                        24
                    ],
                    [
                        49,
                        23
                    ],
                    [
                        48,
                        23
                    ],
                    [
                        47,
                        22
                    ],
                    [
                        46,
                        22
                    ],
                    [
                        45,
                        21
                    ],
                    [
                        44,
                        21
                    ],
                    [
                        43,
                        20
                    ],
                    [
                        28,
                        20
                    ],
                    [
                        26,
                        18
                    ]
                ]
            ],
            "group_id": null,
            "shape_type": "polygon",
            "flags": {}
        }
    ],
    "imagePath": "0.8119_good_tile_20_41_9.png",
    "imageData": null,
    "imageHeight": 224,
    "imageWidth": 224
}