{
    "version": "4.5.9",
    "flags": {},
    "shapes": [
        {
            "label": "foreground",
            "points": [
                [
                    [
                        60,
                        21
                    ],
                    [
                        59,
                        22
                    ],
                    [
                        56,
                        22
                    ],
                    [
                        55,
                        23
                    ],
                    [
                        54,
                        23
                    ],
                    [
                        53,
                        24
                    ],
                    [
                        50,
                        24
                    ],
                    [
                        49,
                        25
                    ],
                    [
                        47,
                        25
                    ],
                    [
                        46,
                        26
                    ],
                    [
                        45,
                        26
                    ],
                    [
                        43,
                        28
                    ],
                    [
                        42,
                        28
                    ],
                    [
                        41,
                        29
                    ],
                    [
                        40,
                        28
                    ],
                    [
                        39,
                        29
                    ],
                    [
                        38,
                        29
                    ],
                    [
                        38,
                        30
                    ],
                    [
                        37,
                        31
                    ],
                    [
                        36,
                        31
                    ],
                    [
                        36,
                        32
                    ],
                    [
                        34,
                        34
                    ],
                    [
                        33,
                        34
                    ],
                    [
                        32,
                        35
                    ],
                    [
                        32,
                        36
                    ],
                    [
                        26,
                        42
                    ],
                    [
                        26,
                        43
                    ],
                    [
                        23,
                        46
                    ],
                    [
                        23,
                        47
                    ],
                    [
                        21,
                        49
                    ],
                    [
                        21,
                        50
                    ],
                    [
                        20,
                        51
                    ],
                    [
                        20,
                        53
                    ],
                    [
                        19,
                        54
                    ],
                    [
                        19,
                        55
                    ],
                    [
                        17,
                        57
                    ],
                    [
                        17,
                        59
                    ],
                    [
                        16,
                        60
                    ],
                    [
                        16,
                        61
                    ],
                    [
                        15,
                        62
                    ],
                    [
                        15,
                        69
                    ],
                    [
                        14,
                        70
                    ],
                    [
                        14,
                        74
                    ],
                    [
                        13,
                        75
                    ],
                    [
                        13,
                        82
                    ],
                    [
                        12,
                        83
                    ],
                    [
                        12,
                        90
                    ],
                    [
                        10,
                        92
                    ],
                    [
                        2,
                        92
                    ],
                    [
                        1,
                        93
                    ],
                    [
                        2,
                        94
                    ],
                    [
                        2,
                        98
                    ],
                    [
                        4,
                        100
                    ],
                    [
                        5,
                        99
                    ],
                    [
                        7,
                        101
                    ],
                    [
                        7,
                        102
                    ],
                    [
                        12,
                        107
                    ],
                    [
                        15,
                        107
                    ],
                    [
                        16,
                        108
                    ],
                    [
                        16,
                        109
                    ],
                    [
                        15,
                        110
                    ],
                    [
                        12,
                        110
                    ],
                    [
                        12,
                        116
                    ],
                    [
                        13,
                        117
                    ],
                    [
                        14,
                        117
                    ],
                    [
                        15,
                        118
                    ],
                    [
                        16,
                        118
                    ],
                    [
                        18,
                        120
                    ],
                    [
                        18,
                        121
                    ],
                    [
                        20,
                        123
                    ],
                    [
                        17,
                        126
                    ],
                    [
                        17,
                        127
                    ],
                    [
                        20,
                        130
                    ],
                    [
                        20,
                        133
                    ],
                    [
                        19,
                        134
                    ],
                    [
                        20,
                        135
                    ],
                    [
                        20,
                        137
                    ],
                    [
                        19,
                        138
                    ],
                    [
                        19,
                        140
                    ],
                    [
                        22,
                        143
                    ],
                    [
                        21,
                        144
                    ],
                    [
                        22,
                        145
                    ],
                    [
                        22,
                        146
                    ],
                    [
                        24,
                        148
                    ],
                    [
                        25,
                        148
                    ],
                    [
                        26,
                        149
                    ],
                    [
                        26,
                        151
                    ],
                    [
                        25,
                        152
                    ],
                    [
                        25,
                        154
                    ],
                    [
                        35,
                        154
                    ],
                    [
                        36,
                        155
                    ],
                    [
                        37,
                        154
                    ],
                    [
                        39,
                        154
                    ],
                    [
                        40,
                        155
                    ],
                    [
                        42,
                        155
                    ],
                    [
                        43,
                        154
                    ],
                    [
                        44,
                        154
                    ],
                    [
                        44,
                        153
                    ],
                    [
                        46,
                        151
                    ],
                    [
                        46,
                        150
                    ],
                    [
                        47,
                        149
                    ],
                    [
                        47,
                        147
                    ],
                    [
                        48,
                        146
                    ],
                    [
                        48,
                        136
                    ],
                    [
                        50,
                        134
                    ],
                    [
                        52,
                        134
                    ],
                    [
                        54,
                        136
                    ],
                    [
                        55,
                        136
                    ],
                    [
                        56,
                        137
                    ],
                    [
                        57,
                        137
                    ],
                    [
                        58,
                        138
                    ],
                    [
                        59,
                        138
                    ],
                    [
                        60,
                        139
                    ],
                    [
                        62,
                        139
                    ],
                    [
                        63,
                        140
                    ],
                    [
                        64,
                        140
                    ],
                    [
                        65,
                        141
                    ],
                    [
                        68,
                        141
                    ],
                    [
                        69,
                        142
                    ],
                    [
                        73,
                        142
                    ],
                    [
                        74,
                        143
                    ],
                    [
                        79,
                        143
                    ],
                    [
                        80,
                        144
                    ],
                    [
                        83,
                        144
                    ],
                    [
                        84,
                        143
                    ],
                    [
                        89,
                        143
                    ],
                    [
                        90,
                        142
                    ],
                    [
                        98,
                        142
                    ],
                    [
                        99,
                        141
                    ],
                    [
                        108,
                        141
                    ],
                    [
                        109,
                        140
                    ],
                    [
                        111,
                        140
                    ],
                    [
                        112,
                        139
                    ],
                    [
                        116,
                        139
                    ],
                    [
                        117,
                        138
                    ],
                    [
                        119,
                        138
                    ],
                    [
                        120,
                        137
                    ],
                    [
                        123,
                        137
                    ],
                    [
                        124,
                        136
                    ],
                    [
                        125,
                        136
                    ],
                    [
                        126,
                        135
                    ],
                    [
                        127,
                        135
                    ],
                    [
                        129,
                        133
                    ],
                    [
                        131,
                        133
                    ],
                    [
                        132,
                        132
                    ],
                    [
                        133,
                        132
                    ],
                    [
                        137,
                        128
                    ],
                    [
                        138,
                        128
                    ],
                    [
                        141,
                        125
                    ],
                    [
                        141,
                        123
                    ],
                    [
                        144,
                        120
                    ],
                    [
                        144,
                        119
                    ],
                    [
                        145,
                        118
                    ],
                    [
                        145,
                        114
                    ],
                    [
                        146,
                        113
                    ],
                    [
                        146,
                        112
                    ],
                    [
                        147,
                        111
                    ],
                    [
                        147,
                        109
                    ],
                    [
                        148,
                        108
                    ],
                    [
                        148,
                        107
                    ],
                    [
                        149,
                        106
                    ],
                    [
                        149,
                        103
                    ],
                    [
                        150,
                        102
                    ],
                    [
                        150,
                        101
                    ],
                    [
                        151,
                        100
                    ],
                    [
                        151,
                        98
                    ],
                    [
                        152,
                        97
                    ],
                    [
                        152,
                        95
                    ],
                    [
                        155,
                        92
                    ],
                    [
                        155,
                        91
                    ],
                    [
                        156,
                        90
                    ],
                    [
                        156,
                        89
                    ],
                    [
                        159,
                        86
                    ],
                    [
                        159,
                        85
                    ],
                    [
                        160,
                        84
                    ],
                    [
                        160,
                        82
                    ],
                    [
                        162,
                        80
                    ],
                    [
                        162,
                        79
                    ],
                    [
                        163,
                        78
                    ],
                    [
                        163,
                        74
                    ],
                    [
                        164,
                        73
                    ],
                    [
                        164,
                        62
                    ],
                    [
                        163,
                        61
                    ],
                    [
                        163,
                        58
                    ],
                    [
                        161,
                        56
                    ],
                    [
                        161,
                        55
                    ],
                    [
                        160,
                        54
                    ],
                    [
                        160,
                        53
                    ],
                    [
                        159,
                        52
                    ],
                    [
                        159,
                        51
                    ],
                    [
                        158,
                        51
                    ],
                    [
                        155,
                        48
                    ],
                    [
                        154,
                        48
                    ],
                    [
                        153,
                        47
                    ],
                    [
                        152,
                        47
                    ],
                    [
                        148,
                        43
                    ],
                    [
                        146,
                        43
                    ],
                    [
                        143,
                        40
                    ],
                    [
                        143,
                        39
                    ],
                    [
                        141,
                        39
                    ],
                    [
                        140,
                        38
                    ],
                    [
                        137,
                        38
                    ],
                    [
                        134,
                        35
                    ],
                    [
                        133,
                        35
                    ],
                    [
                        131,
                        33
                    ],
                    [
                        131,
                        32
                    ],
                    [
                        129,
                        32
                    ],
                    [
                        128,
                        33
                    ],
                    [
                        124,
                        29
                    ],
                    [
                        122,
                        29
                    ],
                    [
                        121,
                        28
                    ],
                    [
                        120,
                        28
                    ],
                    [
                        118,
                        26
                    ],
                    [
                        118,
                        25
                    ],
                    [
                        114,
                        25
                    ],
                    [
                        113,
                        24
                    ],
                    [
                        111,
                        24
                    ],
                    [
                        110,
                        25
                    ],
                    [
                        108,
                        25
                    ],
                    [
                        107,
                        24
                    ],
                    [
                        86,
                        24
                    ],
                    [
                        85,
                        25
                    ],
                    [
                        83,
                        25
                    ],
                    [
                        82,
                        24
                    ],
                    [
                        72,
                        24
                    ],
                    [
                        71,
                        23
                    ],
                    [
                        68,
                        23
                    ],
                    [
                        67,
                        22
                    ],
                    [
                        66,
                        22
                    ],
                    [
                        65,
                        21
                    ]
                ]
            ],
            "group_id": null,
            "shape_type": "polygon",
            "flags": {}
        }
    ],
    "imagePath": "0.8373_good_tile_20_51_0.png",
    "imageData": null,
    "imageHeight": 224,
    "imageWidth": 224
}