{
    "version": "4.5.9",
    "flags": {},
    "shapes": [
        {
            "label": "foreground",
            "points": [
                [
                    [
                        13,
                        16
                    ],
                    [
                        12,
                        17
                    ],
                    [
                        11,
                        17
                    ],
                    [
                        10,
                        18
                    ],
                    [
                        9,
                        18
                    ],
                    [
                        8,
                        19
                    ],
                    [
                        7,
                        19
                    ],
                    [
                        5,
                        21
                    ],
                    [
                        4,
                        21
                    ],
                    [
                        1,
                        24
                    ],
                    [
                        1,
                        32
                    ],
                    [
                        2,
                        33
                    ],
                    [
                        3,
                        33
                    ],
                    [
                        4,
                        34
                    ],
                    [
                        4,
                        36
                    ],
                    [
                        3,
                        37
                    ],
                    [
                        1,
                        35
                    ],
                    [
                        1,
                        39
                    ],
                    [
                        2,
                        40
                    ],
                    [
                        2,
                        42
                    ],
                    [
                        1,
                        43
                    ],
                    [
                        2,
                        44
                    ],
                    [
                        2,
                        46
                    ],
                    [
                        3,
                        46
                    ],
                    [
                        4,
                        47
                    ],
                    [
                        5,
                        47
                    ],
                    [
                        6,
                        48
                    ],
                    [
                        10,
                        48
                    ],
                    [
                        11,
                        49
                    ],
                    [
                        20,
                        49
                    ],
                    [
                        22,
                        47
                    ],
                    [
                        23,
                        47
                    ],
                    [
                        23,
                        46
                    ],
                    [
                        26,
                        43
                    ],
                    [
                        26,
                        42
                    ],
                    [
                        27,
                        41
                    ],
                    [
                        27,
                        40
                    ],
                    [
                        26,
                        39
                    ],
                    [
                        27,
                        38
                    ],
                    [
                        29,
                        38
                    ],
                    [
                        32,
                        35
                    ],
                    [
                        32,
                        30
                    ],
                    [
                        31,
                        29
                    ],
                    [
                        31,
                        26
                    ],
                    [
                        30,
                        25
                    ],
                    [
                        30,
                        24
                    ],
                    [
                        26,
                        20
                    ],
                    [
                        25,
                        20
                    ],
                    [
                        23,
                        18
                    ],
                    [
                        22,
                        18
                    ],
                    [
                        21,
                        17
                    ],
                    [
                        19,
                        17
                    ],
                    [
                        18,
                        16
                    ]
                ]
            ],
            "group_id": null,
            "shape_type": "polygon",
            "flags": {}
        }
    ],
    "imagePath": "0.8464_good_tile_52_31_3.png",
    "imageData": null,
    "imageHeight": 224,
    "imageWidth": 224
}