{
    "version": "4.5.9",
    "flags": {},
    "shapes": [
        {
            "label": "foreground",
            "points": [
                [
                    [
                        43,
                        13
                    ],
                    [
                        40,
                        16
                    ],
                    [
                        39,
                        16
                    ],
                    [
                        38,
                        15
                    ],
                    [
                        36,
                        15
                    ],
                    [
                        35,
                        16
                    ],
                    [
                        34,
                        16
                    ],
                    [
                        31,
                        19
                    ],
                    [
                        30,
                        19
                    ],
                    [
                        24,
                        25
                    ],
                    [
                        24,
                        27
                    ],
                    [
                        20,
                        31
                    ],
                    [
                        20,
                        33
                    ],
                    [
                        16,
                        37
                    ],
                    [
                        16,
                        38
                    ],
                    [
                        15,
                        39
                    ],
                    [
                        15,
                        42
                    ],
                    [
                        14,
                        43
                    ],
                    [
                        14,
                        49
                    ],
                    [
                        15,
                        50
                    ],
                    [
                        15,
                        57
                    ],
                    [
                        16,
                        58
                    ],
                    [
                        19,
                        58
                    ],
                    [
                        21,
                        56
                    ],
                    [
                        22,
                        57
                    ],
                    [
                        22,
                        59
                    ],
                    [
                        21,
                        60
                    ],
                    [
                        21,
                        68
                    ],
                    [
                        22,
                        69
                    ],
                    [
                        22,
                        70
                    ],
                    [
                        23,
                        71
                    ],
                    [
                        23,
                        73
                    ],
                    [
                        24,
                        74
                    ],
                    [
                        24,
                        75
                    ],
                    [
                        31,
                        82
                    ],
                    [
                        32,
                        82
                    ],
                    [
                        35,
                        85
                    ],
                    [
                        35,
                        86
                    ],
                    [
                        35,
                        85
                    ],
                    [
                        37,
                        83
                    ],
                    [
                        39,
                        83
                    ],
                    [
                        40,
                        82
                    ],
                    [
                        42,
                        82
                    ],
                    [
                        46,
                        78
                    ],
                    [
                        47,
                        78
                    ],
                    [
                        49,
                        76
                    ],
                    [
                        49,
                        75
                    ],
                    [
                        50,
                        74
                    ],
                    [
                        50,
                        73
                    ],
                    [
                        51,
                        72
                    ],
                    [
                        51,
                        71
                    ],
                    [
                        52,
                        70
                    ],
                    [
                        52,
                        66
                    ],
                    [
                        53,
                        65
                    ],
                    [
                        53,
                        62
                    ],
                    [
                        52,
                        61
                    ],
                    [
                        52,
                        58
                    ],
                    [
                        51,
                        57
                    ],
                    [
                        51,
                        54
                    ],
                    [
                        52,
                        53
                    ],
                    [
                        52,
                        52
                    ],
                    [
                        53,
                        51
                    ],
                    [
                        55,
                        51
                    ],
                    [
                        56,
                        50
                    ],
                    [
                        56,
                        49
                    ],
                    [
                        57,
                        48
                    ],
                    [
                        57,
                        47
                    ],
                    [
                        59,
                        45
                    ],
                    [
                        57,
                        43
                    ],
                    [
                        57,
                        42
                    ],
                    [
                        56,
                        41
                    ],
                    [
                        57,
                        40
                    ],
                    [
                        57,
                        34
                    ],
                    [
                        59,
                        32
                    ],
                    [
                        59,
                        31
                    ],
                    [
                        63,
                        27
                    ],
                    [
                        63,
                        26
                    ],
                    [
                        64,
                        25
                    ],
                    [
                        63,
                        24
                    ],
                    [
                        63,
                        22
                    ],
                    [
                        58,
                        17
                    ],
                    [
                        57,
                        17
                    ],
                    [
                        56,
                        16
                    ],
                    [
                        53,
                        16
                    ],
                    [
                        52,
                        15
                    ],
                    [
                        51,
                        15
                    ],
                    [
                        50,
                        14
                    ],
                    [
                        49,
                        14
                    ],
                    [
                        48,
                        13
                    ]
                ]
            ],
            "group_id": null,
            "shape_type": "polygon",
            "flags": {}
        }
    ],
    "imagePath": "0.8668_good_tile_52_31_18.png",
    "imageData": null,
    "imageHeight": 224,
    "imageWidth": 224
}