{
    "version": "4.5.9",
    "flags": {},
    "shapes": [
        {
            "label": "foreground",
            "points": [
                [
                    [
                        160,
                        22
                    ],
                    [
                        160,
                        23
                    ],
                    [
                        159,
                        24
                    ],
                    [
                        156,
                        24
                    ],
                    [
                        155,
                        25
                    ],
                    [
                        149,
                        25
                    ],
                    [
                        148,
                        26
                    ],
                    [
                        146,
                        26
                    ],
                    [
                        145,
                        27
                    ],
                    [
                        144,
                        27
                    ],
                    [
                        143,
                        28
                    ],
                    [
                        140,
                        28
                    ],
                    [
                        139,
                        29
                    ],
                    [
                        139,
                        30
                    ],
                    [
                        137,
                        32
                    ],
                    [
                        130,
                        32
                    ],
                    [
                        129,
                        33
                    ],
                    [
                        127,
                        33
                    ],
                    [
                        125,
                        35
                    ],
                    [
                        123,
                        35
                    ],
                    [
                        122,
                        36
                    ],
                    [
                        119,
                        36
                    ],
                    [
                        119,
                        37
                    ],
                    [
                        118,
                        38
                    ],
                    [
                        117,
                        38
                    ],
                    [
                        115,
                        40
                    ],
                    [
                        113,
                        40
                    ],
                    [
                        112,
                        41
                    ],
                    [
                        111,
                        41
                    ],
                    [
                        109,
                        43
                    ],
                    [
                        106,
                        43
                    ],
                    [
                        106,
                        44
                    ],
                    [
                        102,
                        48
                    ],
                    [
                        101,
                        48
                    ],
                    [
                        100,
                        49
                    ],
                    [
                        99,
                        49
                    ],
                    [
                        98,
                        50
                    ],
                    [
                        98,
                        51
                    ],
                    [
                        97,
                        52
                    ],
                    [
                        96,
                        52
                    ],
                    [
                        95,
                        53
                    ],
                    [
                        94,
                        53
                    ],
                    [
                        93,
                        54
                    ],
                    [
                        92,
                        54
                    ],
                    [
                        91,
                        55
                    ],
                    [
                        90,
                        55
                    ],
                    [
                        88,
                        57
                    ],
                    [
                        87,
                        57
                    ],
                    [
                        87,
                        58
                    ],
                    [
                        86,
                        59
                    ],
                    [
                        84,
                        59
                    ],
                    [
                        83,
                        60
                    ],
                    [
                        83,
                        61
                    ],
                    [
                        82,
                        62
                    ],
                    [
                        82,
                        64
                    ],
                    [
                        79,
                        67
                    ],
                    [
                        77,
                        67
                    ],
                    [
                        75,
                        69
                    ],
                    [
                        75,
                        71
                    ],
                    [
                        72,
                        74
                    ],
                    [
                        70,
                        74
                    ],
                    [
                        70,
                        76
                    ],
                    [
                        69,
                        77
                    ],
                    [
                        69,
                        78
                    ],
                    [
                        68,
                        79
                    ],
                    [
                        68,
                        80
                    ],
                    [
                        66,
                        82
                    ],
                    [
                        65,
                        82
                    ],
                    [
                        65,
                        83
                    ],
                    [
                        64,
                        84
                    ],
                    [
                        64,
                        86
                    ],
                    [
                        63,
                        87
                    ],
                    [
                        63,
                        88
                    ],
                    [
                        62,
                        89
                    ],
                    [
                        62,
                        90
                    ],
                    [
                        61,
                        91
                    ],
                    [
                        61,
                        94
                    ],
                    [
                        59,
                        96
                    ],
                    [
                        58,
                        96
                    ],
                    [
                        58,
                        97
                    ],
                    [
                        57,
                        98
                    ],
                    [
                        57,
                        99
                    ],
                    [
                        56,
                        100
                    ],
                    [
                        56,
                        101
                    ],
                    [
                        54,
                        103
                    ],
                    [
                        54,
                        104
                    ],
                    [
                        53,
                        105
                    ],
                    [
                        51,
                        105
                    ],
                    [
                        51,
                        106
                    ],
                    [
                        45,
                        112
                    ],
                    [
                        44,
                        112
                    ],
                    [
                        44,
                        113
                    ],
                    [
                        38,
                        119
                    ],
                    [
                        37,
                        119
                    ],
                    [
                        37,
                        121
                    ],
                    [
                        35,
                        123
                    ],
                    [
                        35,
                        124
                    ],
                    [
                        34,
                        125
                    ],
                    [
                        34,
                        126
                    ],
                    [
                        31,
                        129
                    ],
                    [
                        30,
                        129
                    ],
                    [
                        27,
                        132
                    ],
                    [
                        27,
                        133
                    ],
                    [
                        26,
                        134
                    ],
                    [
                        26,
                        136
                    ],
                    [
                        27,
                        137
                    ],
                    [
                        27,
                        142
                    ],
                    [
                        29,
                        144
                    ],
                    [
                        29,
                        145
                    ],
                    [
                        31,
                        145
                    ],
                    [
                        32,
                        146
                    ],
                    [
                        32,
                        147
                    ],
                    [
                        34,
                        149
                    ],
                    [
                        35,
                        149
                    ],
                    [
                        37,
                        151
                    ],
                    [
                        39,
                        151
                    ],
                    [
                        41,
                        153
                    ],
                    [
                        41,
                        154
                    ],
                    [
                        44,
                        157
                    ],
                    [
                        45,
                        157
                    ],
                    [
                        47,
                        159
                    ],
                    [
                        48,
                        159
                    ],
                    [
                        49,
                        160
                    ],
                    [
                        49,
                        161
                    ],
                    [
                        51,
                        163
                    ],
                    [
                        53,
                        163
                    ],
                    [
                        55,
                        165
                    ],
                    [
                        56,
                        165
                    ],
                    [
                        58,
                        167
                    ],
                    [
                        58,
                        169
                    ],
                    [
                        59,
                        169
                    ],
                    [
                        64,
                        174
                    ],
                    [
                        64,
                        175
                    ],
                    [
                        65,
                        176
                    ],
                    [
                        66,
                        176
                    ],
                    [
                        70,
                        180
                    ],
                    [
                        72,
                        180
                    ],
                    [
                        73,
                        181
                    ],
                    [
                        73,
                        182
                    ],
                    [
                        77,
                        186
                    ],
                    [
                        79,
                        186
                    ],
                    [
                        80,
                        187
                    ],
                    [
                        80,
                        188
                    ],
                    [
                        83,
                        191
                    ],
                    [
                        84,
                        191
                    ],
                    [
                        85,
                        192
                    ],
                    [
                        87,
                        192
                    ],
                    [
                        89,
                        194
                    ],
                    [
                        89,
                        195
                    ],
                    [
                        90,
                        195
                    ],
                    [
                        91,
                        196
                    ],
                    [
                        93,
                        196
                    ],
                    [
                        95,
                        198
                    ],
                    [
                        96,
                        198
                    ],
                    [
                        99,
                        201
                    ],
                    [
                        99,
                        202
                    ],
                    [
                        101,
                        202
                    ],
                    [
                        102,
                        203
                    ],
                    [
                        104,
                        203
                    ],
                    [
                        105,
                        204
                    ],
                    [
                        107,
                        204
                    ],
                    [
                        108,
                        205
                    ],
                    [
                        109,
                        205
                    ],
                    [
                        110,
                        206
                    ],
                    [
                        111,
                        206
                    ],
                    [
                        112,
                        207
                    ],
                    [
                        114,
                        207
                    ],
                    [
                        115,
                        208
                    ],
                    [
                        115,
                        209
                    ],
                    [
                        116,
                        209
                    ],
                    [
                        117,
                        210
                    ],
                    [
                        118,
                        210
                    ],
                    [
                        119,
                        211
                    ],
                    [
                        121,
                        211
                    ],
                    [
                        122,
                        212
                    ],
                    [
                        123,
                        212
                    ],
                    [
                        124,
                        213
                    ],
                    [
                        125,
                        213
                    ],
                    [
                        126,
                        214
                    ],
                    [
                        128,
                        214
                    ],
                    [
                        129,
                        215
                    ],
                    [
                        129,
                        216
                    ],
                    [
                        131,
                        216
                    ],
                    [
                        132,
                        217
                    ],
                    [
                        137,
                        217
                    ],
                    [
                        138,
                        218
                    ],
                    [
                        141,
                        218
                    ],
                    [
                        142,
                        219
                    ],
                    [
                        143,
                        219
                    ],
                    [
                        144,
                        220
                    ],
                    [
                        145,
                        220
                    ],
                    [
                        147,
                        222
                    ],
                    [
                        147,
                        223
                    ],
                    [
                        148,
                        223
                    ],
                    [
                        149,
                        224
                    ],
                    [
                        150,
                        224
                    ],
                    [
                        151,
                        225
                    ],
                    [
                        155,
                        225
                    ],
                    [
                        156,
                        224
                    ],
                    [
                        158,
                        224
                    ],
                    [
                        159,
                        225
                    ],
                    [
                        165,
                        225
                    ],
                    [
                        166,
                        226
                    ],
                    [
                        173,
                        226
                    ],
                    [
                        174,
                        227
                    ],
                    [
                        176,
                        227
                    ],
                    [
                        177,
                        228
                    ],
                    [
                        179,
                        228
                    ],
                    [
                        180,
                        229
                    ],
                    [
                        180,
                        230
                    ],
                    [
                        185,
                        230
                    ],
                    [
                        185,
                        229
                    ],
                    [
                        186,
                        228
                    ],
                    [
                        187,
                        229
                    ],
                    [
                        187,
                        230
                    ],
                    [
                        187,
                        229
                    ],
                    [
                        189,
                        227
                    ],
                    [
                        191,
                        227
                    ],
                    [
                        192,
                        228
                    ],
                    [
                        193,
                        228
                    ],
                    [
                        194,
                        229
                    ],
                    [
                        194,
                        230
                    ],
                    [
                        199,
                        230
                    ],
                    [
                        199,
                        226
                    ],
                    [
                        200,
                        225
                    ],
                    [
                        200,
                        224
                    ],
                    [
                        201,
                        223
                    ],
                    [
                        201,
                        222
                    ],
                    [
                        202,
                        221
                    ],
                    [
                        203,
                        221
                    ],
                    [
                        205,
                        219
                    ],
                    [
                        206,
                        219
                    ],
                    [
                        207,
                        218
                    ],
                    [
                        208,
                        218
                    ],
                    [
                        209,
                        217
                    ],
                    [
                        210,
                        217
                    ],
                    [
                        210,
                        215
                    ],
                    [
                        211,
                        214
                    ],
                    [
                        211,
                        213
                    ],
                    [
                        212,
                        212
                    ],
                    [
                        212,
                        210
                    ],
                    [
                        213,
                        209
                    ],
                    [
                        213,
                        205
                    ],
                    [
                        214,
                        204
                    ],
                    [
                        214,
                        203
                    ],
                    [
                        215,
                        202
                    ],
                    [
                        215,
                        201
                    ],
                    [
                        216,
                        200
                    ],
                    [
                        217,
                        200
                    ],
                    [
                        217,
                        198
                    ],
                    [
                        218,
                        197
                    ],
                    [
                        218,
                        194
                    ],
                    [
                        219,
                        193
                    ],
                    [
                        219,
                        191
                    ],
                    [
                        220,
                        190
                    ],
                    [
                        220,
                        184
                    ],
                    [
                        221,
                        183
                    ],
                    [
                        221,
                        181
                    ],
                    [
                        222,
                        180
                    ],
                    [
                        222,
                        179
                    ],
                    [
                        223,
                        178
                    ],
                    [
                        224,
                        178
                    ],
                    [
                        224,
                        177
                    ],
                    [
                        225,
                        176
                    ],
                    [
                        225,
                        171
                    ],
                    [
                        226,
                        170
                    ],
                    [
                        226,
                        169
                    ],
                    [
                        227,
                        168
                    ],
                    [
                        227,
                        164
                    ],
                    [
                        228,
                        163
                    ],
                    [
                        228,
                        157
                    ],
                    [
                        229,
                        156
                    ],
                    [
                        229,
                        155
                    ],
                    [
                        228,
                        154
                    ],
                    [
                        228,
                        141
                    ],
                    [
                        229,
                        140
                    ],
                    [
                        229,
                        138
                    ],
                    [
                        230,
                        137
                    ],
                    [
                        231,
                        137
                    ],
                    [
                        231,
                        135
                    ],
                    [
                        230,
                        135
                    ],
                    [
                        229,
                        134
                    ],
                    [
                        229,
                        133
                    ],
                    [
                        230,
                        132
                    ],
                    [
                        231,
                        132
                    ],
                    [
                        232,
                        131
                    ],
                    [
                        232,
                        130
                    ],
                    [
                        236,
                        126
                    ],
                    [
                        236,
                        117
                    ],
                    [
                        237,
                        116
                    ],
                    [
                        238,
                        116
                    ],
                    [
                        238,
                        114
                    ],
                    [
                        237,
                        114
                    ],
                    [
                        236,
                        113
                    ],
                    [
                        236,
                        111
                    ],
                    [
                        234,
                        109
                    ],
                    [
                        234,
                        108
                    ],
                    [
                        233,
                        107
                    ],
                    [
                        233,
                        104
                    ],
                    [
                        232,
                        103
                    ],
                    [
                        232,
                        98
                    ],
                    [
                        231,
                        97
                    ],
                    [
                        230,
                        97
                    ],
                    [
                        229,
                        96
                    ],
                    [
                        229,
                        95
                    ],
                    [
                        228,
                        94
                    ],
                    [
                        228,
                        88
                    ],
                    [
                        227,
                        87
                    ],
                    [
                        228,
                        86
                    ],
                    [
                        227,
                        85
                    ],
                    [
                        227,
                        84
                    ],
                    [
                        228,
                        83
                    ],
                    [
                        227,
                        82
                    ],
                    [
                        228,
                        81
                    ],
                    [
                        228,
                        72
                    ],
                    [
                        227,
                        71
                    ],
                    [
                        227,
                        67
                    ],
                    [
                        226,
                        66
                    ],
                    [
                        226,
                        62
                    ],
                    [
                        225,
                        61
                    ],
                    [
                        225,
                        59
                    ],
                    [
                        224,
                        58
                    ],
                    [
                        224,
                        56
                    ],
                    [
                        223,
                        56
                    ],
                    [
                        222,
                        55
                    ],
                    [
                        222,
                        53
                    ],
                    [
                        221,
                        52
                    ],
                    [
                        221,
                        50
                    ],
                    [
                        219,
                        48
                    ],
                    [
                        219,
                        47
                    ],
                    [
                        218,
                        46
                    ],
                    [
                        218,
                        45
                    ],
                    [
                        217,
                        44
                    ],
                    [
                        217,
                        43
                    ],
                    [
                        216,
                        43
                    ],
                    [
                        213,
                        40
                    ],
                    [
                        213,
                        39
                    ],
                    [
                        212,
                        38
                    ],
                    [
                        212,
                        34
                    ],
                    [
                        211,
                        33
                    ],
                    [
                        208,
                        33
                    ],
                    [
                        207,
                        32
                    ],
                    [
                        204,
                        32
                    ],
                    [
                        203,
                        31
                    ],
                    [
                        201,
                        31
                    ],
                    [
                        200,
                        30
                    ],
                    [
                        200,
                        29
                    ],
                    [
                        198,
                        27
                    ],
                    [
                        197,
                        27
                    ],
                    [
                        196,
                        26
                    ],
                    [
                        194,
                        26
                    ],
                    [
                        193,
                        25
                    ],
                    [
                        191,
                        25
                    ],
                    [
                        190,
                        24
                    ],
                    [
                        184,
                        24
                    ],
                    [
                        183,
                        23
                    ],
                    [
                        183,
                        22
                    ]
                ]
            ],
            "group_id": null,
            "shape_type": "polygon",
            "flags": {}
        }
    ],
    "imagePath": "0.8674_good_tile_52_31_7.png",
    "imageData": null,
    "imageHeight": 224,
    "imageWidth": 224
}