{
    "version": "4.5.9",
    "flags": {},
    "shapes": [
        {
            "label": "foreground",
            "points": [
                [
                    [
                        103,
                        6
                    ],
                    [
                        103,
                        7
                    ],
                    [
                        102,
                        8
                    ],
                    [
                        102,
                        14
                    ],
                    [
                        100,
                        16
                    ],
                    [
                        96,
                        16
                    ],
                    [
                        95,
                        15
                    ],
                    [
                        92,
                        15
                    ],
                    [
                        91,
                        16
                    ],
                    [
                        87,
                        16
                    ],
                    [
                        86,
                        17
                    ],
                    [
                        84,
                        17
                    ],
                    [
                        83,
                        18
                    ],
                    [
                        81,
                        18
                    ],
                    [
                        80,
                        19
                    ],
                    [
                        77,
                        19
                    ],
                    [
                        76,
                        20
                    ],
                    [
                        73,
                        20
                    ],
                    [
                        72,
                        21
                    ],
                    [
                        71,
                        21
                    ],
                    [
                        70,
                        22
                    ],
                    [
                        68,
                        22
                    ],
                    [
                        67,
                        23
                    ],
                    [
                        65,
                        23
                    ],
                    [
                        64,
                        24
                    ],
                    [
                        63,
                        24
                    ],
                    [
                        61,
                        26
                    ],
                    [
                        60,
                        26
                    ],
                    [
                        59,
                        27
                    ],
                    [
                        58,
                        27
                    ],
                    [
                        56,
                        29
                    ],
                    [
                        55,
                        29
                    ],
                    [
                        51,
                        33
                    ],
                    [
                        50,
                        33
                    ],
                    [
                        50,
                        34
                    ],
                    [
                        42,
                        42
                    ],
                    [
                        42,
                        43
                    ],
                    [
                        39,
                        46
                    ],
                    [
                        39,
                        47
                    ],
                    [
                        36,
                        50
                    ],
                    [
                        36,
                        51
                    ],
                    [
                        35,
                        52
                    ],
                    [
                        35,
                        53
                    ],
                    [
                        32,
                        56
                    ],
                    [
                        32,
                        57
                    ],
                    [
                        31,
                        58
                    ],
                    [
                        31,
                        59
                    ],
                    [
                        30,
                        60
                    ],
                    [
                        30,
                        61
                    ],
                    [
                        28,
                        63
                    ],
                    [
                        28,
                        64
                    ],
                    [
                        27,
                        65
                    ],
                    [
                        27,
                        66
                    ],
                    [
                        26,
                        67
                    ],
                    [
                        26,
                        68
                    ],
                    [
                        24,
                        70
                    ],
                    [
                        24,
                        72
                    ],
                    [
                        23,
                        73
                    ],
                    [
                        23,
                        74
                    ],
                    [
                        22,
                        75
                    ],
                    [
                        22,
                        76
                    ],
                    [
                        21,
                        77
                    ],
                    [
                        21,
                        79
                    ],
                    [
                        20,
                        80
                    ],
                    [
                        21,
                        81
                    ],
                    [
                        21,
                        86
                    ],
                    [
                        22,
                        87
                    ],
                    [
                        22,
                        88
                    ],
                    [
                        23,
                        89
                    ],
                    [
                        23,
                        90
                    ],
                    [
                        24,
                        91
                    ],
                    [
                        24,
                        92
                    ],
                    [
                        28,
                        96
                    ],
                    [
                        28,
                        97
                    ],
                    [
                        31,
                        100
                    ],
                    [
                        31,
                        101
                    ],
                    [
                        34,
                        104
                    ],
                    [
                        34,
                        105
                    ],
                    [
                        36,
                        107
                    ],
                    [
                        37,
                        107
                    ],
                    [
                        41,
                        111
                    ],
                    [
                        42,
                        111
                    ],
                    [
                        44,
                        113
                    ],
                    [
                        46,
                        113
                    ],
                    [
                        47,
                        114
                    ],
                    [
                        50,
                        114
                    ],
                    [
                        51,
                        115
                    ],
                    [
                        65,
                        115
                    ],
                    [
                        66,
                        114
                    ],
                    [
                        68,
                        114
                    ],
                    [
                        69,
                        113
                    ],
                    [
                        75,
                        113
                    ],
                    [
                        77,
                        111
                    ],
                    [
                        78,
                        112
                    ],
                    [
                        79,
                        112
                    ],
                    [
                        80,
                        111
                    ],
                    [
                        82,
                        111
                    ],
                    [
                        84,
                        109
                    ],
                    [
                        85,
                        110
                    ],
                    [
                        86,
                        109
                    ],
                    [
                        87,
                        110
                    ],
                    [
                        88,
                        109
                    ],
                    [
                        89,
                        110
                    ],
                    [
                        90,
                        109
                    ],
                    [
                        92,
                        109
                    ],
                    [
                        93,
                        108
                    ],
                    [
                        95,
                        108
                    ],
                    [
                        96,
                        107
                    ],
                    [
                        97,
                        108
                    ],
                    [
                        98,
                        107
                    ],
                    [
                        102,
                        107
                    ],
                    [
                        103,
                        106
                    ],
                    [
                        104,
                        106
                    ],
                    [
                        105,
                        105
                    ],
                    [
                        106,
                        105
                    ],
                    [
                        107,
                        104
                    ],
                    [
                        109,
                        104
                    ],
                    [
                        113,
                        100
                    ],
                    [
                        114,
                        100
                    ],
                    [
                        118,
                        96
                    ],
                    [
                        119,
                        96
                    ],
                    [
                        121,
                        94
                    ],
                    [
                        121,
                        93
                    ],
                    [
                        122,
                        92
                    ],
                    [
                        123,
                        92
                    ],
                    [
                        126,
                        89
                    ],
                    [
                        126,
                        88
                    ],
                    [
                        131,
                        83
                    ],
                    [
                        131,
                        82
                    ],
                    [
                        134,
                        79
                    ],
                    [
                        134,
                        78
                    ],
                    [
                        135,
                        77
                    ],
                    [
                        135,
                        76
                    ],
                    [
                        136,
                        75
                    ],
                    [
                        136,
                        74
                    ],
                    [
                        137,
                        73
                    ],
                    [
                        137,
                        71
                    ],
                    [
                        138,
                        70
                    ],
                    [
                        138,
                        63
                    ],
                    [
                        137,
                        62
                    ],
                    [
                        137,
                        61
                    ],
                    [
                        138,
                        60
                    ],
                    [
                        138,
                        59
                    ],
                    [
                        139,
                        58
                    ],
                    [
                        140,
                        58
                    ],
                    [
                        141,
                        57
                    ],
                    [
                        142,
                        57
                    ],
                    [
                        143,
                        58
                    ],
                    [
                        145,
                        58
                    ],
                    [
                        146,
                        57
                    ],
                    [
                        146,
                        49
                    ],
                    [
                        145,
                        48
                    ],
                    [
                        146,
                        47
                    ],
                    [
                        145,
                        46
                    ],
                    [
                        146,
                        45
                    ],
                    [
                        145,
                        44
                    ],
                    [
                        146,
                        43
                    ],
                    [
                        145,
                        42
                    ],
                    [
                        145,
                        41
                    ],
                    [
                        145,
                        42
                    ],
                    [
                        143,
                        44
                    ],
                    [
                        141,
                        44
                    ],
                    [
                        140,
                        45
                    ],
                    [
                        137,
                        45
                    ],
                    [
                        135,
                        43
                    ],
                    [
                        135,
                        42
                    ],
                    [
                        138,
                        39
                    ],
                    [
                        135,
                        36
                    ],
                    [
                        136,
                        35
                    ],
                    [
                        138,
                        35
                    ],
                    [
                        138,
                        34
                    ],
                    [
                        139,
                        33
                    ],
                    [
                        138,
                        33
                    ],
                    [
                        137,
                        32
                    ],
                    [
                        135,
                        32
                    ],
                    [
                        133,
                        30
                    ],
                    [
                        133,
                        27
                    ],
                    [
                        131,
                        25
                    ],
                    [
                        130,
                        25
                    ],
                    [
                        129,
                        24
                    ],
                    [
                        129,
                        23
                    ],
                    [
                        127,
                        23
                    ],
                    [
                        125,
                        21
                    ],
                    [
                        125,
                        20
                    ],
                    [
                        124,
                        20
                    ],
                    [
                        123,
                        21
                    ],
                    [
                        123,
                        22
                    ],
                    [
                        120,
                        25
                    ],
                    [
                        119,
                        24
                    ],
                    [
                        118,
                        25
                    ],
                    [
                        116,
                        23
                    ],
                    [
                        114,
                        23
                    ],
                    [
                        112,
                        21
                    ],
                    [
                        112,
                        20
                    ],
                    [
                        111,
                        19
                    ],
                    [
                        111,
                        14
                    ],
                    [
                        110,
                        13
                    ],
                    [
                        110,
                        12
                    ],
                    [
                        109,
                        11
                    ],
                    [
                        109,
                        9
                    ],
                    [
                        106,
                        6
                    ]
                ]
            ],
            "group_id": null,
            "shape_type": "polygon",
            "flags": {}
        }
    ],
    "imagePath": "0.9119_good_tile_20_51_1.png",
    "imageData": null,
    "imageHeight": 224,
    "imageWidth": 224
}