{
    "version": "4.5.9",
    "flags": {},
    "shapes": [
        {
            "label": "foreground",
            "points": [
                [
                    [
                        35,
                        20
                    ],
                    [
                        34,
                        21
                    ],
                    [
                        28,
                        21
                    ],
                    [
                        27,
                        22
                    ],
                    [
                        26,
                        22
                    ],
                    [
                        24,
                        24
                    ],
                    [
                        24,
                        25
                    ],
                    [
                        22,
                        27
                    ],
                    [
                        19,
                        27
                    ],
                    [
                        19,
                        34
                    ],
                    [
                        20,
                        35
                    ],
                    [
                        20,
                        39
                    ],
                    [
                        21,
                        40
                    ],
                    [
                        21,
                        48
                    ],
                    [
                        20,
                        49
                    ],
                    [
                        19,
                        48
                    ],
                    [
                        18,
                        48
                    ],
                    [
                        18,
                        49
                    ],
                    [
                        19,
                        50
                    ],
                    [
                        19,
                        53
                    ],
                    [
                        20,
                        54
                    ],
                    [
                        24,
                        54
                    ],
                    [
                        25,
                        53
                    ],
                    [
                        29,
                        53
                    ],
                    [
                        30,
                        52
                    ],
                    [
                        31,
                        52
                    ],
                    [
                        32,
                        53
                    ],
                    [
                        33,
                        52
                    ],
                    [
                        36,
                        52
                    ],
                    [
                        37,
                        51
                    ],
                    [
                        42,
                        51
                    ],
                    [
                        43,
                        50
                    ],
                    [
                        45,
                        50
                    ],
                    [
                        46,
                        49
                    ],
                    [
                        49,
                        49
                    ],
                    [
                        50,
                        48
                    ],
                    [
                        51,
                        48
                    ],
                    [
                        51,
                        46
                    ],
                    [
                        52,
                        45
                    ],
                    [
                        52,
                        40
                    ],
                    [
                        53,
                        39
                    ],
                    [
                        53,
                        32
                    ],
                    [
                        54,
                        31
                    ],
                    [
                        54,
                        30
                    ],
                    [
                        55,
                        29
                    ],
                    [
                        55,
                        27
                    ],
                    [
                        53,
                        25
                    ],
                    [
                        53,
                        24
                    ],
                    [
                        52,
                        24
                    ],
                    [
                        50,
                        22
                    ],
                    [
                        49,
                        22
                    ],
                    [
                        48,
                        21
                    ],
                    [
                        47,
                        21
                    ],
                    [
                        46,
                        20
                    ]
                ]
            ],
            "group_id": null,
            "shape_type": "polygon",
            "flags": {}
        }
    ],
    "imagePath": "0.9257_good_tile_58_25_9.png",
    "imageData": null,
    "imageHeight": 224,
    "imageWidth": 224
}