{
    "version": "4.5.9",
    "flags": {},
    "shapes": [
        {
            "label": "foreground",
            "points": [
                [
                    [
                        32,
                        15
                    ],
                    [
                        30,
                        17
                    ],
                    [
                        29,
                        17
                    ],
                    [
                        28,
                        18
                    ],
                    [
                        26,
                        18
                    ],
                    [
                        26,
                        19
                    ],
                    [
                        22,
                        23
                    ],
                    [
                        21,
                        23
                    ],
                    [
                        17,
                        27
                    ],
                    [
                        17,
                        31
                    ],
                    [
                        16,
                        32
                    ],
                    [
                        16,
                        35
                    ],
                    [
                        15,
                        36
                    ],
                    [
                        15,
                        38
                    ],
                    [
                        16,
                        39
                    ],
                    [
                        16,
                        40
                    ],
                    [
                        17,
                        41
                    ],
                    [
                        17,
                        42
                    ],
                    [
                        21,
                        46
                    ],
                    [
                        21,
                        47
                    ],
                    [
                        25,
                        51
                    ],
                    [
                        26,
                        51
                    ],
                    [
                        27,
                        52
                    ],
                    [
                        28,
                        51
                    ],
                    [
                        29,
                        51
                    ],
                    [
                        30,
                        52
                    ],
                    [
                        32,
                        52
                    ],
                    [
                        33,
                        53
                    ],
                    [
                        37,
                        53
                    ],
                    [
                        38,
                        52
                    ],
                    [
                        41,
                        52
                    ],
                    [
                        42,
                        51
                    ],
                    [
                        43,
                        51
                    ],
                    [
                        48,
                        46
                    ],
                    [
                        48,
                        43
                    ],
                    [
                        49,
                        42
                    ],
                    [
                        49,
                        40
                    ],
                    [
                        47,
                        38
                    ],
                    [
                        47,
                        34
                    ],
                    [
                        43,
                        30
                    ],
                    [
                        42,
                        30
                    ],
                    [
                        41,
                        29
                    ],
                    [
                        41,
                        26
                    ],
                    [
                        40,
                        25
                    ],
                    [
                        40,
                        22
                    ],
                    [
                        38,
                        20
                    ],
                    [
                        37,
                        20
                    ],
                    [
                        33,
                        16
                    ],
                    [
                        33,
                        15
                    ]
                ]
            ],
            "group_id": null,
            "shape_type": "polygon",
            "flags": {}
        }
    ],
    "imagePath": "0.9469_good_tile_58_25_12.png",
    "imageData": null,
    "imageHeight": 224,
    "imageWidth": 224
}