{
    "version": "4.5.9",
    "flags": {},
    "shapes": [
        {
            "label": "foreground",
            "points": [
                [
                    [
                        16,
                        15
                    ],
                    [
                        15,
                        16
                    ],
                    [
                        14,
                        16
                    ],
                    [
                        13,
                        17
                    ],
                    [
                        13,
                        18
                    ],
                    [
                        12,
                        19
                    ],
                    [
                        12,
                        23
                    ],
                    [
                        13,
                        24
                    ],
                    [
                        13,
                        27
                    ],
                    [
                        17,
                        31
                    ],
                    [
                        18,
                        31
                    ],
                    [
                        20,
                        33
                    ],
                    [
                        24,
                        33
                    ],
                    [
                        28,
                        37
                    ],
                    [
                        29,
                        37
                    ],
                    [
                        30,
                        38
                    ],
                    [
                        41,
                        38
                    ],
                    [
                        42,
                        37
                    ],
                    [
                        44,
                        37
                    ],
                    [
                        45,
                        36
                    ],
                    [
                        47,
                        36
                    ],
                    [
                        48,
                        35
                    ],
                    [
                        50,
                        37
                    ],
                    [
                        54,
                        37
                    ],
                    [
                        55,
                        36
                    ],
                    [
                        58,
                        36
                    ],
                    [
                        59,
                        35
                    ],
                    [
                        61,
                        35
                    ],
                    [
                        63,
                        33
                    ],
                    [
                        65,
                        33
                    ],
                    [
                        66,
                        32
                    ],
                    [
                        65,
                        31
                    ],
                    [
                        65,
                        28
                    ],
                    [
                        64,
                        27
                    ],
                    [
                        64,
                        26
                    ],
                    [
                        63,
                        25
                    ],
                    [
                        62,
                        25
                    ],
                    [
                        61,
                        24
                    ],
                    [
                        60,
                        24
                    ],
                    [
                        59,
                        23
                    ],
                    [
                        56,
                        23
                    ],
                    [
                        55,
                        22
                    ],
                    [
                        53,
                        22
                    ],
                    [
                        51,
                        20
                    ],
                    [
                        50,
                        20
                    ],
                    [
                        48,
                        18
                    ],
                    [
                        45,
                        18
                    ],
                    [
                        44,
                        19
                    ],
                    [
                        41,
                        19
                    ],
                    [
                        39,
                        21
                    ],
                    [
                        38,
                        21
                    ],
                    [
                        37,
                        22
                    ],
                    [
                        35,
                        22
                    ],
                    [
                        34,
                        21
                    ],
                    [
                        33,
                        21
                    ],
                    [
                        30,
                        18
                    ],
                    [
                        29,
                        18
                    ],
                    [
                        28,
                        17
                    ],
                    [
                        26,
                        17
                    ],
                    [
                        25,
                        16
                    ],
                    [
                        23,
                        16
                    ],
                    [
                        22,
                        15
                    ]
                ]
            ],
            "group_id": null,
            "shape_type": "polygon",
            "flags": {}
        }
    ],
    "imagePath": "0.9421_good_tile_57_25_14.png",
    "imageData": null,
    "imageHeight": 224,
    "imageWidth": 224
}