{
    "version": "4.5.9",
    "flags": {},
    "shapes": [
        {
            "label": "foreground",
            "points": [
                [
                    [
                        47,
                        18
                    ],
                    [
                        46,
                        19
                    ],
                    [
                        44,
                        19
                    ],
                    [
                        43,
                        20
                    ],
                    [
                        42,
                        20
                    ],
                    [
                        39,
                        23
                    ],
                    [
                        39,
                        24
                    ],
                    [
                        38,
                        25
                    ],
                    [
                        38,
                        26
                    ],
                    [
                        35,
                        29
                    ],
                    [
                        33,
                        29
                    ],
                    [
                        33,
                        30
                    ],
                    [
                        29,
                        34
                    ],
                    [
                        28,
                        34
                    ],
                    [
                        27,
                        35
                    ],
                    [
                        27,
                        36
                    ],
                    [
                        22,
                        41
                    ],
                    [
                        22,
                        42
                    ],
                    [
                        20,
                        44
                    ],
                    [
                        20,
                        45
                    ],
                    [
                        19,
                        46
                    ],
                    [
                        19,
                        47
                    ],
                    [
                        18,
                        48
                    ],
                    [
                        18,
                        49
                    ],
                    [
                        17,
                        50
                    ],
                    [
                        17,
                        51
                    ],
                    [
                        16,
                        52
                    ],
                    [
                        16,
                        53
                    ],
                    [
                        15,
                        54
                    ],
                    [
                        15,
                        57
                    ],
                    [
                        14,
                        58
                    ],
                    [
                        14,
                        62
                    ],
                    [
                        15,
                        63
                    ],
                    [
                        15,
                        64
                    ],
                    [
                        16,
                        65
                    ],
                    [
                        16,
                        66
                    ],
                    [
                        17,
                        67
                    ],
                    [
                        18,
                        67
                    ],
                    [
                        19,
                        68
                    ],
                    [
                        21,
                        68
                    ],
                    [
                        22,
                        69
                    ],
                    [
                        23,
                        69
                    ],
                    [
                        24,
                        68
                    ],
                    [
                        27,
                        68
                    ],
                    [
                        28,
                        67
                    ],
                    [
                        29,
                        67
                    ],
                    [
                        30,
                        66
                    ],
                    [
                        31,
                        66
                    ],
                    [
                        33,
                        64
                    ],
                    [
                        34,
                        64
                    ],
                    [
                        39,
                        59
                    ],
                    [
                        39,
                        58
                    ],
                    [
                        44,
                        53
                    ],
                    [
                        44,
                        52
                    ],
                    [
                        51,
                        45
                    ],
                    [
                        51,
                        44
                    ],
                    [
                        54,
                        41
                    ],
                    [
                        54,
                        40
                    ],
                    [
                        56,
                        38
                    ],
                    [
                        56,
                        37
                    ],
                    [
                        58,
                        35
                    ],
                    [
                        58,
                        32
                    ],
                    [
                        59,
                        31
                    ],
                    [
                        59,
                        22
                    ],
                    [
                        58,
                        21
                    ],
                    [
                        58,
                        20
                    ],
                    [
                        57,
                        19
                    ],
                    [
                        54,
                        19
                    ],
                    [
                        53,
                        20
                    ],
                    [
                        51,
                        18
                    ]
                ]
            ],
            "group_id": null,
            "shape_type": "polygon",
            "flags": {}
        }
    ],
    "imagePath": "0.9518_good_tile_20_51_16.png",
    "imageData": null,
    "imageHeight": 224,
    "imageWidth": 224
}