{
    "version": "4.5.9",
    "flags": {},
    "shapes": [
        {
            "label": "foreground",
            "points": [
                [
                    [
                        43,
                        20
                    ],
                    [
                        42,
                        21
                    ],
                    [
                        40,
                        21
                    ],
                    [
                        39,
                        22
                    ],
                    [
                        38,
                        22
                    ],
                    [
                        37,
                        23
                    ],
                    [
                        36,
                        23
                    ],
                    [
                        27,
                        32
                    ],
                    [
                        27,
                        33
                    ],
                    [
                        25,
                        35
                    ],
                    [
                        25,
                        38
                    ],
                    [
                        24,
                        39
                    ],
                    [
                        24,
                        51
                    ],
                    [
                        23,
                        52
                    ],
                    [
                        23,
                        62
                    ],
                    [
                        24,
                        63
                    ],
                    [
                        24,
                        66
                    ],
                    [
                        25,
                        67
                    ],
                    [
                        25,
                        68
                    ],
                    [
                        26,
                        69
                    ],
                    [
                        26,
                        70
                    ],
                    [
                        28,
                        72
                    ],
                    [
                        28,
                        73
                    ],
                    [
                        29,
                        74
                    ],
                    [
                        29,
                        75
                    ],
                    [
                        31,
                        77
                    ],
                    [
                        31,
                        78
                    ],
                    [
                        32,
                        79
                    ],
                    [
                        32,
                        80
                    ],
                    [
                        35,
                        83
                    ],
                    [
                        35,
                        84
                    ],
                    [
                        36,
                        84
                    ],
                    [
                        37,
                        85
                    ],
                    [
                        37,
                        86
                    ],
                    [
                        39,
                        88
                    ],
                    [
                        40,
                        88
                    ],
                    [
                        43,
                        91
                    ],
                    [
                        44,
                        91
                    ],
                    [
                        47,
                        94
                    ],
                    [
                        48,
                        94
                    ],
                    [
                        51,
                        97
                    ],
                    [
                        53,
                        97
                    ],
                    [
                        54,
                        98
                    ],
                    [
                        56,
                        98
                    ],
                    [
                        57,
                        99
                    ],
                    [
                        63,
                        99
                    ],
                    [
                        64,
                        98
                    ],
                    [
                        65,
                        98
                    ],
                    [
                        67,
                        96
                    ],
                    [
                        69,
                        96
                    ],
                    [
                        71,
                        94
                    ],
                    [
                        71,
                        93
                    ],
                    [
                        73,
                        91
                    ],
                    [
                        74,
                        91
                    ],
                    [
                        75,
                        90
                    ],
                    [
                        75,
                        89
                    ],
                    [
                        77,
                        87
                    ],
                    [
                        77,
                        86
                    ],
                    [
                        78,
                        85
                    ],
                    [
                        78,
                        84
                    ],
                    [
                        79,
                        83
                    ],
                    [
                        79,
                        82
                    ],
                    [
                        80,
                        81
                    ],
                    [
                        80,
                        79
                    ],
                    [
                        82,
                        77
                    ],
                    [
                        82,
                        76
                    ],
                    [
                        85,
                        73
                    ],
                    [
                        85,
                        71
                    ],
                    [
                        83,
                        69
                    ],
                    [
                        83,
                        65
                    ],
                    [
                        82,
                        64
                    ],
                    [
                        82,
                        63
                    ],
                    [
                        81,
                        62
                    ],
                    [
                        81,
                        58
                    ],
                    [
                        80,
                        57
                    ],
                    [
                        80,
                        48
                    ],
                    [
                        79,
                        47
                    ],
                    [
                        79,
                        46
                    ],
                    [
                        78,
                        45
                    ],
                    [
                        78,
                        44
                    ],
                    [
                        74,
                        40
                    ],
                    [
                        74,
                        39
                    ],
                    [
                        71,
                        36
                    ],
                    [
                        71,
                        34
                    ],
                    [
                        70,
                        33
                    ],
                    [
                        69,
                        33
                    ],
                    [
                        67,
                        31
                    ],
                    [
                        67,
                        30
                    ],
                    [
                        66,
                        29
                    ],
                    [
                        65,
                        29
                    ],
                    [
                        64,
                        28
                    ],
                    [
                        63,
                        28
                    ],
                    [
                        60,
                        25
                    ],
                    [
                        59,
                        25
                    ],
                    [
                        58,
                        24
                    ],
                    [
                        56,
                        24
                    ],
                    [
                        55,
                        23
                    ],
                    [
                        54,
                        23
                    ],
                    [
                        53,
                        22
                    ],
                    [
                        51,
                        22
                    ],
                    [
                        50,
                        21
                    ],
                    [
                        46,
                        21
                    ],
                    [
                        45,
                        20
                    ]
                ]
            ],
            "group_id": null,
            "shape_type": "polygon",
            "flags": {}
        }
    ],
    "imagePath": "0.9754_good_tile_20_41_14.png",
    "imageData": null,
    "imageHeight": 224,
    "imageWidth": 224
}