{
    "version": "4.5.9",
    "flags": {},
    "shapes": [
        {
            "label": "foreground",
            "points": [
                [
                    [
                        40,
                        16
                    ],
                    [
                        39,
                        17
                    ],
                    [
                        38,
                        17
                    ],
                    [
                        37,
                        18
                    ],
                    [
                        36,
                        18
                    ],
                    [
                        32,
                        22
                    ],
                    [
                        32,
                        24
                    ],
                    [
                        31,
                        25
                    ],
                    [
                        31,
                        27
                    ],
                    [
                        30,
                        28
                    ],
                    [
                        30,
                        31
                    ],
                    [
                        28,
                        33
                    ],
                    [
                        28,
                        34
                    ],
                    [
                        17,
                        45
                    ],
                    [
                        17,
                        47
                    ],
                    [
                        16,
                        48
                    ],
                    [
                        16,
                        50
                    ],
                    [
                        15,
                        51
                    ],
                    [
                        15,
                        55
                    ],
                    [
                        18,
                        58
                    ],
                    [
                        21,
                        58
                    ],
                    [
                        22,
                        59
                    ],
                    [
                        25,
                        59
                    ],
                    [
                        26,
                        60
                    ],
                    [
                        31,
                        60
                    ],
                    [
                        32,
                        61
                    ],
                    [
                        34,
                        61
                    ],
                    [
                        35,
                        62
                    ],
                    [
                        36,
                        62
                    ],
                    [
                        37,
                        63
                    ],
                    [
                        41,
                        63
                    ],
                    [
                        42,
                        62
                    ],
                    [
                        42,
                        60
                    ],
                    [
                        43,
                        59
                    ],
                    [
                        43,
                        58
                    ],
                    [
                        44,
                        57
                    ],
                    [
                        44,
                        54
                    ],
                    [
                        45,
                        53
                    ],
                    [
                        45,
                        52
                    ],
                    [
                        51,
                        46
                    ],
                    [
                        51,
                        44
                    ],
                    [
                        52,
                        43
                    ],
                    [
                        52,
                        41
                    ],
                    [
                        53,
                        40
                    ],
                    [
                        53,
                        39
                    ],
                    [
                        54,
                        38
                    ],
                    [
                        54,
                        37
                    ],
                    [
                        53,
                        36
                    ],
                    [
                        53,
                        28
                    ],
                    [
                        52,
                        27
                    ],
                    [
                        52,
                        26
                    ],
                    [
                        51,
                        25
                    ],
                    [
                        51,
                        24
                    ],
                    [
                        49,
                        22
                    ],
                    [
                        49,
                        20
                    ],
                    [
                        45,
                        16
                    ]
                ]
            ],
            "group_id": null,
            "shape_type": "polygon",
            "flags": {}
        }
    ],
    "imagePath": "0.9708_good_tile_20_41_12.png",
    "imageData": null,
    "imageHeight": 224,
    "imageWidth": 224
}