{
    "version": "4.5.9",
    "flags": {},
    "shapes": [
        {
            "label": "foreground",
            "points": [
                [
                    [
                        34,
                        16
                    ],
                    [
                        33,
                        17
                    ],
                    [
                        32,
                        17
                    ],
                    [
                        31,
                        18
                    ],
                    [
                        30,
                        18
                    ],
                    [
                        28,
                        20
                    ],
                    [
                        27,
                        20
                    ],
                    [
                        26,
                        21
                    ],
                    [
                        25,
                        21
                    ],
                    [
                        22,
                        24
                    ],
                    [
                        22,
                        26
                    ],
                    [
                        21,
                        27
                    ],
                    [
                        21,
                        29
                    ],
                    [
                        20,
                        30
                    ],
                    [
                        20,
                        35
                    ],
                    [
                        19,
                        36
                    ],
                    [
                        19,
                        37
                    ],
                    [
                        13,
                        43
                    ],
                    [
                        13,
                        44
                    ],
                    [
                        12,
                        45
                    ],
                    [
                        12,
                        48
                    ],
                    [
                        13,
                        49
                    ],
                    [
                        13,
                        50
                    ],
                    [
                        14,
                        51
                    ],
                    [
                        14,
                        53
                    ],
                    [
                        13,
                        54
                    ],
                    [
                        13,
                        56
                    ],
                    [
                        10,
                        59
                    ],
                    [
                        6,
                        59
                    ],
                    [
                        5,
                        60
                    ],
                    [
                        2,
                        60
                    ],
                    [
                        2,
                        61
                    ],
                    [
                        1,
                        62
                    ],
                    [
                        1,
                        64
                    ],
                    [
                        2,
                        65
                    ],
                    [
                        2,
                        66
                    ],
                    [
                        3,
                        67
                    ],
                    [
                        3,
                        69
                    ],
                    [
                        6,
                        72
                    ],
                    [
                        7,
                        72
                    ],
                    [
                        7,
                        71
                    ],
                    [
                        8,
                        70
                    ],
                    [
                        8,
                        69
                    ],
                    [
                        10,
                        67
                    ],
                    [
                        10,
                        63
                    ],
                    [
                        13,
                        60
                    ],
                    [
                        14,
                        61
                    ],
                    [
                        14,
                        65
                    ],
                    [
                        15,
                        66
                    ],
                    [
                        15,
                        71
                    ],
                    [
                        14,
                        72
                    ],
                    [
                        13,
                        72
                    ],
                    [
                        12,
                        71
                    ],
                    [
                        12,
                        73
                    ],
                    [
                        13,
                        74
                    ],
                    [
                        14,
                        73
                    ],
                    [
                        15,
                        73
                    ],
                    [
                        17,
                        75
                    ],
                    [
                        17,
                        76
                    ],
                    [
                        18,
                        77
                    ],
                    [
                        18,
                        79
                    ],
                    [
                        19,
                        80
                    ],
                    [
                        19,
                        81
                    ],
                    [
                        20,
                        82
                    ],
                    [
                        20,
                        83
                    ],
                    [
                        22,
                        85
                    ],
                    [
                        22,
                        86
                    ],
                    [
                        24,
                        88
                    ],
                    [
                        24,
                        89
                    ],
                    [
                        29,
                        94
                    ],
                    [
                        30,
                        94
                    ],
                    [
                        34,
                        98
                    ],
                    [
                        35,
                        98
                    ],
                    [
                        36,
                        99
                    ],
                    [
                        37,
                        99
                    ],
                    [
                        39,
                        101
                    ],
                    [
                        39,
                        103
                    ],
                    [
                        44,
                        108
                    ],
                    [
                        44,
                        109
                    ],
                    [
                        46,
                        111
                    ],
                    [
                        46,
                        112
                    ],
                    [
                        47,
                        112
                    ],
                    [
                        48,
                        113
                    ],
                    [
                        49,
                        113
                    ],
                    [
                        50,
                        112
                    ],
                    [
                        53,
                        112
                    ],
                    [
                        55,
                        110
                    ],
                    [
                        55,
                        109
                    ],
                    [
                        56,
                        108
                    ],
                    [
                        56,
                        106
                    ],
                    [
                        57,
                        105
                    ],
                    [
                        57,
                        104
                    ],
                    [
                        58,
                        103
                    ],
                    [
                        60,
                        103
                    ],
                    [
                        63,
                        100
                    ],
                    [
                        64,
                        100
                    ],
                    [
                        67,
                        97
                    ],
                    [
                        68,
                        97
                    ],
                    [
                        71,
                        94
                    ],
                    [
                        71,
                        93
                    ],
                    [
                        72,
                        92
                    ],
                    [
                        72,
                        91
                    ],
                    [
                        75,
                        88
                    ],
                    [
                        75,
                        83
                    ],
                    [
                        76,
                        82
                    ],
                    [
                        76,
                        78
                    ],
                    [
                        75,
                        77
                    ],
                    [
                        75,
                        73
                    ],
                    [
                        76,
                        72
                    ],
                    [
                        76,
                        70
                    ],
                    [
                        75,
                        69
                    ],
                    [
                        75,
                        60
                    ],
                    [
                        74,
                        59
                    ],
                    [
                        74,
                        53
                    ],
                    [
                        72,
                        51
                    ],
                    [
                        72,
                        48
                    ],
                    [
                        71,
                        47
                    ],
                    [
                        71,
                        44
                    ],
                    [
                        70,
                        43
                    ],
                    [
                        70,
                        42
                    ],
                    [
                        69,
                        41
                    ],
                    [
                        69,
                        40
                    ],
                    [
                        67,
                        38
                    ],
                    [
                        67,
                        37
                    ],
                    [
                        61,
                        31
                    ],
                    [
                        60,
                        31
                    ],
                    [
                        56,
                        27
                    ],
                    [
                        55,
                        27
                    ],
                    [
                        54,
                        26
                    ],
                    [
                        53,
                        26
                    ],
                    [
                        52,
                        25
                    ],
                    [
                        50,
                        25
                    ],
                    [
                        49,
                        24
                    ],
                    [
                        48,
                        24
                    ],
                    [
                        47,
                        23
                    ],
                    [
                        47,
                        22
                    ],
                    [
                        45,
                        20
                    ],
                    [
                        44,
                        20
                    ],
                    [
                        42,
                        18
                    ],
                    [
                        41,
                        18
                    ],
                    [
                        40,
                        17
                    ],
                    [
                        36,
                        17
                    ],
                    [
                        35,
                        16
                    ]
                ]
            ],
            "group_id": null,
            "shape_type": "polygon",
            "flags": {}
        }
    ],
    "imagePath": "0.9835_good_tile_20_51_3.png",
    "imageData": null,
    "imageHeight": 224,
    "imageWidth": 224
}