{
    "version": "4.5.9",
    "flags": {},
    "shapes": [
        {
            "label": "foreground",
            "points": [
                [
                    [
                        59,
                        19
                    ],
                    [
                        58,
                        20
                    ],
                    [
                        55,
                        20
                    ],
                    [
                        54,
                        21
                    ],
                    [
                        53,
                        21
                    ],
                    [
                        46,
                        28
                    ],
                    [
                        45,
                        28
                    ],
                    [
                        42,
                        31
                    ],
                    [
                        41,
                        31
                    ],
                    [
                        40,
                        32
                    ],
                    [
                        39,
                        32
                    ],
                    [
                        37,
                        34
                    ],
                    [
                        36,
                        34
                    ],
                    [
                        35,
                        35
                    ],
                    [
                        33,
                        35
                    ],
                    [
                        31,
                        37
                    ],
                    [
                        30,
                        37
                    ],
                    [
                        29,
                        38
                    ],
                    [
                        28,
                        38
                    ],
                    [
                        25,
                        41
                    ],
                    [
                        25,
                        42
                    ],
                    [
                        24,
                        43
                    ],
                    [
                        24,
                        44
                    ],
                    [
                        22,
                        46
                    ],
                    [
                        20,
                        46
                    ],
                    [
                        20,
                        47
                    ],
                    [
                        21,
                        47
                    ],
                    [
                        22,
                        46
                    ],
                    [
                        23,
                        47
                    ],
                    [
                        23,
                        54
                    ],
                    [
                        22,
                        55
                    ],
                    [
                        22,
                        56
                    ],
                    [
                        23,
                        57
                    ],
                    [
                        23,
                        58
                    ],
                    [
                        22,
                        59
                    ],
                    [
                        22,
                        61
                    ],
                    [
                        28,
                        67
                    ],
                    [
                        29,
                        67
                    ],
                    [
                        32,
                        70
                    ],
                    [
                        34,
                        70
                    ],
                    [
                        35,
                        71
                    ],
                    [
                        36,
                        71
                    ],
                    [
                        38,
                        73
                    ],
                    [
                        38,
                        74
                    ],
                    [
                        39,
                        75
                    ],
                    [
                        39,
                        76
                    ],
                    [
                        41,
                        76
                    ],
                    [
                        42,
                        75
                    ],
                    [
                        45,
                        75
                    ],
                    [
                        46,
                        76
                    ],
                    [
                        59,
                        76
                    ],
                    [
                        61,
                        74
                    ],
                    [
                        63,
                        74
                    ],
                    [
                        64,
                        73
                    ],
                    [
                        66,
                        73
                    ],
                    [
                        67,
                        72
                    ],
                    [
                        70,
                        72
                    ],
                    [
                        80,
                        62
                    ],
                    [
                        81,
                        62
                    ],
                    [
                        82,
                        61
                    ],
                    [
                        82,
                        59
                    ],
                    [
                        83,
                        58
                    ],
                    [
                        83,
                        57
                    ],
                    [
                        84,
                        56
                    ],
                    [
                        84,
                        55
                    ],
                    [
                        87,
                        52
                    ],
                    [
                        87,
                        51
                    ],
                    [
                        88,
                        50
                    ],
                    [
                        88,
                        49
                    ],
                    [
                        89,
                        48
                    ],
                    [
                        89,
                        47
                    ],
                    [
                        90,
                        46
                    ],
                    [
                        90,
                        44
                    ],
                    [
                        91,
                        43
                    ],
                    [
                        91,
                        42
                    ],
                    [
                        92,
                        41
                    ],
                    [
                        92,
                        39
                    ],
                    [
                        96,
                        35
                    ],
                    [
                        93,
                        35
                    ],
                    [
                        92,
                        36
                    ],
                    [
                        89,
                        36
                    ],
                    [
                        88,
                        35
                    ],
                    [
                        87,
                        35
                    ],
                    [
                        86,
                        34
                    ],
                    [
                        84,
                        34
                    ],
                    [
                        83,
                        33
                    ],
                    [
                        81,
                        33
                    ],
                    [
                        80,
                        32
                    ],
                    [
                        79,
                        32
                    ],
                    [
                        78,
                        31
                    ],
                    [
                        76,
                        31
                    ],
                    [
                        75,
                        30
                    ],
                    [
                        73,
                        30
                    ],
                    [
                        71,
                        28
                    ],
                    [
                        70,
                        28
                    ],
                    [
                        61,
                        19
                    ]
                ]
            ],
            "group_id": null,
            "shape_type": "polygon",
            "flags": {}
        }
    ],
    "imagePath": "0.9834_good_tile_20_41_1.png",
    "imageData": null,
    "imageHeight": 224,
    "imageWidth": 224
}