{
    "version": "4.5.9",
    "flags": {},
    "shapes": [
        {
            "label": "foreground",
            "points": [
                [
                    [
                        21,
                        7
                    ],
                    [
                        20,
                        8
                    ],
                    [
                        20,
                        9
                    ],
                    [
                        17,
                        12
                    ],
                    [
                        17,
                        13
                    ],
                    [
                        15,
                        15
                    ],
                    [
                        15,
                        16
                    ],
                    [
                        14,
                        17
                    ],
                    [
                        14,
                        19
                    ],
                    [
                        13,
                        20
                    ],
                    [
                        13,
                        29
                    ],
                    [
                        14,
                        30
                    ],
                    [
                        14,
                        32
                    ],
                    [
                        15,
                        33
                    ],
                    [
                        15,
                        35
                    ],
                    [
                        19,
                        39
                    ],
                    [
                        20,
                        39
                    ],
                    [
                        21,
                        40
                    ],
                    [
                        24,
                        40
                    ],
                    [
                        25,
                        41
                    ],
                    [
                        28,
                        41
                    ],
                    [
                        29,
                        40
                    ],
                    [
                        32,
                        40
                    ],
                    [
                        35,
                        37
                    ],
                    [
                        35,
                        36
                    ],
                    [
                        36,
                        35
                    ],
                    [
                        36,
                        34
                    ],
                    [
                        37,
                        33
                    ],
                    [
                        37,
                        32
                    ],
                    [
                        38,
                        31
                    ],
                    [
                        38,
                        29
                    ],
                    [
                        39,
                        28
                    ],
                    [
                        39,
                        27
                    ],
                    [
                        38,
                        26
                    ],
                    [
                        38,
                        24
                    ],
                    [
                        37,
                        23
                    ],
                    [
                        37,
                        18
                    ],
                    [
                        35,
                        16
                    ],
                    [
                        35,
                        15
                    ],
                    [
                        32,
                        12
                    ],
                    [
                        32,
                        11
                    ],
                    [
                        30,
                        9
                    ],
                    [
                        27,
                        9
                    ],
                    [
                        26,
                        8
                    ],
                    [
                        23,
                        8
                    ],
                    [
                        22,
                        7
                    ]
                ]
            ],
            "group_id": null,
            "shape_type": "polygon",
            "flags": {}
        }
    ],
    "imagePath": "0.9815_good_tile_58_25_8.png",
    "imageData": null,
    "imageHeight": 224,
    "imageWidth": 224
}