{
    "version": "4.5.9",
    "flags": {},
    "shapes": [
        {
            "label": "foreground",
            "points": [
                [
                    [
                        45,
                        5
                    ],
                    [
                        44,
                        6
                    ],
                    [
                        40,
                        6
                    ],
                    [
                        39,
                        7
                    ],
                    [
                        38,
                        7
                    ],
                    [
                        37,
                        8
                    ],
                    [
                        36,
                        8
                    ],
                    [
                        35,
                        9
                    ],
                    [
                        34,
                        9
                    ],
                    [
                        33,
                        10
                    ],
                    [
                        32,
                        10
                    ],
                    [
                        26,
                        16
                    ],
                    [
                        26,
                        17
                    ],
                    [
                        25,
                        18
                    ],
                    [
                        21,
                        18
                    ],
                    [
                        18,
                        21
                    ],
                    [
                        18,
                        23
                    ],
                    [
                        17,
                        24
                    ],
                    [
                        17,
                        36
                    ],
                    [
                        18,
                        37
                    ],
                    [
                        18,
                        40
                    ],
                    [
                        21,
                        43
                    ],
                    [
                        22,
                        43
                    ],
                    [
                        23,
                        42
                    ],
                    [
                        24,
                        43
                    ],
                    [
                        27,
                        43
                    ],
                    [
                        29,
                        41
                    ],
                    [
                        30,
                        42
                    ],
                    [
                        31,
                        42
                    ],
                    [
                        32,
                        43
                    ],
                    [
                        34,
                        43
                    ],
                    [
                        37,
                        46
                    ],
                    [
                        37,
                        47
                    ],
                    [
                        36,
                        48
                    ],
                    [
                        36,
                        49
                    ],
                    [
                        34,
                        51
                    ],
                    [
                        34,
                        52
                    ],
                    [
                        36,
                        52
                    ],
                    [
                        38,
                        50
                    ],
                    [
                        39,
                        50
                    ],
                    [
                        40,
                        49
                    ],
                    [
                        40,
                        47
                    ],
                    [
                        42,
                        45
                    ],
                    [
                        46,
                        45
                    ],
                    [
                        47,
                        44
                    ],
                    [
                        49,
                        44
                    ],
                    [
                        50,
                        43
                    ],
                    [
                        51,
                        43
                    ],
                    [
                        59,
                        35
                    ],
                    [
                        60,
                        35
                    ],
                    [
                        60,
                        34
                    ],
                    [
                        62,
                        32
                    ],
                    [
                        62,
                        31
                    ],
                    [
                        63,
                        30
                    ],
                    [
                        63,
                        29
                    ],
                    [
                        64,
                        28
                    ],
                    [
                        64,
                        23
                    ],
                    [
                        63,
                        22
                    ],
                    [
                        63,
                        19
                    ],
                    [
                        62,
                        18
                    ],
                    [
                        62,
                        17
                    ],
                    [
                        61,
                        16
                    ],
                    [
                        61,
                        15
                    ],
                    [
                        60,
                        14
                    ],
                    [
                        60,
                        13
                    ],
                    [
                        59,
                        12
                    ],
                    [
                        59,
                        11
                    ],
                    [
                        55,
                        7
                    ],
                    [
                        54,
                        7
                    ],
                    [
                        53,
                        6
                    ],
                    [
                        51,
                        6
                    ],
                    [
                        50,
                        5
                    ]
                ]
            ],
            "group_id": null,
            "shape_type": "polygon",
            "flags": {}
        }
    ],
    "imagePath": "0.9855_good_tile_58_25_5.png",
    "imageData": null,
    "imageHeight": 224,
    "imageWidth": 224
}