{
    "version": "4.5.9",
    "flags": {},
    "shapes": [
        {
            "label": "foreground",
            "points": [
                [
                    [
                        18,
                        16
                    ],
                    [
                        18,
                        18
                    ],
                    [
                        17,
                        19
                    ],
                    [
                        17,
                        20
                    ],
                    [
                        20,
                        23
                    ],
                    [
                        20,
                        24
                    ],
                    [
                        21,
                        25
                    ],
                    [
                        21,
                        26
                    ],
                    [
                        22,
                        27
                    ],
                    [
                        22,
                        29
                    ],
                    [
                        23,
                        30
                    ],
                    [
                        23,
                        32
                    ],
                    [
                        24,
                        33
                    ],
                    [
                        24,
                        35
                    ],
                    [
                        25,
                        36
                    ],
                    [
                        25,
                        37
                    ],
                    [
                        27,
                        39
                    ],
                    [
                        27,
                        40
                    ],
                    [
                        30,
                        43
                    ],
                    [
                        30,
                        45
                    ],
                    [
                        32,
                        47
                    ],
                    [
                        32,
                        49
                    ],
                    [
                        34,
                        51
                    ],
                    [
                        34,
                        59
                    ],
                    [
                        33,
                        60
                    ],
                    [
                        33,
                        62
                    ],
                    [
                        32,
                        63
                    ],
                    [
                        32,
                        66
                    ],
                    [
                        33,
                        67
                    ],
                    [
                        33,
                        70
                    ],
                    [
                        34,
                        71
                    ],
                    [
                        34,
                        74
                    ],
                    [
                        35,
                        75
                    ],
                    [
                        35,
                        77
                    ],
                    [
                        36,
                        78
                    ],
                    [
                        36,
                        79
                    ],
                    [
                        39,
                        82
                    ],
                    [
                        39,
                        83
                    ],
                    [
                        45,
                        89
                    ],
                    [
                        46,
                        89
                    ],
                    [
                        47,
                        90
                    ],
                    [
                        48,
                        90
                    ],
                    [
                        50,
                        92
                    ],
                    [
                        51,
                        92
                    ],
                    [
                        52,
                        93
                    ],
                    [
                        60,
                        93
                    ],
                    [
                        61,
                        92
                    ],
                    [
                        63,
                        92
                    ],
                    [
                        64,
                        91
                    ],
                    [
                        65,
                        91
                    ],
                    [
                        67,
                        89
                    ],
                    [
                        67,
                        88
                    ],
                    [
                        68,
                        87
                    ],
                    [
                        68,
                        86
                    ],
                    [
                        72,
                        82
                    ],
                    [
                        72,
                        81
                    ],
                    [
                        73,
                        80
                    ],
                    [
                        73,
                        79
                    ],
                    [
                        72,
                        78
                    ],
                    [
                        72,
                        73
                    ],
                    [
                        71,
                        72
                    ],
                    [
                        71,
                        69
                    ],
                    [
                        70,
                        68
                    ],
                    [
                        70,
                        63
                    ],
                    [
                        69,
                        62
                    ],
                    [
                        69,
                        61
                    ],
                    [
                        68,
                        60
                    ],
                    [
                        68,
                        58
                    ],
                    [
                        67,
                        57
                    ],
                    [
                        67,
                        56
                    ],
                    [
                        66,
                        55
                    ],
                    [
                        66,
                        54
                    ],
                    [
                        65,
                        53
                    ],
                    [
                        65,
                        52
                    ],
                    [
                        64,
                        51
                    ],
                    [
                        63,
                        51
                    ],
                    [
                        62,
                        50
                    ],
                    [
                        61,
                        50
                    ],
                    [
                        60,
                        49
                    ],
                    [
                        59,
                        49
                    ],
                    [
                        58,
                        48
                    ],
                    [
                        51,
                        48
                    ],
                    [
                        50,
                        47
                    ],
                    [
                        49,
                        47
                    ],
                    [
                        48,
                        46
                    ],
                    [
                        47,
                        46
                    ],
                    [
                        46,
                        45
                    ],
                    [
                        45,
                        45
                    ],
                    [
                        44,
                        44
                    ],
                    [
                        44,
                        40
                    ],
                    [
                        41,
                        37
                    ],
                    [
                        40,
                        37
                    ],
                    [
                        35,
                        32
                    ],
                    [
                        35,
                        31
                    ],
                    [
                        31,
                        27
                    ],
                    [
                        31,
                        25
                    ],
                    [
                        30,
                        24
                    ],
                    [
                        30,
                        22
                    ],
                    [
                        28,
                        20
                    ],
                    [
                        28,
                        19
                    ],
                    [
                        25,
                        16
                    ]
                ]
            ],
            "group_id": null,
            "shape_type": "polygon",
            "flags": {}
        }
    ],
    "imagePath": "0.9887_good_tile_20_51_12.png",
    "imageData": null,
    "imageHeight": 224,
    "imageWidth": 224
}