{
    "version": "4.5.9",
    "flags": {},
    "shapes": [
        {
            "label": "foreground",
            "points": [
                [
                    [
                        49,
                        21
                    ],
                    [
                        48,
                        22
                    ],
                    [
                        44,
                        22
                    ],
                    [
                        42,
                        24
                    ],
                    [
                        40,
                        24
                    ],
                    [
                        38,
                        22
                    ],
                    [
                        34,
                        22
                    ],
                    [
                        26,
                        30
                    ],
                    [
                        26,
                        31
                    ],
                    [
                        23,
                        34
                    ],
                    [
                        22,
                        34
                    ],
                    [
                        21,
                        35
                    ],
                    [
                        21,
                        36
                    ],
                    [
                        20,
                        37
                    ],
                    [
                        20,
                        45
                    ],
                    [
                        21,
                        46
                    ],
                    [
                        21,
                        47
                    ],
                    [
                        22,
                        48
                    ],
                    [
                        22,
                        50
                    ],
                    [
                        24,
                        52
                    ],
                    [
                        25,
                        52
                    ],
                    [
                        26,
                        53
                    ],
                    [
                        29,
                        53
                    ],
                    [
                        30,
                        52
                    ],
                    [
                        34,
                        52
                    ],
                    [
                        35,
                        51
                    ],
                    [
                        36,
                        51
                    ],
                    [
                        37,
                        50
                    ],
                    [
                        43,
                        50
                    ],
                    [
                        44,
                        49
                    ],
                    [
                        45,
                        49
                    ],
                    [
                        46,
                        48
                    ],
                    [
                        47,
                        48
                    ],
                    [
                        51,
                        44
                    ],
                    [
                        52,
                        44
                    ],
                    [
                        58,
                        38
                    ],
                    [
                        59,
                        38
                    ],
                    [
                        61,
                        36
                    ],
                    [
                        61,
                        35
                    ],
                    [
                        62,
                        34
                    ],
                    [
                        62,
                        32
                    ],
                    [
                        63,
                        31
                    ],
                    [
                        63,
                        29
                    ],
                    [
                        65,
                        27
                    ],
                    [
                        65,
                        26
                    ],
                    [
                        62,
                        23
                    ],
                    [
                        61,
                        23
                    ],
                    [
                        60,
                        22
                    ],
                    [
                        58,
                        22
                    ],
                    [
                        57,
                        21
                    ]
                ]
            ],
            "group_id": null,
            "shape_type": "polygon",
            "flags": {}
        }
    ],
    "imagePath": "0.9994_good_tile_20_41_5.png",
    "imageData": null,
    "imageHeight": 224,
    "imageWidth": 224
}