{
    "version": "4.5.9",
    "flags": {},
    "shapes": [
        {
            "label": "foreground",
            "points": [
                [
                    [
                        32,
                        13
                    ],
                    [
                        31,
                        14
                    ],
                    [
                        27,
                        14
                    ],
                    [
                        26,
                        15
                    ],
                    [
                        21,
                        15
                    ],
                    [
                        20,
                        16
                    ],
                    [
                        19,
                        16
                    ],
                    [
                        16,
                        19
                    ],
                    [
                        16,
                        20
                    ],
                    [
                        15,
                        21
                    ],
                    [
                        15,
                        22
                    ],
                    [
                        14,
                        23
                    ],
                    [
                        14,
                        26
                    ],
                    [
                        13,
                        27
                    ],
                    [
                        13,
                        29
                    ],
                    [
                        12,
                        30
                    ],
                    [
                        12,
                        32
                    ],
                    [
                        11,
                        33
                    ],
                    [
                        11,
                        36
                    ],
                    [
                        10,
                        37
                    ],
                    [
                        10,
                        38
                    ],
                    [
                        11,
                        39
                    ],
                    [
                        11,
                        44
                    ],
                    [
                        12,
                        45
                    ],
                    [
                        12,
                        49
                    ],
                    [
                        13,
                        50
                    ],
                    [
                        13,
                        51
                    ],
                    [
                        14,
                        52
                    ],
                    [
                        14,
                        53
                    ],
                    [
                        15,
                        54
                    ],
                    [
                        15,
                        67
                    ],
                    [
                        16,
                        68
                    ],
                    [
                        16,
                        69
                    ],
                    [
                        17,
                        69
                    ],
                    [
                        18,
                        70
                    ],
                    [
                        18,
                        71
                    ],
                    [
                        17,
                        72
                    ],
                    [
                        16,
                        72
                    ],
                    [
                        17,
                        73
                    ],
                    [
                        17,
                        76
                    ],
                    [
                        18,
                        77
                    ],
                    [
                        18,
                        80
                    ],
                    [
                        24,
                        86
                    ],
                    [
                        24,
                        87
                    ],
                    [
                        25,
                        88
                    ],
                    [
                        25,
                        89
                    ],
                    [
                        27,
                        91
                    ],
                    [
                        28,
                        91
                    ],
                    [
                        29,
                        92
                    ],
                    [
                        32,
                        92
                    ],
                    [
                        33,
                        91
                    ],
                    [
                        37,
                        91
                    ],
                    [
                        38,
                        90
                    ],
                    [
                        40,
                        90
                    ],
                    [
                        41,
                        89
                    ],
                    [
                        42,
                        89
                    ],
                    [
                        44,
                        87
                    ],
                    [
                        46,
                        87
                    ],
                    [
                        47,
                        86
                    ],
                    [
                        48,
                        86
                    ],
                    [
                        49,
                        85
                    ],
                    [
                        52,
                        85
                    ],
                    [
                        53,
                        84
                    ],
                    [
                        54,
                        84
                    ],
                    [
                        56,
                        82
                    ],
                    [
                        56,
                        81
                    ],
                    [
                        55,
                        80
                    ],
                    [
                        55,
                        75
                    ],
                    [
                        54,
                        74
                    ],
                    [
                        54,
                        73
                    ],
                    [
                        52,
                        71
                    ],
                    [
                        52,
                        67
                    ],
                    [
                        53,
                        66
                    ],
                    [
                        53,
                        65
                    ],
                    [
                        54,
                        64
                    ],
                    [
                        54,
                        63
                    ],
                    [
                        53,
                        62
                    ],
                    [
                        53,
                        61
                    ],
                    [
                        51,
                        59
                    ],
                    [
                        50,
                        59
                    ],
                    [
                        49,
                        58
                    ],
                    [
                        49,
                        57
                    ],
                    [
                        48,
                        56
                    ],
                    [
                        48,
                        55
                    ],
                    [
                        47,
                        54
                    ],
                    [
                        47,
                        48
                    ],
                    [
                        48,
                        47
                    ],
                    [
                        48,
                        40
                    ],
                    [
                        47,
                        39
                    ],
                    [
                        47,
                        37
                    ],
                    [
                        46,
                        36
                    ],
                    [
                        46,
                        34
                    ],
                    [
                        45,
                        33
                    ],
                    [
                        45,
                        29
                    ],
                    [
                        44,
                        28
                    ],
                    [
                        44,
                        26
                    ],
                    [
                        43,
                        25
                    ],
                    [
                        43,
                        24
                    ],
                    [
                        42,
                        23
                    ],
                    [
                        42,
                        18
                    ],
                    [
                        40,
                        16
                    ],
                    [
                        40,
                        15
                    ],
                    [
                        38,
                        13
                    ]
                ]
            ],
            "group_id": null,
            "shape_type": "polygon",
            "flags": {}
        }
    ],
    "imagePath": "0.9965_good_tile_20_51_18.png",
    "imageData": null,
    "imageHeight": 224,
    "imageWidth": 224
}