{
    "version": "4.5.9",
    "flags": {},
    "shapes": [
        {
            "label": "foreground",
            "points": [
                [
                    [
                        23,
                        15
                    ],
                    [
                        22,
                        16
                    ],
                    [
                        21,
                        16
                    ],
                    [
                        20,
                        17
                    ],
                    [
                        19,
                        17
                    ],
                    [
                        14,
                        22
                    ],
                    [
                        14,
                        24
                    ],
                    [
                        13,
                        25
                    ],
                    [
                        13,
                        34
                    ],
                    [
                        14,
                        35
                    ],
                    [
                        14,
                        36
                    ],
                    [
                        15,
                        37
                    ],
                    [
                        15,
                        38
                    ],
                    [
                        17,
                        40
                    ],
                    [
                        18,
                        40
                    ],
                    [
                        19,
                        41
                    ],
                    [
                        20,
                        41
                    ],
                    [
                        23,
                        44
                    ],
                    [
                        23,
                        45
                    ],
                    [
                        24,
                        45
                    ],
                    [
                        26,
                        43
                    ],
                    [
                        29,
                        43
                    ],
                    [
                        30,
                        42
                    ],
                    [
                        33,
                        42
                    ],
                    [
                        35,
                        40
                    ],
                    [
                        35,
                        39
                    ],
                    [
                        36,
                        38
                    ],
                    [
                        37,
                        38
                    ],
                    [
                        39,
                        36
                    ],
                    [
                        39,
                        35
                    ],
                    [
                        41,
                        33
                    ],
                    [
                        41,
                        30
                    ],
                    [
                        42,
                        29
                    ],
                    [
                        42,
                        27
                    ],
                    [
                        43,
                        26
                    ],
                    [
                        43,
                        25
                    ],
                    [
                        42,
                        24
                    ],
                    [
                        42,
                        22
                    ],
                    [
                        41,
                        21
                    ],
                    [
                        40,
                        21
                    ],
                    [
                        39,
                        20
                    ],
                    [
                        39,
                        19
                    ],
                    [
                        36,
                        16
                    ],
                    [
                        35,
                        16
                    ],
                    [
                        34,
                        15
                    ]
                ]
            ],
            "group_id": null,
            "shape_type": "polygon",
            "flags": {}
        }
    ],
    "imagePath": "0.9997_good_tile_58_25_11.png",
    "imageData": null,
    "imageHeight": 224,
    "imageWidth": 224
}