{
    "version": "4.5.9",
    "flags": {},
    "shapes": [
        {
            "label": "foreground",
            "points": [
                [
                    [
                        29,
                        18
                    ],
                    [
                        27,
                        20
                    ],
                    [
                        26,
                        20
                    ],
                    [
                        24,
                        22
                    ],
                    [
                        23,
                        22
                    ],
                    [
                        21,
                        24
                    ],
                    [
                        21,
                        25
                    ],
                    [
                        20,
                        26
                    ],
                    [
                        19,
                        26
                    ],
                    [
                        18,
                        27
                    ],
                    [
                        17,
                        27
                    ],
                    [
                        17,
                        29
                    ],
                    [
                        18,
                        30
                    ],
                    [
                        18,
                        32
                    ],
                    [
                        17,
                        33
                    ],
                    [
                        17,
                        36
                    ],
                    [
                        18,
                        37
                    ],
                    [
                        18,
                        40
                    ],
                    [
                        19,
                        41
                    ],
                    [
                        19,
                        42
                    ],
                    [
                        23,
                        46
                    ],
                    [
                        23,
                        47
                    ],
                    [
                        25,
                        49
                    ],
                    [
                        27,
                        49
                    ],
                    [
                        28,
                        50
                    ],
                    [
                        31,
                        50
                    ],
                    [
                        32,
                        51
                    ],
                    [
                        36,
                        51
                    ],
                    [
                        37,
                        50
                    ],
                    [
                        40,
                        50
                    ],
                    [
                        50,
                        40
                    ],
                    [
                        50,
                        37
                    ],
                    [
                        51,
                        36
                    ],
                    [
                        51,
                        27
                    ],
                    [
                        50,
                        26
                    ],
                    [
                        50,
                        25
                    ],
                    [
                        49,
                        25
                    ],
                    [
                        48,
                        24
                    ],
                    [
                        48,
                        22
                    ],
                    [
                        47,
                        21
                    ],
                    [
                        47,
                        20
                    ],
                    [
                        46,
                        20
                    ],
                    [
                        45,
                        19
                    ],
                    [
                        42,
                        19
                    ],
                    [
                        41,
                        18
                    ]
                ]
            ],
            "group_id": null,
            "shape_type": "polygon",
            "flags": {}
        }
    ],
    "imagePath": "0.9992_good_tile_20_51_5.png",
    "imageData": null,
    "imageHeight": 224,
    "imageWidth": 224
}