{
    "version": "4.5.9",
    "flags": {},
    "shapes": [
        {
            "label": "foreground",
            "points": [
                [
                    [
                        23,
                        16
                    ],
                    [
                        22,
                        17
                    ],
                    [
                        20,
                        17
                    ],
                    [
                        16,
                        21
                    ],
                    [
                        15,
                        21
                    ],
                    [
                        14,
                        22
                    ],
                    [
                        14,
                        23
                    ],
                    [
                        13,
                        24
                    ],
                    [
                        13,
                        25
                    ],
                    [
                        12,
                        26
                    ],
                    [
                        12,
                        35
                    ],
                    [
                        13,
                        36
                    ],
                    [
                        13,
                        38
                    ],
                    [
                        15,
                        40
                    ],
                    [
                        15,
                        41
                    ],
                    [
                        18,
                        44
                    ],
                    [
                        19,
                        44
                    ],
                    [
                        20,
                        45
                    ],
                    [
                        22,
                        45
                    ],
                    [
                        23,
                        46
                    ],
                    [
                        30,
                        46
                    ],
                    [
                        31,
                        45
                    ],
                    [
                        32,
                        45
                    ],
                    [
                        33,
                        44
                    ],
                    [
                        34,
                        44
                    ],
                    [
                        38,
                        40
                    ],
                    [
                        38,
                        38
                    ],
                    [
                        39,
                        37
                    ],
                    [
                        39,
                        32
                    ],
                    [
                        40,
                        31
                    ],
                    [
                        39,
                        30
                    ],
                    [
                        39,
                        27
                    ],
                    [
                        38,
                        26
                    ],
                    [
                        38,
                        25
                    ],
                    [
                        37,
                        24
                    ],
                    [
                        37,
                        22
                    ],
                    [
                        35,
                        20
                    ],
                    [
                        35,
                        19
                    ],
                    [
                        34,
                        18
                    ],
                    [
                        31,
                        18
                    ],
                    [
                        30,
                        17
                    ],
                    [
                        29,
                        17
                    ],
                    [
                        28,
                        16
                    ]
                ]
            ],
            "group_id": null,
            "shape_type": "polygon",
            "flags": {}
        }
    ],
    "imagePath": "0.9962_good_tile_20_41_4.png",
    "imageData": null,
    "imageHeight": 224,
    "imageWidth": 224
}