{
    "version": "4.5.9",
    "flags": {},
    "shapes": [
        {
            "label": "foreground",
            "points": [
                [
                    [
                        12,
                        18
                    ],
                    [
                        11,
                        19
                    ],
                    [
                        11,
                        23
                    ],
                    [
                        10,
                        24
                    ],
                    [
                        9,
                        24
                    ],
                    [
                        8,
                        25
                    ],
                    [
                        14,
                        31
                    ],
                    [
                        14,
                        32
                    ],
                    [
                        13,
                        33
                    ],
                    [
                        12,
                        33
                    ],
                    [
                        16,
                        33
                    ],
                    [
                        17,
                        34
                    ],
                    [
                        18,
                        34
                    ],
                    [
                        23,
                        39
                    ],
                    [
                        23,
                        43
                    ],
                    [
                        24,
                        44
                    ],
                    [
                        24,
                        45
                    ],
                    [
                        25,
                        46
                    ],
                    [
                        25,
                        47
                    ],
                    [
                        27,
                        49
                    ],
                    [
                        27,
                        50
                    ],
                    [
                        29,
                        52
                    ],
                    [
                        29,
                        53
                    ],
                    [
                        28,
                        54
                    ],
                    [
                        25,
                        54
                    ],
                    [
                        24,
                        55
                    ],
                    [
                        23,
                        55
                    ],
                    [
                        23,
                        56
                    ],
                    [
                        24,
                        56
                    ],
                    [
                        25,
                        57
                    ],
                    [
                        25,
                        58
                    ],
                    [
                        26,
                        59
                    ],
                    [
                        26,
                        60
                    ],
                    [
                        27,
                        61
                    ],
                    [
                        28,
                        61
                    ],
                    [
                        29,
                        62
                    ],
                    [
                        38,
                        62
                    ],
                    [
                        39,
                        61
                    ],
                    [
                        39,
                        59
                    ],
                    [
                        38,
                        58
                    ],
                    [
                        38,
                        57
                    ],
                    [
                        40,
                        55
                    ],
                    [
                        43,
                        55
                    ],
                    [
                        44,
                        54
                    ],
                    [
                        45,
                        54
                    ],
                    [
                        49,
                        50
                    ],
                    [
                        49,
                        49
                    ],
                    [
                        50,
                        48
                    ],
                    [
                        50,
                        47
                    ],
                    [
                        51,
                        46
                    ],
                    [
                        51,
                        45
                    ],
                    [
                        54,
                        42
                    ],
                    [
                        54,
                        35
                    ],
                    [
                        53,
                        34
                    ],
                    [
                        53,
                        30
                    ],
                    [
                        51,
                        28
                    ],
                    [
                        51,
                        27
                    ],
                    [
                        48,
                        24
                    ],
                    [
                        48,
                        23
                    ],
                    [
                        47,
                        22
                    ],
                    [
                        45,
                        22
                    ],
                    [
                        43,
                        20
                    ],
                    [
                        42,
                        20
                    ],
                    [
                        41,
                        19
                    ],
                    [
                        39,
                        19
                    ],
                    [
                        38,
                        18
                    ],
                    [
                        31,
                        18
                    ],
                    [
                        30,
                        19
                    ],
                    [
                        27,
                        19
                    ],
                    [
                        27,
                        20
                    ],
                    [
                        26,
                        21
                    ],
                    [
                        26,
                        22
                    ],
                    [
                        25,
                        23
                    ],
                    [
                        24,
                        23
                    ],
                    [
                        22,
                        21
                    ],
                    [
                        18,
                        21
                    ],
                    [
                        17,
                        20
                    ],
                    [
                        15,
                        20
                    ],
                    [
                        14,
                        21
                    ],
                    [
                        12,
                        19
                    ]
                ]
            ],
            "group_id": null,
            "shape_type": "polygon",
            "flags": {}
        }
    ],
    "imagePath": "0.9919_good_tile_57_25_11.png",
    "imageData": null,
    "imageHeight": 224,
    "imageWidth": 224
}