{
    "version": "4.5.9",
    "flags": {},
    "shapes": [
        {
            "label": "foreground",
            "points": [
                [
                    [
                        47,
                        16
                    ],
                    [
                        46,
                        17
                    ],
                    [
                        41,
                        17
                    ],
                    [
                        40,
                        18
                    ],
                    [
                        38,
                        18
                    ],
                    [
                        37,
                        19
                    ],
                    [
                        36,
                        19
                    ],
                    [
                        35,
                        20
                    ],
                    [
                        34,
                        20
                    ],
                    [
                        33,
                        21
                    ],
                    [
                        32,
                        21
                    ],
                    [
                        26,
                        27
                    ],
                    [
                        26,
                        28
                    ],
                    [
                        25,
                        29
                    ],
                    [
                        22,
                        29
                    ],
                    [
                        21,
                        30
                    ],
                    [
                        20,
                        30
                    ],
                    [
                        18,
                        32
                    ],
                    [
                        18,
                        34
                    ],
                    [
                        17,
                        35
                    ],
                    [
                        17,
                        47
                    ],
                    [
                        18,
                        48
                    ],
                    [
                        18,
                        50
                    ],
                    [
                        19,
                        51
                    ],
                    [
                        19,
                        52
                    ],
                    [
                        21,
                        54
                    ],
                    [
                        22,
                        54
                    ],
                    [
                        23,
                        53
                    ],
                    [
                        24,
                        54
                    ],
                    [
                        27,
                        54
                    ],
                    [
                        29,
                        52
                    ],
                    [
                        30,
                        53
                    ],
                    [
                        31,
                        53
                    ],
                    [
                        32,
                        54
                    ],
                    [
                        34,
                        54
                    ],
                    [
                        37,
                        57
                    ],
                    [
                        37,
                        58
                    ],
                    [
                        36,
                        59
                    ],
                    [
                        36,
                        60
                    ],
                    [
                        40,
                        60
                    ],
                    [
                        40,
                        58
                    ],
                    [
                        42,
                        56
                    ],
                    [
                        46,
                        56
                    ],
                    [
                        47,
                        55
                    ],
                    [
                        48,
                        55
                    ],
                    [
                        49,
                        54
                    ],
                    [
                        50,
                        54
                    ],
                    [
                        51,
                        53
                    ],
                    [
                        52,
                        53
                    ],
                    [
                        62,
                        43
                    ],
                    [
                        62,
                        42
                    ],
                    [
                        63,
                        41
                    ],
                    [
                        63,
                        40
                    ],
                    [
                        64,
                        39
                    ],
                    [
                        64,
                        34
                    ],
                    [
                        63,
                        33
                    ],
                    [
                        63,
                        30
                    ],
                    [
                        62,
                        29
                    ],
                    [
                        62,
                        28
                    ],
                    [
                        61,
                        27
                    ],
                    [
                        61,
                        26
                    ],
                    [
                        60,
                        25
                    ],
                    [
                        60,
                        24
                    ],
                    [
                        59,
                        23
                    ],
                    [
                        59,
                        22
                    ],
                    [
                        55,
                        18
                    ],
                    [
                        54,
                        18
                    ],
                    [
                        53,
                        17
                    ],
                    [
                        51,
                        17
                    ],
                    [
                        50,
                        16
                    ]
                ]
            ],
            "group_id": null,
            "shape_type": "polygon",
            "flags": {}
        }
    ],
    "imagePath": "0.9902_good_tile_57_25_10.png",
    "imageData": null,
    "imageHeight": 224,
    "imageWidth": 224
}