{
    "version": "4.5.9",
    "flags": {},
    "shapes": [
        {
            "label": "foreground",
            "points": [
                [
                    [
                        62,
                        20
                    ],
                    [
                        61,
                        21
                    ],
                    [
                        60,
                        21
                    ],
                    [
                        59,
                        22
                    ],
                    [
                        56,
                        22
                    ],
                    [
                        56,
                        23
                    ],
                    [
                        53,
                        26
                    ],
                    [
                        53,
                        27
                    ],
                    [
                        51,
                        29
                    ],
                    [
                        51,
                        31
                    ],
                    [
                        50,
                        32
                    ],
                    [
                        50,
                        33
                    ],
                    [
                        47,
                        36
                    ],
                    [
                        47,
                        37
                    ],
                    [
                        46,
                        38
                    ],
                    [
                        46,
                        39
                    ],
                    [
                        45,
                        40
                    ],
                    [
                        45,
                        41
                    ],
                    [
                        44,
                        42
                    ],
                    [
                        44,
                        43
                    ],
                    [
                        42,
                        45
                    ],
                    [
                        42,
                        46
                    ],
                    [
                        36,
                        52
                    ],
                    [
                        35,
                        52
                    ],
                    [
                        32,
                        55
                    ],
                    [
                        31,
                        55
                    ],
                    [
                        29,
                        57
                    ],
                    [
                        29,
                        58
                    ],
                    [
                        28,
                        59
                    ],
                    [
                        27,
                        59
                    ],
                    [
                        27,
                        60
                    ],
                    [
                        26,
                        61
                    ],
                    [
                        26,
                        62
                    ],
                    [
                        25,
                        63
                    ],
                    [
                        25,
                        64
                    ],
                    [
                        24,
                        65
                    ],
                    [
                        24,
                        67
                    ],
                    [
                        23,
                        68
                    ],
                    [
                        23,
                        70
                    ],
                    [
                        22,
                        71
                    ],
                    [
                        22,
                        73
                    ],
                    [
                        20,
                        75
                    ],
                    [
                        20,
                        76
                    ],
                    [
                        19,
                        77
                    ],
                    [
                        19,
                        78
                    ],
                    [
                        18,
                        79
                    ],
                    [
                        18,
                        84
                    ],
                    [
                        19,
                        85
                    ],
                    [
                        19,
                        89
                    ],
                    [
                        20,
                        90
                    ],
                    [
                        20,
                        93
                    ],
                    [
                        21,
                        94
                    ],
                    [
                        21,
                        96
                    ],
                    [
                        22,
                        97
                    ],
                    [
                        22,
                        99
                    ],
                    [
                        23,
                        100
                    ],
                    [
                        23,
                        101
                    ],
                    [
                        24,
                        102
                    ],
                    [
                        24,
                        103
                    ],
                    [
                        25,
                        104
                    ],
                    [
                        25,
                        107
                    ],
                    [
                        26,
                        108
                    ],
                    [
                        26,
                        109
                    ],
                    [
                        31,
                        109
                    ],
                    [
                        32,
                        108
                    ],
                    [
                        32,
                        107
                    ],
                    [
                        33,
                        106
                    ],
                    [
                        33,
                        104
                    ],
                    [
                        34,
                        103
                    ],
                    [
                        34,
                        101
                    ],
                    [
                        35,
                        100
                    ],
                    [
                        35,
                        99
                    ],
                    [
                        36,
                        98
                    ],
                    [
                        36,
                        97
                    ],
                    [
                        37,
                        96
                    ],
                    [
                        37,
                        95
                    ],
                    [
                        38,
                        94
                    ],
                    [
                        38,
                        93
                    ],
                    [
                        40,
                        91
                    ],
                    [
                        40,
                        88
                    ],
                    [
                        41,
                        87
                    ],
                    [
                        41,
                        82
                    ],
                    [
                        42,
                        81
                    ],
                    [
                        42,
                        79
                    ],
                    [
                        44,
                        77
                    ],
                    [
                        45,
                        77
                    ],
                    [
                        47,
                        75
                    ],
                    [
                        48,
                        75
                    ],
                    [
                        49,
                        76
                    ],
                    [
                        49,
                        77
                    ],
                    [
                        51,
                        77
                    ],
                    [
                        52,
                        76
                    ],
                    [
                        53,
                        76
                    ],
                    [
                        54,
                        75
                    ],
                    [
                        54,
                        74
                    ],
                    [
                        58,
                        70
                    ],
                    [
                        58,
                        69
                    ],
                    [
                        59,
                        68
                    ],
                    [
                        59,
                        65
                    ],
                    [
                        58,
                        64
                    ],
                    [
                        53,
                        64
                    ],
                    [
                        52,
                        65
                    ],
                    [
                        51,
                        65
                    ],
                    [
                        48,
                        68
                    ],
                    [
                        47,
                        68
                    ],
                    [
                        47,
                        69
                    ],
                    [
                        45,
                        71
                    ],
                    [
                        44,
                        71
                    ],
                    [
                        42,
                        69
                    ],
                    [
                        42,
                        61
                    ],
                    [
                        43,
                        60
                    ],
                    [
                        43,
                        58
                    ],
                    [
                        44,
                        57
                    ],
                    [
                        44,
                        55
                    ],
                    [
                        46,
                        53
                    ],
                    [
                        46,
                        52
                    ],
                    [
                        47,
                        51
                    ],
                    [
                        47,
                        50
                    ],
                    [
                        50,
                        47
                    ],
                    [
                        51,
                        47
                    ],
                    [
                        54,
                        44
                    ],
                    [
                        55,
                        44
                    ],
                    [
                        58,
                        41
                    ],
                    [
                        59,
                        41
                    ],
                    [
                        62,
                        38
                    ],
                    [
                        63,
                        38
                    ],
                    [
                        65,
                        36
                    ],
                    [
                        65,
                        35
                    ],
                    [
                        66,
                        34
                    ],
                    [
                        66,
                        31
                    ],
                    [
                        65,
                        30
                    ],
                    [
                        65,
                        21
                    ],
                    [
                        64,
                        21
                    ],
                    [
                        63,
                        20
                    ]
                ]
            ],
            "group_id": null,
            "shape_type": "polygon",
            "flags": {}
        }
    ],
    "imagePath": "0.9901_good_tile_58_25_3.png",
    "imageData": null,
    "imageHeight": 224,
    "imageWidth": 224
}