{
    "version": "4.5.9",
    "flags": {},
    "shapes": [
        {
            "label": "foreground",
            "points": [
                [
                    [
                        24,
                        19
                    ],
                    [
                        23,
                        20
                    ],
                    [
                        22,
                        20
                    ],
                    [
                        21,
                        21
                    ],
                    [
                        20,
                        21
                    ],
                    [
                        17,
                        24
                    ],
                    [
                        17,
                        26
                    ],
                    [
                        16,
                        27
                    ],
                    [
                        16,
                        29
                    ],
                    [
                        17,
                        30
                    ],
                    [
                        17,
                        31
                    ],
                    [
                        23,
                        37
                    ],
                    [
                        23,
                        38
                    ],
                    [
                        22,
                        39
                    ],
                    [
                        22,
                        41
                    ],
                    [
                        24,
                        43
                    ],
                    [
                        25,
                        43
                    ],
                    [
                        26,
                        44
                    ],
                    [
                        27,
                        44
                    ],
                    [
                        28,
                        45
                    ],
                    [
                        30,
                        45
                    ],
                    [
                        31,
                        46
                    ],
                    [
                        34,
                        46
                    ],
                    [
                        35,
                        47
                    ],
                    [
                        43,
                        47
                    ],
                    [
                        43,
                        45
                    ],
                    [
                        44,
                        44
                    ],
                    [
                        49,
                        44
                    ],
                    [
                        50,
                        43
                    ],
                    [
                        51,
                        43
                    ],
                    [
                        54,
                        40
                    ],
                    [
                        54,
                        39
                    ],
                    [
                        55,
                        38
                    ],
                    [
                        55,
                        37
                    ],
                    [
                        53,
                        35
                    ],
                    [
                        53,
                        34
                    ],
                    [
                        52,
                        33
                    ],
                    [
                        52,
                        30
                    ],
                    [
                        53,
                        29
                    ],
                    [
                        53,
                        27
                    ],
                    [
                        46,
                        20
                    ],
                    [
                        45,
                        20
                    ],
                    [
                        44,
                        19
                    ]
                ]
            ],
            "group_id": null,
            "shape_type": "polygon",
            "flags": {}
        }
    ],
    "imagePath": "0.9970_good_tile_58_25_15.png",
    "imageData": null,
    "imageHeight": 224,
    "imageWidth": 224
}