{
    "version": "4.5.9",
    "flags": {},
    "shapes": [
        {
            "label": "foreground",
            "points": [
                [
                    [
                        28,
                        16
                    ],
                    [
                        26,
                        18
                    ],
                    [
                        24,
                        18
                    ],
                    [
                        23,
                        19
                    ],
                    [
                        22,
                        19
                    ],
                    [
                        21,
                        20
                    ],
                    [
                        20,
                        20
                    ],
                    [
                        18,
                        22
                    ],
                    [
                        18,
                        23
                    ],
                    [
                        16,
                        25
                    ],
                    [
                        16,
                        26
                    ],
                    [
                        15,
                        27
                    ],
                    [
                        15,
                        28
                    ],
                    [
                        14,
                        29
                    ],
                    [
                        14,
                        34
                    ],
                    [
                        13,
                        35
                    ],
                    [
                        13,
                        37
                    ],
                    [
                        14,
                        38
                    ],
                    [
                        14,
                        44
                    ],
                    [
                        15,
                        45
                    ],
                    [
                        15,
                        67
                    ],
                    [
                        16,
                        68
                    ],
                    [
                        16,
                        69
                    ],
                    [
                        17,
                        70
                    ],
                    [
                        17,
                        72
                    ],
                    [
                        18,
                        73
                    ],
                    [
                        19,
                        73
                    ],
                    [
                        20,
                        74
                    ],
                    [
                        21,
                        74
                    ],
                    [
                        23,
                        76
                    ],
                    [
                        24,
                        76
                    ],
                    [
                        25,
                        77
                    ],
                    [
                        26,
                        77
                    ],
                    [
                        28,
                        79
                    ],
                    [
                        29,
                        79
                    ],
                    [
                        31,
                        81
                    ],
                    [
                        32,
                        81
                    ],
                    [
                        35,
                        84
                    ],
                    [
                        35,
                        85
                    ],
                    [
                        36,
                        86
                    ],
                    [
                        36,
                        88
                    ],
                    [
                        37,
                        89
                    ],
                    [
                        37,
                        91
                    ],
                    [
                        42,
                        96
                    ],
                    [
                        42,
                        97
                    ],
                    [
                        43,
                        97
                    ],
                    [
                        46,
                        100
                    ],
                    [
                        48,
                        100
                    ],
                    [
                        51,
                        103
                    ],
                    [
                        51,
                        104
                    ],
                    [
                        54,
                        107
                    ],
                    [
                        55,
                        107
                    ],
                    [
                        57,
                        109
                    ],
                    [
                        57,
                        110
                    ],
                    [
                        59,
                        112
                    ],
                    [
                        60,
                        112
                    ],
                    [
                        61,
                        113
                    ],
                    [
                        62,
                        113
                    ],
                    [
                        64,
                        115
                    ],
                    [
                        69,
                        115
                    ],
                    [
                        70,
                        114
                    ],
                    [
                        76,
                        114
                    ],
                    [
                        77,
                        113
                    ],
                    [
                        77,
                        112
                    ],
                    [
                        78,
                        111
                    ],
                    [
                        78,
                        98
                    ],
                    [
                        77,
                        97
                    ],
                    [
                        77,
                        96
                    ],
                    [
                        76,
                        95
                    ],
                    [
                        76,
                        92
                    ],
                    [
                        75,
                        91
                    ],
                    [
                        75,
                        75
                    ],
                    [
                        76,
                        74
                    ],
                    [
                        76,
                        73
                    ],
                    [
                        77,
                        72
                    ],
                    [
                        77,
                        69
                    ],
                    [
                        78,
                        68
                    ],
                    [
                        78,
                        66
                    ],
                    [
                        79,
                        65
                    ],
                    [
                        79,
                        50
                    ],
                    [
                        75,
                        50
                    ],
                    [
                        74,
                        51
                    ],
                    [
                        72,
                        51
                    ],
                    [
                        70,
                        49
                    ],
                    [
                        70,
                        48
                    ],
                    [
                        69,
                        47
                    ],
                    [
                        69,
                        45
                    ],
                    [
                        68,
                        44
                    ],
                    [
                        68,
                        43
                    ],
                    [
                        67,
                        42
                    ],
                    [
                        67,
                        41
                    ],
                    [
                        66,
                        40
                    ],
                    [
                        66,
                        39
                    ],
                    [
                        65,
                        38
                    ],
                    [
                        65,
                        37
                    ],
                    [
                        63,
                        35
                    ],
                    [
                        63,
                        34
                    ],
                    [
                        59,
                        30
                    ],
                    [
                        59,
                        29
                    ],
                    [
                        56,
                        26
                    ],
                    [
                        56,
                        25
                    ],
                    [
                        55,
                        24
                    ],
                    [
                        54,
                        24
                    ],
                    [
                        52,
                        22
                    ],
                    [
                        51,
                        22
                    ],
                    [
                        50,
                        21
                    ],
                    [
                        48,
                        21
                    ],
                    [
                        45,
                        18
                    ],
                    [
                        44,
                        18
                    ],
                    [
                        43,
                        17
                    ],
                    [
                        37,
                        17
                    ],
                    [
                        36,
                        16
                    ]
                ]
            ],
            "group_id": null,
            "shape_type": "polygon",
            "flags": {}
        }
    ],
    "imagePath": "0.3169_good_tile_12_30_15.png",
    "imageData": null,
    "imageHeight": 224,
    "imageWidth": 224
}