{
    "version": "4.5.9",
    "flags": {},
    "shapes": [
        {
            "label": "foreground",
            "points": [
                [
                    [
                        68,
                        27
                    ],
                    [
                        67,
                        28
                    ],
                    [
                        63,
                        28
                    ],
                    [
                        62,
                        29
                    ],
                    [
                        58,
                        29
                    ],
                    [
                        56,
                        31
                    ],
                    [
                        55,
                        31
                    ],
                    [
                        54,
                        32
                    ],
                    [
                        53,
                        32
                    ],
                    [
                        48,
                        37
                    ],
                    [
                        47,
                        37
                    ],
                    [
                        47,
                        39
                    ],
                    [
                        46,
                        40
                    ],
                    [
                        46,
                        42
                    ],
                    [
                        44,
                        44
                    ],
                    [
                        43,
                        44
                    ],
                    [
                        35,
                        52
                    ],
                    [
                        35,
                        53
                    ],
                    [
                        32,
                        56
                    ],
                    [
                        32,
                        57
                    ],
                    [
                        27,
                        62
                    ],
                    [
                        27,
                        63
                    ],
                    [
                        26,
                        64
                    ],
                    [
                        26,
                        65
                    ],
                    [
                        25,
                        66
                    ],
                    [
                        25,
                        71
                    ],
                    [
                        24,
                        72
                    ],
                    [
                        24,
                        75
                    ],
                    [
                        25,
                        76
                    ],
                    [
                        25,
                        78
                    ],
                    [
                        26,
                        79
                    ],
                    [
                        26,
                        82
                    ],
                    [
                        27,
                        83
                    ],
                    [
                        27,
                        85
                    ],
                    [
                        35,
                        93
                    ],
                    [
                        37,
                        93
                    ],
                    [
                        39,
                        95
                    ],
                    [
                        40,
                        95
                    ],
                    [
                        41,
                        96
                    ],
                    [
                        53,
                        96
                    ],
                    [
                        54,
                        95
                    ],
                    [
                        56,
                        95
                    ],
                    [
                        57,
                        94
                    ],
                    [
                        58,
                        94
                    ],
                    [
                        60,
                        92
                    ],
                    [
                        61,
                        92
                    ],
                    [
                        68,
                        85
                    ],
                    [
                        68,
                        84
                    ],
                    [
                        69,
                        83
                    ],
                    [
                        69,
                        82
                    ],
                    [
                        70,
                        81
                    ],
                    [
                        70,
                        80
                    ],
                    [
                        72,
                        78
                    ],
                    [
                        72,
                        75
                    ],
                    [
                        73,
                        74
                    ],
                    [
                        73,
                        73
                    ],
                    [
                        74,
                        72
                    ],
                    [
                        74,
                        62
                    ],
                    [
                        73,
                        61
                    ],
                    [
                        73,
                        57
                    ],
                    [
                        72,
                        56
                    ],
                    [
                        72,
                        50
                    ],
                    [
                        76,
                        46
                    ],
                    [
                        76,
                        45
                    ],
                    [
                        78,
                        43
                    ],
                    [
                        78,
                        42
                    ],
                    [
                        79,
                        41
                    ],
                    [
                        79,
                        38
                    ],
                    [
                        78,
                        37
                    ],
                    [
                        78,
                        34
                    ],
                    [
                        76,
                        32
                    ],
                    [
                        76,
                        31
                    ],
                    [
                        75,
                        31
                    ],
                    [
                        74,
                        30
                    ],
                    [
                        73,
                        30
                    ],
                    [
                        71,
                        28
                    ],
                    [
                        70,
                        28
                    ],
                    [
                        69,
                        27
                    ]
                ]
            ],
            "group_id": null,
            "shape_type": "polygon",
            "flags": {}
        }
    ],
    "imagePath": "0.4674_good_tile_40_15_5.png",
    "imageData": null,
    "imageHeight": 224,
    "imageWidth": 224
}