{
    "version": "4.5.9",
    "flags": {},
    "shapes": [
        {
            "label": "foreground",
            "points": [
                [
                    [
                        27,
                        13
                    ],
                    [
                        26,
                        14
                    ],
                    [
                        24,
                        14
                    ],
                    [
                        22,
                        16
                    ],
                    [
                        21,
                        16
                    ],
                    [
                        19,
                        18
                    ],
                    [
                        18,
                        18
                    ],
                    [
                        15,
                        21
                    ],
                    [
                        15,
                        22
                    ],
                    [
                        14,
                        23
                    ],
                    [
                        14,
                        24
                    ],
                    [
                        12,
                        26
                    ],
                    [
                        12,
                        27
                    ],
                    [
                        11,
                        28
                    ],
                    [
                        11,
                        30
                    ],
                    [
                        10,
                        31
                    ],
                    [
                        10,
                        35
                    ],
                    [
                        9,
                        36
                    ],
                    [
                        9,
                        38
                    ],
                    [
                        8,
                        39
                    ],
                    [
                        8,
                        48
                    ],
                    [
                        7,
                        49
                    ],
                    [
                        5,
                        49
                    ],
                    [
                        4,
                        50
                    ],
                    [
                        4,
                        51
                    ],
                    [
                        5,
                        51
                    ],
                    [
                        6,
                        50
                    ],
                    [
                        8,
                        50
                    ],
                    [
                        9,
                        51
                    ],
                    [
                        9,
                        52
                    ],
                    [
                        10,
                        53
                    ],
                    [
                        10,
                        54
                    ],
                    [
                        11,
                        55
                    ],
                    [
                        11,
                        56
                    ],
                    [
                        12,
                        57
                    ],
                    [
                        12,
                        58
                    ],
                    [
                        13,
                        59
                    ],
                    [
                        13,
                        60
                    ],
                    [
                        14,
                        61
                    ],
                    [
                        14,
                        62
                    ],
                    [
                        25,
                        73
                    ],
                    [
                        26,
                        73
                    ],
                    [
                        27,
                        74
                    ],
                    [
                        55,
                        74
                    ],
                    [
                        56,
                        73
                    ],
                    [
                        57,
                        73
                    ],
                    [
                        57,
                        71
                    ],
                    [
                        59,
                        69
                    ],
                    [
                        59,
                        68
                    ],
                    [
                        60,
                        67
                    ],
                    [
                        60,
                        66
                    ],
                    [
                        61,
                        65
                    ],
                    [
                        63,
                        65
                    ],
                    [
                        64,
                        64
                    ],
                    [
                        64,
                        61
                    ],
                    [
                        65,
                        60
                    ],
                    [
                        65,
                        55
                    ],
                    [
                        66,
                        54
                    ],
                    [
                        66,
                        51
                    ],
                    [
                        67,
                        50
                    ],
                    [
                        67,
                        49
                    ],
                    [
                        68,
                        48
                    ],
                    [
                        68,
                        47
                    ],
                    [
                        69,
                        46
                    ],
                    [
                        69,
                        43
                    ],
                    [
                        66,
                        40
                    ],
                    [
                        66,
                        39
                    ],
                    [
                        63,
                        36
                    ],
                    [
                        63,
                        35
                    ],
                    [
                        62,
                        34
                    ],
                    [
                        62,
                        33
                    ],
                    [
                        61,
                        32
                    ],
                    [
                        61,
                        30
                    ],
                    [
                        59,
                        28
                    ],
                    [
                        59,
                        27
                    ],
                    [
                        58,
                        26
                    ],
                    [
                        58,
                        25
                    ],
                    [
                        55,
                        22
                    ],
                    [
                        55,
                        21
                    ],
                    [
                        54,
                        21
                    ],
                    [
                        50,
                        17
                    ],
                    [
                        49,
                        17
                    ],
                    [
                        48,
                        16
                    ],
                    [
                        46,
                        16
                    ],
                    [
                        45,
                        15
                    ],
                    [
                        43,
                        15
                    ],
                    [
                        42,
                        14
                    ],
                    [
                        40,
                        14
                    ],
                    [
                        39,
                        13
                    ]
                ]
            ],
            "group_id": null,
            "shape_type": "polygon",
            "flags": {}
        }
    ],
    "imagePath": "0.4811_good_tile_24_47_9.png",
    "imageData": null,
    "imageHeight": 224,
    "imageWidth": 224
}