{
    "version": "4.5.9",
    "flags": {},
    "shapes": [
        {
            "label": "foreground",
            "points": [
                [
                    [
                        89,
                        22
                    ],
                    [
                        88,
                        23
                    ],
                    [
                        86,
                        23
                    ],
                    [
                        85,
                        24
                    ],
                    [
                        83,
                        24
                    ],
                    [
                        82,
                        25
                    ],
                    [
                        78,
                        25
                    ],
                    [
                        77,
                        26
                    ],
                    [
                        72,
                        26
                    ],
                    [
                        71,
                        27
                    ],
                    [
                        68,
                        27
                    ],
                    [
                        67,
                        28
                    ],
                    [
                        66,
                        28
                    ],
                    [
                        65,
                        29
                    ],
                    [
                        63,
                        29
                    ],
                    [
                        62,
                        30
                    ],
                    [
                        61,
                        30
                    ],
                    [
                        51,
                        40
                    ],
                    [
                        51,
                        41
                    ],
                    [
                        49,
                        43
                    ],
                    [
                        49,
                        44
                    ],
                    [
                        48,
                        45
                    ],
                    [
                        48,
                        47
                    ],
                    [
                        47,
                        48
                    ],
                    [
                        47,
                        49
                    ],
                    [
                        46,
                        50
                    ],
                    [
                        46,
                        52
                    ],
                    [
                        45,
                        53
                    ],
                    [
                        45,
                        56
                    ],
                    [
                        44,
                        57
                    ],
                    [
                        44,
                        59
                    ],
                    [
                        43,
                        60
                    ],
                    [
                        43,
                        64
                    ],
                    [
                        42,
                        65
                    ],
                    [
                        42,
                        66
                    ],
                    [
                        41,
                        67
                    ],
                    [
                        41,
                        68
                    ],
                    [
                        40,
                        69
                    ],
                    [
                        40,
                        70
                    ],
                    [
                        39,
                        71
                    ],
                    [
                        39,
                        73
                    ],
                    [
                        38,
                        74
                    ],
                    [
                        38,
                        75
                    ],
                    [
                        37,
                        76
                    ],
                    [
                        37,
                        77
                    ],
                    [
                        36,
                        78
                    ],
                    [
                        36,
                        79
                    ],
                    [
                        35,
                        80
                    ],
                    [
                        35,
                        81
                    ],
                    [
                        34,
                        82
                    ],
                    [
                        34,
                        83
                    ],
                    [
                        25,
                        92
                    ],
                    [
                        24,
                        92
                    ],
                    [
                        23,
                        93
                    ],
                    [
                        22,
                        93
                    ],
                    [
                        21,
                        94
                    ],
                    [
                        20,
                        94
                    ],
                    [
                        19,
                        95
                    ],
                    [
                        18,
                        95
                    ],
                    [
                        17,
                        96
                    ],
                    [
                        14,
                        96
                    ],
                    [
                        13,
                        97
                    ],
                    [
                        11,
                        97
                    ],
                    [
                        10,
                        98
                    ],
                    [
                        7,
                        98
                    ],
                    [
                        6,
                        99
                    ],
                    [
                        3,
                        99
                    ],
                    [
                        3,
                        101
                    ],
                    [
                        2,
                        102
                    ],
                    [
                        2,
                        131
                    ],
                    [
                        3,
                        132
                    ],
                    [
                        3,
                        133
                    ],
                    [
                        4,
                        134
                    ],
                    [
                        9,
                        134
                    ],
                    [
                        11,
                        132
                    ],
                    [
                        13,
                        132
                    ],
                    [
                        14,
                        131
                    ],
                    [
                        15,
                        131
                    ],
                    [
                        16,
                        130
                    ],
                    [
                        17,
                        130
                    ],
                    [
                        19,
                        128
                    ],
                    [
                        21,
                        128
                    ],
                    [
                        25,
                        124
                    ],
                    [
                        26,
                        124
                    ],
                    [
                        28,
                        122
                    ],
                    [
                        29,
                        122
                    ],
                    [
                        31,
                        120
                    ],
                    [
                        32,
                        120
                    ],
                    [
                        34,
                        118
                    ],
                    [
                        36,
                        118
                    ],
                    [
                        37,
                        117
                    ],
                    [
                        38,
                        117
                    ],
                    [
                        39,
                        116
                    ],
                    [
                        40,
                        116
                    ],
                    [
                        41,
                        115
                    ],
                    [
                        42,
                        115
                    ],
                    [
                        44,
                        113
                    ],
                    [
                        45,
                        113
                    ],
                    [
                        46,
                        112
                    ],
                    [
                        48,
                        112
                    ],
                    [
                        53,
                        107
                    ],
                    [
                        54,
                        107
                    ],
                    [
                        58,
                        103
                    ],
                    [
                        59,
                        103
                    ],
                    [
                        60,
                        102
                    ],
                    [
                        61,
                        102
                    ],
                    [
                        63,
                        100
                    ],
                    [
                        64,
                        100
                    ],
                    [
                        65,
                        99
                    ],
                    [
                        66,
                        99
                    ],
                    [
                        71,
                        94
                    ],
                    [
                        71,
                        93
                    ],
                    [
                        75,
                        89
                    ],
                    [
                        75,
                        88
                    ],
                    [
                        83,
                        80
                    ],
                    [
                        83,
                        79
                    ],
                    [
                        86,
                        76
                    ],
                    [
                        86,
                        75
                    ],
                    [
                        88,
                        73
                    ],
                    [
                        88,
                        72
                    ],
                    [
                        89,
                        71
                    ],
                    [
                        89,
                        70
                    ],
                    [
                        90,
                        69
                    ],
                    [
                        90,
                        67
                    ],
                    [
                        91,
                        66
                    ],
                    [
                        91,
                        62
                    ],
                    [
                        92,
                        61
                    ],
                    [
                        92,
                        59
                    ],
                    [
                        93,
                        58
                    ],
                    [
                        93,
                        57
                    ],
                    [
                        94,
                        56
                    ],
                    [
                        94,
                        54
                    ],
                    [
                        95,
                        53
                    ],
                    [
                        95,
                        52
                    ],
                    [
                        96,
                        51
                    ],
                    [
                        96,
                        38
                    ],
                    [
                        95,
                        37
                    ],
                    [
                        95,
                        30
                    ],
                    [
                        94,
                        29
                    ],
                    [
                        94,
                        26
                    ],
                    [
                        93,
                        25
                    ],
                    [
                        93,
                        24
                    ],
                    [
                        91,
                        22
                    ]
                ]
            ],
            "group_id": null,
            "shape_type": "polygon",
            "flags": {}
        }
    ],
    "imagePath": "0.4993_good_tile_10_29_6.png",
    "imageData": null,
    "imageHeight": 224,
    "imageWidth": 224
}