{
    "version": "4.5.9",
    "flags": {},
    "shapes": [
        {
            "label": "foreground",
            "points": [
                [
                    [
                        25,
                        11
                    ],
                    [
                        24,
                        12
                    ],
                    [
                        22,
                        12
                    ],
                    [
                        20,
                        14
                    ],
                    [
                        19,
                        14
                    ],
                    [
                        16,
                        17
                    ],
                    [
                        15,
                        17
                    ],
                    [
                        13,
                        19
                    ],
                    [
                        13,
                        20
                    ],
                    [
                        12,
                        21
                    ],
                    [
                        12,
                        31
                    ],
                    [
                        11,
                        32
                    ],
                    [
                        11,
                        33
                    ],
                    [
                        12,
                        34
                    ],
                    [
                        12,
                        37
                    ],
                    [
                        13,
                        38
                    ],
                    [
                        13,
                        39
                    ],
                    [
                        14,
                        40
                    ],
                    [
                        19,
                        40
                    ],
                    [
                        20,
                        39
                    ],
                    [
                        21,
                        39
                    ],
                    [
                        21,
                        38
                    ],
                    [
                        23,
                        36
                    ],
                    [
                        23,
                        35
                    ],
                    [
                        24,
                        34
                    ],
                    [
                        24,
                        32
                    ],
                    [
                        25,
                        31
                    ],
                    [
                        25,
                        29
                    ],
                    [
                        26,
                        28
                    ],
                    [
                        26,
                        26
                    ],
                    [
                        27,
                        25
                    ],
                    [
                        27,
                        24
                    ],
                    [
                        28,
                        23
                    ],
                    [
                        28,
                        21
                    ],
                    [
                        29,
                        20
                    ],
                    [
                        29,
                        19
                    ],
                    [
                        30,
                        18
                    ],
                    [
                        30,
                        13
                    ],
                    [
                        29,
                        12
                    ],
                    [
                        28,
                        12
                    ],
                    [
                        27,
                        11
                    ]
                ]
            ],
            "group_id": null,
            "shape_type": "polygon",
            "flags": {}
        }
    ],
    "imagePath": "0.5056_good_tile_24_47_5.png",
    "imageData": null,
    "imageHeight": 224,
    "imageWidth": 224
}