{
    "version": "4.5.9",
    "flags": {},
    "shapes": [
        {
            "label": "foreground",
            "points": [
                [
                    [
                        74,
                        39
                    ],
                    [
                        72,
                        41
                    ],
                    [
                        70,
                        41
                    ],
                    [
                        70,
                        42
                    ],
                    [
                        67,
                        45
                    ],
                    [
                        66,
                        45
                    ],
                    [
                        65,
                        46
                    ],
                    [
                        64,
                        45
                    ],
                    [
                        61,
                        45
                    ],
                    [
                        60,
                        44
                    ],
                    [
                        57,
                        44
                    ],
                    [
                        56,
                        43
                    ],
                    [
                        53,
                        43
                    ],
                    [
                        52,
                        42
                    ],
                    [
                        49,
                        42
                    ],
                    [
                        48,
                        41
                    ],
                    [
                        41,
                        41
                    ],
                    [
                        40,
                        42
                    ],
                    [
                        39,
                        42
                    ],
                    [
                        38,
                        43
                    ],
                    [
                        36,
                        43
                    ],
                    [
                        35,
                        44
                    ],
                    [
                        34,
                        44
                    ],
                    [
                        27,
                        51
                    ],
                    [
                        27,
                        52
                    ],
                    [
                        25,
                        54
                    ],
                    [
                        25,
                        55
                    ],
                    [
                        23,
                        57
                    ],
                    [
                        23,
                        58
                    ],
                    [
                        22,
                        59
                    ],
                    [
                        22,
                        76
                    ],
                    [
                        23,
                        77
                    ],
                    [
                        23,
                        79
                    ],
                    [
                        24,
                        80
                    ],
                    [
                        24,
                        81
                    ],
                    [
                        26,
                        83
                    ],
                    [
                        26,
                        86
                    ],
                    [
                        30,
                        90
                    ],
                    [
                        31,
                        90
                    ],
                    [
                        32,
                        91
                    ],
                    [
                        33,
                        91
                    ],
                    [
                        34,
                        92
                    ],
                    [
                        42,
                        92
                    ],
                    [
                        43,
                        91
                    ],
                    [
                        53,
                        91
                    ],
                    [
                        54,
                        90
                    ],
                    [
                        60,
                        90
                    ],
                    [
                        61,
                        91
                    ],
                    [
                        66,
                        91
                    ],
                    [
                        67,
                        90
                    ],
                    [
                        69,
                        90
                    ],
                    [
                        70,
                        89
                    ],
                    [
                        72,
                        89
                    ],
                    [
                        74,
                        87
                    ],
                    [
                        74,
                        85
                    ],
                    [
                        75,
                        84
                    ],
                    [
                        75,
                        80
                    ],
                    [
                        76,
                        79
                    ],
                    [
                        76,
                        78
                    ],
                    [
                        78,
                        76
                    ],
                    [
                        78,
                        73
                    ],
                    [
                        80,
                        71
                    ],
                    [
                        80,
                        70
                    ],
                    [
                        81,
                        69
                    ],
                    [
                        81,
                        64
                    ],
                    [
                        82,
                        63
                    ],
                    [
                        82,
                        62
                    ],
                    [
                        83,
                        61
                    ],
                    [
                        83,
                        60
                    ],
                    [
                        85,
                        58
                    ],
                    [
                        85,
                        52
                    ],
                    [
                        84,
                        51
                    ],
                    [
                        84,
                        50
                    ],
                    [
                        83,
                        49
                    ],
                    [
                        83,
                        48
                    ],
                    [
                        82,
                        47
                    ],
                    [
                        82,
                        45
                    ],
                    [
                        81,
                        44
                    ],
                    [
                        81,
                        43
                    ],
                    [
                        80,
                        43
                    ],
                    [
                        77,
                        40
                    ],
                    [
                        77,
                        39
                    ]
                ]
            ],
            "group_id": null,
            "shape_type": "polygon",
            "flags": {}
        }
    ],
    "imagePath": "0.5847_good_tile_12_30_6.png",
    "imageData": null,
    "imageHeight": 224,
    "imageWidth": 224
}