{
    "version": "4.5.9",
    "flags": {},
    "shapes": [
        {
            "label": "foreground",
            "points": [
                [
                    [
                        80,
                        23
                    ],
                    [
                        79,
                        24
                    ],
                    [
                        78,
                        24
                    ],
                    [
                        76,
                        26
                    ],
                    [
                        75,
                        26
                    ],
                    [
                        74,
                        27
                    ],
                    [
                        73,
                        27
                    ],
                    [
                        71,
                        29
                    ],
                    [
                        70,
                        29
                    ],
                    [
                        67,
                        32
                    ],
                    [
                        66,
                        32
                    ],
                    [
                        65,
                        33
                    ],
                    [
                        52,
                        33
                    ],
                    [
                        51,
                        34
                    ],
                    [
                        49,
                        34
                    ],
                    [
                        48,
                        35
                    ],
                    [
                        47,
                        35
                    ],
                    [
                        46,
                        36
                    ],
                    [
                        44,
                        36
                    ],
                    [
                        42,
                        38
                    ],
                    [
                        41,
                        38
                    ],
                    [
                        39,
                        40
                    ],
                    [
                        38,
                        40
                    ],
                    [
                        33,
                        45
                    ],
                    [
                        33,
                        46
                    ],
                    [
                        27,
                        52
                    ],
                    [
                        27,
                        53
                    ],
                    [
                        26,
                        54
                    ],
                    [
                        26,
                        56
                    ],
                    [
                        25,
                        57
                    ],
                    [
                        25,
                        60
                    ],
                    [
                        26,
                        61
                    ],
                    [
                        26,
                        62
                    ],
                    [
                        25,
                        63
                    ],
                    [
                        26,
                        64
                    ],
                    [
                        26,
                        71
                    ],
                    [
                        27,
                        72
                    ],
                    [
                        27,
                        73
                    ],
                    [
                        28,
                        74
                    ],
                    [
                        28,
                        76
                    ],
                    [
                        29,
                        77
                    ],
                    [
                        29,
                        81
                    ],
                    [
                        30,
                        82
                    ],
                    [
                        30,
                        83
                    ],
                    [
                        34,
                        87
                    ],
                    [
                        34,
                        88
                    ],
                    [
                        35,
                        88
                    ],
                    [
                        36,
                        89
                    ],
                    [
                        37,
                        89
                    ],
                    [
                        38,
                        90
                    ],
                    [
                        39,
                        90
                    ],
                    [
                        42,
                        93
                    ],
                    [
                        42,
                        94
                    ],
                    [
                        43,
                        95
                    ],
                    [
                        43,
                        96
                    ],
                    [
                        47,
                        100
                    ],
                    [
                        49,
                        100
                    ],
                    [
                        50,
                        101
                    ],
                    [
                        52,
                        101
                    ],
                    [
                        53,
                        102
                    ],
                    [
                        59,
                        102
                    ],
                    [
                        60,
                        101
                    ],
                    [
                        61,
                        101
                    ],
                    [
                        63,
                        99
                    ],
                    [
                        64,
                        99
                    ],
                    [
                        65,
                        98
                    ],
                    [
                        66,
                        98
                    ],
                    [
                        71,
                        93
                    ],
                    [
                        71,
                        92
                    ],
                    [
                        74,
                        89
                    ],
                    [
                        74,
                        88
                    ],
                    [
                        76,
                        86
                    ],
                    [
                        76,
                        85
                    ],
                    [
                        77,
                        84
                    ],
                    [
                        77,
                        82
                    ],
                    [
                        78,
                        81
                    ],
                    [
                        78,
                        77
                    ],
                    [
                        77,
                        76
                    ],
                    [
                        77,
                        72
                    ],
                    [
                        76,
                        71
                    ],
                    [
                        76,
                        67
                    ],
                    [
                        75,
                        66
                    ],
                    [
                        75,
                        64
                    ],
                    [
                        74,
                        63
                    ],
                    [
                        74,
                        61
                    ],
                    [
                        75,
                        60
                    ],
                    [
                        75,
                        59
                    ],
                    [
                        76,
                        58
                    ],
                    [
                        76,
                        54
                    ],
                    [
                        78,
                        52
                    ],
                    [
                        78,
                        51
                    ],
                    [
                        79,
                        50
                    ],
                    [
                        79,
                        49
                    ],
                    [
                        81,
                        47
                    ],
                    [
                        87,
                        47
                    ],
                    [
                        90,
                        50
                    ],
                    [
                        91,
                        49
                    ],
                    [
                        94,
                        49
                    ],
                    [
                        95,
                        50
                    ],
                    [
                        97,
                        50
                    ],
                    [
                        97,
                        49
                    ],
                    [
                        104,
                        42
                    ],
                    [
                        104,
                        41
                    ],
                    [
                        105,
                        40
                    ],
                    [
                        105,
                        37
                    ],
                    [
                        104,
                        36
                    ],
                    [
                        104,
                        34
                    ],
                    [
                        105,
                        33
                    ],
                    [
                        105,
                        27
                    ],
                    [
                        104,
                        26
                    ],
                    [
                        104,
                        24
                    ],
                    [
                        102,
                        24
                    ],
                    [
                        100,
                        26
                    ],
                    [
                        98,
                        26
                    ],
                    [
                        97,
                        27
                    ],
                    [
                        95,
                        27
                    ],
                    [
                        93,
                        29
                    ],
                    [
                        88,
                        29
                    ],
                    [
                        87,
                        28
                    ],
                    [
                        87,
                        27
                    ],
                    [
                        88,
                        26
                    ],
                    [
                        89,
                        26
                    ],
                    [
                        90,
                        25
                    ],
                    [
                        88,
                        23
                    ]
                ]
            ],
            "group_id": null,
            "shape_type": "polygon",
            "flags": {}
        }
    ],
    "imagePath": "0.6733_good_tile_10_29_4.png",
    "imageData": null,
    "imageHeight": 224,
    "imageWidth": 224
}