{
    "version": "4.5.9",
    "flags": {},
    "shapes": [
        {
            "label": "foreground",
            "points": [
                [
                    [
                        47,
                        17
                    ],
                    [
                        46,
                        18
                    ],
                    [
                        43,
                        18
                    ],
                    [
                        42,
                        19
                    ],
                    [
                        41,
                        19
                    ],
                    [
                        40,
                        20
                    ],
                    [
                        39,
                        20
                    ],
                    [
                        38,
                        21
                    ],
                    [
                        37,
                        21
                    ],
                    [
                        36,
                        22
                    ],
                    [
                        35,
                        22
                    ],
                    [
                        33,
                        24
                    ],
                    [
                        32,
                        24
                    ],
                    [
                        27,
                        29
                    ],
                    [
                        26,
                        29
                    ],
                    [
                        22,
                        33
                    ],
                    [
                        22,
                        34
                    ],
                    [
                        20,
                        36
                    ],
                    [
                        20,
                        37
                    ],
                    [
                        19,
                        38
                    ],
                    [
                        19,
                        39
                    ],
                    [
                        17,
                        41
                    ],
                    [
                        17,
                        42
                    ],
                    [
                        16,
                        43
                    ],
                    [
                        16,
                        56
                    ],
                    [
                        17,
                        57
                    ],
                    [
                        17,
                        59
                    ],
                    [
                        18,
                        60
                    ],
                    [
                        18,
                        61
                    ],
                    [
                        19,
                        62
                    ],
                    [
                        19,
                        63
                    ],
                    [
                        21,
                        65
                    ],
                    [
                        21,
                        66
                    ],
                    [
                        22,
                        67
                    ],
                    [
                        22,
                        68
                    ],
                    [
                        23,
                        69
                    ],
                    [
                        24,
                        69
                    ],
                    [
                        28,
                        73
                    ],
                    [
                        29,
                        73
                    ],
                    [
                        31,
                        75
                    ],
                    [
                        33,
                        75
                    ],
                    [
                        34,
                        76
                    ],
                    [
                        35,
                        76
                    ],
                    [
                        36,
                        77
                    ],
                    [
                        49,
                        77
                    ],
                    [
                        50,
                        78
                    ],
                    [
                        60,
                        78
                    ],
                    [
                        62,
                        76
                    ],
                    [
                        62,
                        75
                    ],
                    [
                        63,
                        74
                    ],
                    [
                        63,
                        73
                    ],
                    [
                        64,
                        72
                    ],
                    [
                        64,
                        71
                    ],
                    [
                        65,
                        70
                    ],
                    [
                        65,
                        68
                    ],
                    [
                        68,
                        65
                    ],
                    [
                        68,
                        64
                    ],
                    [
                        69,
                        63
                    ],
                    [
                        69,
                        62
                    ],
                    [
                        71,
                        60
                    ],
                    [
                        71,
                        58
                    ],
                    [
                        72,
                        57
                    ],
                    [
                        72,
                        56
                    ],
                    [
                        73,
                        55
                    ],
                    [
                        73,
                        54
                    ],
                    [
                        75,
                        52
                    ],
                    [
                        75,
                        50
                    ],
                    [
                        76,
                        49
                    ],
                    [
                        76,
                        45
                    ],
                    [
                        77,
                        44
                    ],
                    [
                        77,
                        40
                    ],
                    [
                        76,
                        39
                    ],
                    [
                        76,
                        37
                    ],
                    [
                        75,
                        36
                    ],
                    [
                        75,
                        33
                    ],
                    [
                        74,
                        32
                    ],
                    [
                        74,
                        31
                    ],
                    [
                        73,
                        30
                    ],
                    [
                        73,
                        29
                    ],
                    [
                        72,
                        28
                    ],
                    [
                        72,
                        27
                    ],
                    [
                        65,
                        20
                    ],
                    [
                        64,
                        20
                    ],
                    [
                        63,
                        19
                    ],
                    [
                        61,
                        19
                    ],
                    [
                        60,
                        18
                    ],
                    [
                        58,
                        18
                    ],
                    [
                        57,
                        17
                    ]
                ]
            ],
            "group_id": null,
            "shape_type": "polygon",
            "flags": {}
        }
    ],
    "imagePath": "0.7255_good_tile_40_15_4.png",
    "imageData": null,
    "imageHeight": 224,
    "imageWidth": 224
}