{
    "version": "4.5.9",
    "flags": {},
    "shapes": [
        {
            "label": "foreground",
            "points": [
                [
                    [
                        42,
                        20
                    ],
                    [
                        41,
                        21
                    ],
                    [
                        38,
                        21
                    ],
                    [
                        37,
                        22
                    ],
                    [
                        36,
                        22
                    ],
                    [
                        35,
                        23
                    ],
                    [
                        34,
                        23
                    ],
                    [
                        33,
                        24
                    ],
                    [
                        32,
                        24
                    ],
                    [
                        29,
                        27
                    ],
                    [
                        28,
                        27
                    ],
                    [
                        24,
                        31
                    ],
                    [
                        24,
                        32
                    ],
                    [
                        22,
                        34
                    ],
                    [
                        22,
                        36
                    ],
                    [
                        21,
                        37
                    ],
                    [
                        21,
                        41
                    ],
                    [
                        20,
                        42
                    ],
                    [
                        20,
                        53
                    ],
                    [
                        21,
                        54
                    ],
                    [
                        21,
                        57
                    ],
                    [
                        22,
                        58
                    ],
                    [
                        22,
                        59
                    ],
                    [
                        24,
                        61
                    ],
                    [
                        24,
                        62
                    ],
                    [
                        27,
                        65
                    ],
                    [
                        27,
                        66
                    ],
                    [
                        29,
                        68
                    ],
                    [
                        30,
                        68
                    ],
                    [
                        32,
                        70
                    ],
                    [
                        33,
                        70
                    ],
                    [
                        34,
                        71
                    ],
                    [
                        35,
                        71
                    ],
                    [
                        36,
                        72
                    ],
                    [
                        37,
                        72
                    ],
                    [
                        38,
                        73
                    ],
                    [
                        39,
                        73
                    ],
                    [
                        40,
                        74
                    ],
                    [
                        42,
                        74
                    ],
                    [
                        43,
                        75
                    ],
                    [
                        44,
                        75
                    ],
                    [
                        45,
                        76
                    ],
                    [
                        47,
                        76
                    ],
                    [
                        48,
                        77
                    ],
                    [
                        54,
                        77
                    ],
                    [
                        55,
                        78
                    ],
                    [
                        56,
                        77
                    ],
                    [
                        59,
                        77
                    ],
                    [
                        60,
                        78
                    ],
                    [
                        63,
                        78
                    ],
                    [
                        64,
                        77
                    ],
                    [
                        69,
                        77
                    ],
                    [
                        70,
                        76
                    ],
                    [
                        72,
                        76
                    ],
                    [
                        74,
                        74
                    ],
                    [
                        75,
                        74
                    ],
                    [
                        77,
                        72
                    ],
                    [
                        78,
                        72
                    ],
                    [
                        78,
                        71
                    ],
                    [
                        80,
                        69
                    ],
                    [
                        80,
                        68
                    ],
                    [
                        81,
                        67
                    ],
                    [
                        81,
                        65
                    ],
                    [
                        82,
                        64
                    ],
                    [
                        82,
                        56
                    ],
                    [
                        81,
                        55
                    ],
                    [
                        81,
                        52
                    ],
                    [
                        80,
                        51
                    ],
                    [
                        80,
                        50
                    ],
                    [
                        79,
                        49
                    ],
                    [
                        79,
                        48
                    ],
                    [
                        78,
                        47
                    ],
                    [
                        78,
                        46
                    ],
                    [
                        77,
                        45
                    ],
                    [
                        77,
                        44
                    ],
                    [
                        76,
                        43
                    ],
                    [
                        76,
                        42
                    ],
                    [
                        73,
                        39
                    ],
                    [
                        73,
                        38
                    ],
                    [
                        70,
                        35
                    ],
                    [
                        70,
                        34
                    ],
                    [
                        59,
                        23
                    ],
                    [
                        58,
                        23
                    ],
                    [
                        57,
                        22
                    ],
                    [
                        56,
                        22
                    ],
                    [
                        55,
                        21
                    ],
                    [
                        52,
                        21
                    ],
                    [
                        51,
                        20
                    ]
                ]
            ],
            "group_id": null,
            "shape_type": "polygon",
            "flags": {}
        }
    ],
    "imagePath": "0.7784_good_tile_24_47_0.png",
    "imageData": null,
    "imageHeight": 224,
    "imageWidth": 224
}