{
    "version": "4.5.9",
    "flags": {},
    "shapes": [
        {
            "label": "foreground",
            "points": [
                [
                    [
                        67,
                        25
                    ],
                    [
                        66,
                        26
                    ],
                    [
                        64,
                        26
                    ],
                    [
                        63,
                        27
                    ],
                    [
                        60,
                        27
                    ],
                    [
                        59,
                        28
                    ],
                    [
                        58,
                        28
                    ],
                    [
                        57,
                        29
                    ],
                    [
                        56,
                        29
                    ],
                    [
                        55,
                        30
                    ],
                    [
                        54,
                        30
                    ],
                    [
                        53,
                        31
                    ],
                    [
                        52,
                        31
                    ],
                    [
                        50,
                        33
                    ],
                    [
                        49,
                        33
                    ],
                    [
                        46,
                        36
                    ],
                    [
                        45,
                        36
                    ],
                    [
                        42,
                        39
                    ],
                    [
                        41,
                        39
                    ],
                    [
                        39,
                        41
                    ],
                    [
                        38,
                        41
                    ],
                    [
                        29,
                        50
                    ],
                    [
                        29,
                        51
                    ],
                    [
                        27,
                        53
                    ],
                    [
                        27,
                        54
                    ],
                    [
                        26,
                        55
                    ],
                    [
                        26,
                        56
                    ],
                    [
                        24,
                        58
                    ],
                    [
                        24,
                        61
                    ],
                    [
                        23,
                        62
                    ],
                    [
                        23,
                        73
                    ],
                    [
                        24,
                        74
                    ],
                    [
                        24,
                        77
                    ],
                    [
                        25,
                        78
                    ],
                    [
                        25,
                        80
                    ],
                    [
                        27,
                        82
                    ],
                    [
                        27,
                        83
                    ],
                    [
                        28,
                        84
                    ],
                    [
                        28,
                        85
                    ],
                    [
                        30,
                        87
                    ],
                    [
                        30,
                        88
                    ],
                    [
                        34,
                        92
                    ],
                    [
                        34,
                        93
                    ],
                    [
                        35,
                        94
                    ],
                    [
                        35,
                        95
                    ],
                    [
                        40,
                        100
                    ],
                    [
                        40,
                        101
                    ],
                    [
                        45,
                        106
                    ],
                    [
                        46,
                        106
                    ],
                    [
                        47,
                        107
                    ],
                    [
                        48,
                        107
                    ],
                    [
                        49,
                        108
                    ],
                    [
                        51,
                        108
                    ],
                    [
                        52,
                        109
                    ],
                    [
                        54,
                        109
                    ],
                    [
                        55,
                        110
                    ],
                    [
                        64,
                        110
                    ],
                    [
                        65,
                        109
                    ],
                    [
                        66,
                        109
                    ],
                    [
                        67,
                        108
                    ],
                    [
                        68,
                        108
                    ],
                    [
                        69,
                        107
                    ],
                    [
                        70,
                        107
                    ],
                    [
                        71,
                        106
                    ],
                    [
                        72,
                        106
                    ],
                    [
                        75,
                        103
                    ],
                    [
                        76,
                        103
                    ],
                    [
                        78,
                        101
                    ],
                    [
                        79,
                        101
                    ],
                    [
                        82,
                        98
                    ],
                    [
                        82,
                        97
                    ],
                    [
                        85,
                        94
                    ],
                    [
                        85,
                        92
                    ],
                    [
                        87,
                        90
                    ],
                    [
                        87,
                        89
                    ],
                    [
                        88,
                        88
                    ],
                    [
                        88,
                        87
                    ],
                    [
                        89,
                        86
                    ],
                    [
                        89,
                        83
                    ],
                    [
                        90,
                        82
                    ],
                    [
                        90,
                        80
                    ],
                    [
                        91,
                        79
                    ],
                    [
                        91,
                        78
                    ],
                    [
                        92,
                        77
                    ],
                    [
                        92,
                        76
                    ],
                    [
                        93,
                        75
                    ],
                    [
                        93,
                        73
                    ],
                    [
                        94,
                        72
                    ],
                    [
                        94,
                        69
                    ],
                    [
                        95,
                        68
                    ],
                    [
                        95,
                        39
                    ],
                    [
                        94,
                        38
                    ],
                    [
                        94,
                        35
                    ],
                    [
                        92,
                        33
                    ],
                    [
                        91,
                        33
                    ],
                    [
                        89,
                        31
                    ],
                    [
                        88,
                        31
                    ],
                    [
                        87,
                        30
                    ],
                    [
                        87,
                        29
                    ],
                    [
                        86,
                        29
                    ],
                    [
                        85,
                        28
                    ],
                    [
                        79,
                        28
                    ],
                    [
                        78,
                        27
                    ],
                    [
                        76,
                        27
                    ],
                    [
                        75,
                        26
                    ],
                    [
                        72,
                        26
                    ],
                    [
                        71,
                        25
                    ]
                ]
            ],
            "group_id": null,
            "shape_type": "polygon",
            "flags": {}
        }
    ],
    "imagePath": "0.8097_good_tile_12_30_0.png",
    "imageData": null,
    "imageHeight": 224,
    "imageWidth": 224
}