{
    "version": "4.5.9",
    "flags": {},
    "shapes": [
        {
            "label": "foreground",
            "points": [
                [
                    [
                        47,
                        21
                    ],
                    [
                        46,
                        22
                    ],
                    [
                        43,
                        22
                    ],
                    [
                        42,
                        23
                    ],
                    [
                        41,
                        23
                    ],
                    [
                        40,
                        24
                    ],
                    [
                        38,
                        24
                    ],
                    [
                        37,
                        25
                    ],
                    [
                        36,
                        25
                    ],
                    [
                        35,
                        26
                    ],
                    [
                        34,
                        26
                    ],
                    [
                        25,
                        35
                    ],
                    [
                        25,
                        36
                    ],
                    [
                        24,
                        37
                    ],
                    [
                        24,
                        39
                    ],
                    [
                        23,
                        40
                    ],
                    [
                        23,
                        41
                    ],
                    [
                        22,
                        42
                    ],
                    [
                        22,
                        44
                    ],
                    [
                        21,
                        45
                    ],
                    [
                        21,
                        47
                    ],
                    [
                        20,
                        48
                    ],
                    [
                        20,
                        50
                    ],
                    [
                        19,
                        51
                    ],
                    [
                        19,
                        54
                    ],
                    [
                        20,
                        55
                    ],
                    [
                        20,
                        60
                    ],
                    [
                        21,
                        61
                    ],
                    [
                        21,
                        65
                    ],
                    [
                        22,
                        66
                    ],
                    [
                        22,
                        67
                    ],
                    [
                        21,
                        68
                    ],
                    [
                        21,
                        71
                    ],
                    [
                        19,
                        73
                    ],
                    [
                        18,
                        73
                    ],
                    [
                        18,
                        74
                    ],
                    [
                        22,
                        74
                    ],
                    [
                        24,
                        76
                    ],
                    [
                        24,
                        82
                    ],
                    [
                        26,
                        84
                    ],
                    [
                        26,
                        85
                    ],
                    [
                        27,
                        86
                    ],
                    [
                        28,
                        86
                    ],
                    [
                        29,
                        87
                    ],
                    [
                        34,
                        87
                    ],
                    [
                        35,
                        86
                    ],
                    [
                        38,
                        86
                    ],
                    [
                        39,
                        85
                    ],
                    [
                        43,
                        85
                    ],
                    [
                        44,
                        84
                    ],
                    [
                        45,
                        84
                    ],
                    [
                        46,
                        83
                    ],
                    [
                        47,
                        83
                    ],
                    [
                        52,
                        78
                    ],
                    [
                        53,
                        78
                    ],
                    [
                        54,
                        77
                    ],
                    [
                        55,
                        77
                    ],
                    [
                        62,
                        70
                    ],
                    [
                        63,
                        70
                    ],
                    [
                        64,
                        69
                    ],
                    [
                        65,
                        69
                    ],
                    [
                        66,
                        68
                    ],
                    [
                        66,
                        67
                    ],
                    [
                        67,
                        66
                    ],
                    [
                        67,
                        64
                    ],
                    [
                        70,
                        61
                    ],
                    [
                        70,
                        60
                    ],
                    [
                        71,
                        59
                    ],
                    [
                        71,
                        58
                    ],
                    [
                        72,
                        57
                    ],
                    [
                        72,
                        56
                    ],
                    [
                        73,
                        55
                    ],
                    [
                        73,
                        48
                    ],
                    [
                        72,
                        47
                    ],
                    [
                        72,
                        46
                    ],
                    [
                        71,
                        45
                    ],
                    [
                        71,
                        44
                    ],
                    [
                        69,
                        42
                    ],
                    [
                        69,
                        41
                    ],
                    [
                        68,
                        40
                    ],
                    [
                        68,
                        39
                    ],
                    [
                        67,
                        38
                    ],
                    [
                        67,
                        37
                    ],
                    [
                        65,
                        35
                    ],
                    [
                        65,
                        32
                    ],
                    [
                        60,
                        27
                    ],
                    [
                        59,
                        27
                    ],
                    [
                        57,
                        25
                    ],
                    [
                        56,
                        25
                    ],
                    [
                        55,
                        24
                    ],
                    [
                        54,
                        24
                    ],
                    [
                        53,
                        23
                    ],
                    [
                        52,
                        23
                    ],
                    [
                        51,
                        22
                    ],
                    [
                        50,
                        22
                    ],
                    [
                        49,
                        21
                    ]
                ]
            ],
            "group_id": null,
            "shape_type": "polygon",
            "flags": {}
        }
    ],
    "imagePath": "0.8584_good_tile_61_22_1.png",
    "imageData": null,
    "imageHeight": 224,
    "imageWidth": 224
}