{
    "version": "4.5.9",
    "flags": {},
    "shapes": [
        {
            "label": "foreground",
            "points": [
                [
                    [
                        87,
                        26
                    ],
                    [
                        86,
                        27
                    ],
                    [
                        85,
                        27
                    ],
                    [
                        84,
                        28
                    ],
                    [
                        84,
                        29
                    ],
                    [
                        83,
                        30
                    ],
                    [
                        81,
                        30
                    ],
                    [
                        80,
                        31
                    ],
                    [
                        78,
                        31
                    ],
                    [
                        77,
                        30
                    ],
                    [
                        71,
                        30
                    ],
                    [
                        70,
                        29
                    ],
                    [
                        67,
                        29
                    ],
                    [
                        66,
                        28
                    ],
                    [
                        63,
                        28
                    ],
                    [
                        62,
                        29
                    ],
                    [
                        59,
                        29
                    ],
                    [
                        58,
                        30
                    ],
                    [
                        57,
                        30
                    ],
                    [
                        56,
                        31
                    ],
                    [
                        50,
                        31
                    ],
                    [
                        50,
                        32
                    ],
                    [
                        49,
                        33
                    ],
                    [
                        48,
                        33
                    ],
                    [
                        47,
                        34
                    ],
                    [
                        46,
                        34
                    ],
                    [
                        43,
                        37
                    ],
                    [
                        41,
                        37
                    ],
                    [
                        40,
                        38
                    ],
                    [
                        39,
                        38
                    ],
                    [
                        38,
                        39
                    ],
                    [
                        37,
                        39
                    ],
                    [
                        34,
                        42
                    ],
                    [
                        33,
                        42
                    ],
                    [
                        32,
                        43
                    ],
                    [
                        32,
                        44
                    ],
                    [
                        31,
                        45
                    ],
                    [
                        30,
                        45
                    ],
                    [
                        28,
                        47
                    ],
                    [
                        28,
                        48
                    ],
                    [
                        27,
                        49
                    ],
                    [
                        27,
                        50
                    ],
                    [
                        26,
                        51
                    ],
                    [
                        26,
                        54
                    ],
                    [
                        27,
                        55
                    ],
                    [
                        27,
                        56
                    ],
                    [
                        26,
                        57
                    ],
                    [
                        26,
                        60
                    ],
                    [
                        25,
                        61
                    ],
                    [
                        25,
                        79
                    ],
                    [
                        26,
                        80
                    ],
                    [
                        26,
                        81
                    ],
                    [
                        27,
                        82
                    ],
                    [
                        27,
                        84
                    ],
                    [
                        28,
                        85
                    ],
                    [
                        28,
                        86
                    ],
                    [
                        29,
                        87
                    ],
                    [
                        29,
                        88
                    ],
                    [
                        30,
                        89
                    ],
                    [
                        30,
                        90
                    ],
                    [
                        31,
                        91
                    ],
                    [
                        31,
                        92
                    ],
                    [
                        41,
                        102
                    ],
                    [
                        42,
                        102
                    ],
                    [
                        43,
                        103
                    ],
                    [
                        44,
                        103
                    ],
                    [
                        45,
                        104
                    ],
                    [
                        46,
                        104
                    ],
                    [
                        47,
                        105
                    ],
                    [
                        48,
                        105
                    ],
                    [
                        49,
                        106
                    ],
                    [
                        51,
                        106
                    ],
                    [
                        52,
                        107
                    ],
                    [
                        53,
                        107
                    ],
                    [
                        54,
                        108
                    ],
                    [
                        58,
                        108
                    ],
                    [
                        59,
                        109
                    ],
                    [
                        62,
                        109
                    ],
                    [
                        63,
                        110
                    ],
                    [
                        64,
                        109
                    ],
                    [
                        72,
                        109
                    ],
                    [
                        73,
                        108
                    ],
                    [
                        76,
                        108
                    ],
                    [
                        77,
                        107
                    ],
                    [
                        79,
                        107
                    ],
                    [
                        80,
                        106
                    ],
                    [
                        81,
                        106
                    ],
                    [
                        82,
                        105
                    ],
                    [
                        83,
                        105
                    ],
                    [
                        85,
                        103
                    ],
                    [
                        86,
                        103
                    ],
                    [
                        87,
                        102
                    ],
                    [
                        88,
                        102
                    ],
                    [
                        91,
                        99
                    ],
                    [
                        92,
                        99
                    ],
                    [
                        95,
                        96
                    ],
                    [
                        96,
                        96
                    ],
                    [
                        99,
                        93
                    ],
                    [
                        99,
                        92
                    ],
                    [
                        101,
                        90
                    ],
                    [
                        101,
                        89
                    ],
                    [
                        105,
                        85
                    ],
                    [
                        105,
                        84
                    ],
                    [
                        106,
                        83
                    ],
                    [
                        106,
                        82
                    ],
                    [
                        107,
                        81
                    ],
                    [
                        107,
                        80
                    ],
                    [
                        108,
                        79
                    ],
                    [
                        108,
                        77
                    ],
                    [
                        109,
                        76
                    ],
                    [
                        109,
                        73
                    ],
                    [
                        110,
                        72
                    ],
                    [
                        110,
                        67
                    ],
                    [
                        111,
                        66
                    ],
                    [
                        111,
                        63
                    ],
                    [
                        110,
                        62
                    ],
                    [
                        110,
                        60
                    ],
                    [
                        109,
                        59
                    ],
                    [
                        109,
                        57
                    ],
                    [
                        108,
                        56
                    ],
                    [
                        108,
                        55
                    ],
                    [
                        107,
                        54
                    ],
                    [
                        107,
                        53
                    ],
                    [
                        106,
                        52
                    ],
                    [
                        106,
                        50
                    ],
                    [
                        107,
                        49
                    ],
                    [
                        109,
                        49
                    ],
                    [
                        112,
                        52
                    ],
                    [
                        112,
                        54
                    ],
                    [
                        113,
                        55
                    ],
                    [
                        115,
                        55
                    ],
                    [
                        116,
                        56
                    ],
                    [
                        116,
                        57
                    ],
                    [
                        117,
                        58
                    ],
                    [
                        117,
                        61
                    ],
                    [
                        118,
                        61
                    ],
                    [
                        118,
                        60
                    ],
                    [
                        117,
                        59
                    ],
                    [
                        117,
                        58
                    ],
                    [
                        119,
                        56
                    ],
                    [
                        119,
                        55
                    ],
                    [
                        118,
                        54
                    ],
                    [
                        118,
                        53
                    ],
                    [
                        116,
                        51
                    ],
                    [
                        115,
                        51
                    ],
                    [
                        113,
                        49
                    ],
                    [
                        113,
                        47
                    ],
                    [
                        109,
                        43
                    ],
                    [
                        108,
                        43
                    ],
                    [
                        107,
                        44
                    ],
                    [
                        107,
                        49
                    ],
                    [
                        106,
                        50
                    ],
                    [
                        102,
                        46
                    ],
                    [
                        102,
                        45
                    ],
                    [
                        99,
                        42
                    ],
                    [
                        98,
                        42
                    ],
                    [
                        97,
                        41
                    ],
                    [
                        97,
                        40
                    ],
                    [
                        96,
                        39
                    ],
                    [
                        95,
                        39
                    ],
                    [
                        94,
                        38
                    ],
                    [
                        96,
                        36
                    ],
                    [
                        100,
                        36
                    ],
                    [
                        103,
                        39
                    ],
                    [
                        105,
                        39
                    ],
                    [
                        104,
                        38
                    ],
                    [
                        104,
                        37
                    ],
                    [
                        102,
                        35
                    ],
                    [
                        101,
                        35
                    ],
                    [
                        100,
                        34
                    ],
                    [
                        94,
                        34
                    ],
                    [
                        93,
                        33
                    ],
                    [
                        93,
                        32
                    ],
                    [
                        94,
                        31
                    ],
                    [
                        93,
                        31
                    ],
                    [
                        91,
                        29
                    ],
                    [
                        91,
                        28
                    ],
                    [
                        90,
                        28
                    ],
                    [
                        89,
                        27
                    ],
                    [
                        88,
                        27
                    ]
                ]
            ],
            "group_id": null,
            "shape_type": "polygon",
            "flags": {}
        }
    ],
    "imagePath": "0.8668_good_tile_10_29_2.png",
    "imageData": null,
    "imageHeight": 224,
    "imageWidth": 224
}