{
    "version": "4.5.9",
    "flags": {},
    "shapes": [
        {
            "label": "foreground",
            "points": [
                [
                    [
                        45,
                        19
                    ],
                    [
                        44,
                        20
                    ],
                    [
                        42,
                        20
                    ],
                    [
                        41,
                        21
                    ],
                    [
                        40,
                        21
                    ],
                    [
                        37,
                        24
                    ],
                    [
                        36,
                        24
                    ],
                    [
                        35,
                        25
                    ],
                    [
                        35,
                        26
                    ],
                    [
                        34,
                        27
                    ],
                    [
                        34,
                        28
                    ],
                    [
                        33,
                        29
                    ],
                    [
                        33,
                        30
                    ],
                    [
                        32,
                        31
                    ],
                    [
                        31,
                        31
                    ],
                    [
                        30,
                        32
                    ],
                    [
                        31,
                        33
                    ],
                    [
                        31,
                        35
                    ],
                    [
                        30,
                        36
                    ],
                    [
                        30,
                        46
                    ],
                    [
                        31,
                        47
                    ],
                    [
                        31,
                        49
                    ],
                    [
                        32,
                        50
                    ],
                    [
                        32,
                        62
                    ],
                    [
                        31,
                        63
                    ],
                    [
                        31,
                        64
                    ],
                    [
                        28,
                        67
                    ],
                    [
                        28,
                        68
                    ],
                    [
                        25,
                        71
                    ],
                    [
                        23,
                        71
                    ],
                    [
                        23,
                        73
                    ],
                    [
                        22,
                        74
                    ],
                    [
                        23,
                        75
                    ],
                    [
                        23,
                        77
                    ],
                    [
                        24,
                        78
                    ],
                    [
                        24,
                        81
                    ],
                    [
                        25,
                        82
                    ],
                    [
                        25,
                        84
                    ],
                    [
                        26,
                        85
                    ],
                    [
                        26,
                        88
                    ],
                    [
                        27,
                        89
                    ],
                    [
                        27,
                        94
                    ],
                    [
                        28,
                        95
                    ],
                    [
                        28,
                        97
                    ],
                    [
                        31,
                        100
                    ],
                    [
                        70,
                        100
                    ],
                    [
                        71,
                        99
                    ],
                    [
                        72,
                        100
                    ],
                    [
                        73,
                        99
                    ],
                    [
                        81,
                        99
                    ],
                    [
                        81,
                        92
                    ],
                    [
                        80,
                        91
                    ],
                    [
                        80,
                        89
                    ],
                    [
                        78,
                        87
                    ],
                    [
                        78,
                        86
                    ],
                    [
                        76,
                        84
                    ],
                    [
                        76,
                        83
                    ],
                    [
                        74,
                        81
                    ],
                    [
                        73,
                        81
                    ],
                    [
                        72,
                        80
                    ],
                    [
                        72,
                        79
                    ],
                    [
                        70,
                        77
                    ],
                    [
                        70,
                        76
                    ],
                    [
                        69,
                        75
                    ],
                    [
                        69,
                        73
                    ],
                    [
                        68,
                        72
                    ],
                    [
                        68,
                        71
                    ],
                    [
                        67,
                        70
                    ],
                    [
                        67,
                        69
                    ],
                    [
                        58,
                        60
                    ],
                    [
                        58,
                        59
                    ],
                    [
                        53,
                        54
                    ],
                    [
                        53,
                        50
                    ],
                    [
                        52,
                        49
                    ],
                    [
                        52,
                        44
                    ],
                    [
                        53,
                        43
                    ],
                    [
                        52,
                        42
                    ],
                    [
                        52,
                        41
                    ],
                    [
                        51,
                        40
                    ],
                    [
                        51,
                        39
                    ],
                    [
                        48,
                        36
                    ],
                    [
                        48,
                        35
                    ],
                    [
                        47,
                        34
                    ],
                    [
                        47,
                        32
                    ],
                    [
                        46,
                        31
                    ],
                    [
                        46,
                        26
                    ],
                    [
                        45,
                        25
                    ]
                ]
            ],
            "group_id": null,
            "shape_type": "polygon",
            "flags": {}
        }
    ],
    "imagePath": "0.8709_good_tile_40_15_12.png",
    "imageData": null,
    "imageHeight": 224,
    "imageWidth": 224
}