{
    "version": "4.5.9",
    "flags": {},
    "shapes": [
        {
            "label": "foreground",
            "points": [
                [
                    [
                        73,
                        25
                    ],
                    [
                        72,
                        26
                    ],
                    [
                        67,
                        26
                    ],
                    [
                        66,
                        27
                    ],
                    [
                        59,
                        27
                    ],
                    [
                        57,
                        29
                    ],
                    [
                        56,
                        29
                    ],
                    [
                        54,
                        31
                    ],
                    [
                        53,
                        31
                    ],
                    [
                        52,
                        32
                    ],
                    [
                        51,
                        32
                    ],
                    [
                        50,
                        33
                    ],
                    [
                        49,
                        33
                    ],
                    [
                        47,
                        35
                    ],
                    [
                        45,
                        35
                    ],
                    [
                        41,
                        39
                    ],
                    [
                        41,
                        40
                    ],
                    [
                        40,
                        41
                    ],
                    [
                        40,
                        42
                    ],
                    [
                        36,
                        46
                    ],
                    [
                        36,
                        48
                    ],
                    [
                        33,
                        51
                    ],
                    [
                        33,
                        54
                    ],
                    [
                        31,
                        56
                    ],
                    [
                        31,
                        58
                    ],
                    [
                        29,
                        60
                    ],
                    [
                        29,
                        61
                    ],
                    [
                        28,
                        62
                    ],
                    [
                        28,
                        63
                    ],
                    [
                        27,
                        64
                    ],
                    [
                        27,
                        70
                    ],
                    [
                        29,
                        68
                    ],
                    [
                        31,
                        68
                    ],
                    [
                        32,
                        69
                    ],
                    [
                        32,
                        71
                    ],
                    [
                        31,
                        72
                    ],
                    [
                        31,
                        73
                    ],
                    [
                        29,
                        75
                    ],
                    [
                        29,
                        76
                    ],
                    [
                        28,
                        77
                    ],
                    [
                        25,
                        77
                    ],
                    [
                        24,
                        78
                    ],
                    [
                        24,
                        80
                    ],
                    [
                        23,
                        81
                    ],
                    [
                        23,
                        88
                    ],
                    [
                        22,
                        89
                    ],
                    [
                        22,
                        92
                    ],
                    [
                        23,
                        93
                    ],
                    [
                        23,
                        98
                    ],
                    [
                        24,
                        99
                    ],
                    [
                        24,
                        102
                    ],
                    [
                        25,
                        103
                    ],
                    [
                        25,
                        106
                    ],
                    [
                        26,
                        107
                    ],
                    [
                        27,
                        107
                    ],
                    [
                        28,
                        108
                    ],
                    [
                        28,
                        109
                    ],
                    [
                        30,
                        111
                    ],
                    [
                        30,
                        112
                    ],
                    [
                        31,
                        113
                    ],
                    [
                        31,
                        115
                    ],
                    [
                        34,
                        118
                    ],
                    [
                        34,
                        119
                    ],
                    [
                        35,
                        120
                    ],
                    [
                        35,
                        121
                    ],
                    [
                        36,
                        122
                    ],
                    [
                        36,
                        123
                    ],
                    [
                        39,
                        126
                    ],
                    [
                        39,
                        127
                    ],
                    [
                        40,
                        128
                    ],
                    [
                        41,
                        128
                    ],
                    [
                        43,
                        130
                    ],
                    [
                        45,
                        130
                    ],
                    [
                        46,
                        131
                    ],
                    [
                        45,
                        132
                    ],
                    [
                        45,
                        133
                    ],
                    [
                        48,
                        136
                    ],
                    [
                        48,
                        134
                    ],
                    [
                        49,
                        133
                    ],
                    [
                        50,
                        133
                    ],
                    [
                        51,
                        134
                    ],
                    [
                        51,
                        135
                    ],
                    [
                        50,
                        136
                    ],
                    [
                        51,
                        137
                    ],
                    [
                        52,
                        137
                    ],
                    [
                        53,
                        138
                    ],
                    [
                        53,
                        140
                    ],
                    [
                        55,
                        140
                    ],
                    [
                        56,
                        139
                    ],
                    [
                        57,
                        139
                    ],
                    [
                        58,
                        140
                    ],
                    [
                        59,
                        140
                    ],
                    [
                        63,
                        144
                    ],
                    [
                        64,
                        144
                    ],
                    [
                        65,
                        145
                    ],
                    [
                        66,
                        144
                    ],
                    [
                        67,
                        144
                    ],
                    [
                        68,
                        143
                    ],
                    [
                        71,
                        143
                    ],
                    [
                        72,
                        144
                    ],
                    [
                        74,
                        144
                    ],
                    [
                        75,
                        143
                    ],
                    [
                        76,
                        143
                    ],
                    [
                        77,
                        142
                    ],
                    [
                        79,
                        142
                    ],
                    [
                        80,
                        141
                    ],
                    [
                        82,
                        141
                    ],
                    [
                        82,
                        139
                    ],
                    [
                        84,
                        137
                    ],
                    [
                        85,
                        137
                    ],
                    [
                        87,
                        139
                    ],
                    [
                        87,
                        138
                    ],
                    [
                        92,
                        133
                    ],
                    [
                        93,
                        133
                    ],
                    [
                        94,
                        134
                    ],
                    [
                        94,
                        135
                    ],
                    [
                        95,
                        135
                    ],
                    [
                        98,
                        132
                    ],
                    [
                        98,
                        128
                    ],
                    [
                        99,
                        127
                    ],
                    [
                        100,
                        127
                    ],
                    [
                        101,
                        126
                    ],
                    [
                        104,
                        126
                    ],
                    [
                        105,
                        125
                    ],
                    [
                        106,
                        125
                    ],
                    [
                        107,
                        126
                    ],
                    [
                        108,
                        126
                    ],
                    [
                        109,
                        125
                    ],
                    [
                        109,
                        124
                    ],
                    [
                        110,
                        123
                    ],
                    [
                        111,
                        123
                    ],
                    [
                        112,
                        122
                    ],
                    [
                        112,
                        121
                    ],
                    [
                        111,
                        120
                    ],
                    [
                        111,
                        118
                    ],
                    [
                        110,
                        117
                    ],
                    [
                        111,
                        116
                    ],
                    [
                        109,
                        114
                    ],
                    [
                        109,
                        111
                    ],
                    [
                        110,
                        110
                    ],
                    [
                        110,
                        106
                    ],
                    [
                        112,
                        104
                    ],
                    [
                        113,
                        104
                    ],
                    [
                        120,
                        97
                    ],
                    [
                        120,
                        96
                    ],
                    [
                        121,
                        95
                    ],
                    [
                        121,
                        94
                    ],
                    [
                        122,
                        93
                    ],
                    [
                        122,
                        92
                    ],
                    [
                        123,
                        91
                    ],
                    [
                        123,
                        89
                    ],
                    [
                        124,
                        88
                    ],
                    [
                        124,
                        81
                    ],
                    [
                        123,
                        80
                    ],
                    [
                        123,
                        79
                    ],
                    [
                        122,
                        79
                    ],
                    [
                        120,
                        77
                    ],
                    [
                        121,
                        76
                    ],
                    [
                        121,
                        74
                    ],
                    [
                        122,
                        73
                    ],
                    [
                        122,
                        70
                    ],
                    [
                        121,
                        69
                    ],
                    [
                        121,
                        67
                    ],
                    [
                        120,
                        66
                    ],
                    [
                        120,
                        64
                    ],
                    [
                        119,
                        63
                    ],
                    [
                        119,
                        61
                    ],
                    [
                        118,
                        60
                    ],
                    [
                        118,
                        59
                    ],
                    [
                        117,
                        58
                    ],
                    [
                        117,
                        55
                    ],
                    [
                        116,
                        54
                    ],
                    [
                        116,
                        52
                    ],
                    [
                        114,
                        50
                    ],
                    [
                        114,
                        49
                    ],
                    [
                        113,
                        48
                    ],
                    [
                        113,
                        47
                    ],
                    [
                        111,
                        45
                    ],
                    [
                        111,
                        44
                    ],
                    [
                        107,
                        40
                    ],
                    [
                        107,
                        39
                    ],
                    [
                        103,
                        35
                    ],
                    [
                        102,
                        35
                    ],
                    [
                        101,
                        34
                    ],
                    [
                        99,
                        34
                    ],
                    [
                        98,
                        33
                    ],
                    [
                        97,
                        33
                    ],
                    [
                        96,
                        32
                    ],
                    [
                        94,
                        32
                    ],
                    [
                        93,
                        31
                    ],
                    [
                        92,
                        31
                    ],
                    [
                        91,
                        30
                    ],
                    [
                        88,
                        30
                    ],
                    [
                        87,
                        29
                    ],
                    [
                        85,
                        29
                    ],
                    [
                        84,
                        28
                    ],
                    [
                        80,
                        28
                    ],
                    [
                        79,
                        27
                    ],
                    [
                        78,
                        27
                    ],
                    [
                        77,
                        26
                    ],
                    [
                        76,
                        26
                    ],
                    [
                        75,
                        25
                    ]
                ]
            ],
            "group_id": null,
            "shape_type": "polygon",
            "flags": {}
        }
    ],
    "imagePath": "0.8723_good_tile_61_22_0.png",
    "imageData": null,
    "imageHeight": 224,
    "imageWidth": 224
}