{
    "version": "4.5.9",
    "flags": {},
    "shapes": [
        {
            "label": "foreground",
            "points": [
                [
                    [
                        68,
                        22
                    ],
                    [
                        67,
                        23
                    ],
                    [
                        66,
                        23
                    ],
                    [
                        65,
                        24
                    ],
                    [
                        63,
                        24
                    ],
                    [
                        62,
                        25
                    ],
                    [
                        56,
                        25
                    ],
                    [
                        55,
                        26
                    ],
                    [
                        50,
                        26
                    ],
                    [
                        49,
                        27
                    ],
                    [
                        46,
                        27
                    ],
                    [
                        45,
                        28
                    ],
                    [
                        44,
                        28
                    ],
                    [
                        43,
                        29
                    ],
                    [
                        42,
                        29
                    ],
                    [
                        41,
                        30
                    ],
                    [
                        40,
                        30
                    ],
                    [
                        39,
                        31
                    ],
                    [
                        38,
                        31
                    ],
                    [
                        36,
                        33
                    ],
                    [
                        35,
                        33
                    ],
                    [
                        34,
                        34
                    ],
                    [
                        33,
                        34
                    ],
                    [
                        32,
                        35
                    ],
                    [
                        31,
                        35
                    ],
                    [
                        28,
                        38
                    ],
                    [
                        27,
                        38
                    ],
                    [
                        26,
                        39
                    ],
                    [
                        25,
                        39
                    ],
                    [
                        21,
                        43
                    ],
                    [
                        21,
                        44
                    ],
                    [
                        20,
                        45
                    ],
                    [
                        19,
                        45
                    ],
                    [
                        19,
                        46
                    ],
                    [
                        21,
                        48
                    ],
                    [
                        21,
                        49
                    ],
                    [
                        19,
                        51
                    ],
                    [
                        19,
                        55
                    ],
                    [
                        20,
                        56
                    ],
                    [
                        20,
                        58
                    ],
                    [
                        21,
                        59
                    ],
                    [
                        21,
                        62
                    ],
                    [
                        22,
                        63
                    ],
                    [
                        22,
                        64
                    ],
                    [
                        23,
                        65
                    ],
                    [
                        23,
                        66
                    ],
                    [
                        25,
                        68
                    ],
                    [
                        25,
                        70
                    ],
                    [
                        27,
                        72
                    ],
                    [
                        27,
                        73
                    ],
                    [
                        29,
                        75
                    ],
                    [
                        29,
                        76
                    ],
                    [
                        36,
                        83
                    ],
                    [
                        37,
                        83
                    ],
                    [
                        39,
                        85
                    ],
                    [
                        40,
                        85
                    ],
                    [
                        45,
                        90
                    ],
                    [
                        46,
                        90
                    ],
                    [
                        48,
                        92
                    ],
                    [
                        49,
                        92
                    ],
                    [
                        50,
                        93
                    ],
                    [
                        51,
                        93
                    ],
                    [
                        52,
                        94
                    ],
                    [
                        53,
                        94
                    ],
                    [
                        54,
                        95
                    ],
                    [
                        55,
                        95
                    ],
                    [
                        56,
                        96
                    ],
                    [
                        58,
                        96
                    ],
                    [
                        59,
                        97
                    ],
                    [
                        62,
                        97
                    ],
                    [
                        63,
                        98
                    ],
                    [
                        67,
                        98
                    ],
                    [
                        68,
                        99
                    ],
                    [
                        69,
                        98
                    ],
                    [
                        73,
                        98
                    ],
                    [
                        74,
                        97
                    ],
                    [
                        76,
                        97
                    ],
                    [
                        77,
                        96
                    ],
                    [
                        79,
                        96
                    ],
                    [
                        80,
                        95
                    ],
                    [
                        81,
                        95
                    ],
                    [
                        83,
                        93
                    ],
                    [
                        84,
                        93
                    ],
                    [
                        89,
                        88
                    ],
                    [
                        89,
                        87
                    ],
                    [
                        90,
                        86
                    ],
                    [
                        90,
                        85
                    ],
                    [
                        92,
                        83
                    ],
                    [
                        92,
                        82
                    ],
                    [
                        93,
                        81
                    ],
                    [
                        93,
                        79
                    ],
                    [
                        94,
                        78
                    ],
                    [
                        94,
                        77
                    ],
                    [
                        95,
                        76
                    ],
                    [
                        95,
                        70
                    ],
                    [
                        96,
                        69
                    ],
                    [
                        96,
                        62
                    ],
                    [
                        95,
                        61
                    ],
                    [
                        95,
                        52
                    ],
                    [
                        94,
                        51
                    ],
                    [
                        94,
                        48
                    ],
                    [
                        93,
                        47
                    ],
                    [
                        93,
                        44
                    ],
                    [
                        92,
                        43
                    ],
                    [
                        92,
                        41
                    ],
                    [
                        91,
                        40
                    ],
                    [
                        91,
                        38
                    ],
                    [
                        90,
                        37
                    ],
                    [
                        90,
                        36
                    ],
                    [
                        88,
                        34
                    ],
                    [
                        88,
                        31
                    ],
                    [
                        87,
                        30
                    ],
                    [
                        87,
                        29
                    ],
                    [
                        85,
                        27
                    ],
                    [
                        84,
                        27
                    ],
                    [
                        81,
                        24
                    ],
                    [
                        80,
                        24
                    ],
                    [
                        79,
                        23
                    ],
                    [
                        77,
                        23
                    ],
                    [
                        76,
                        22
                    ]
                ]
            ],
            "group_id": null,
            "shape_type": "polygon",
            "flags": {}
        }
    ],
    "imagePath": "0.8848_good_tile_12_30_9.png",
    "imageData": null,
    "imageHeight": 224,
    "imageWidth": 224
}