{
    "version": "4.5.9",
    "flags": {},
    "shapes": [
        {
            "label": "foreground",
            "points": [
                [
                    [
                        49,
                        13
                    ],
                    [
                        48,
                        14
                    ],
                    [
                        46,
                        14
                    ],
                    [
                        45,
                        15
                    ],
                    [
                        39,
                        15
                    ],
                    [
                        38,
                        16
                    ],
                    [
                        36,
                        16
                    ],
                    [
                        35,
                        17
                    ],
                    [
                        34,
                        17
                    ],
                    [
                        33,
                        18
                    ],
                    [
                        32,
                        18
                    ],
                    [
                        30,
                        20
                    ],
                    [
                        29,
                        20
                    ],
                    [
                        28,
                        21
                    ],
                    [
                        27,
                        21
                    ],
                    [
                        26,
                        22
                    ],
                    [
                        25,
                        22
                    ],
                    [
                        23,
                        24
                    ],
                    [
                        21,
                        24
                    ],
                    [
                        20,
                        25
                    ],
                    [
                        19,
                        25
                    ],
                    [
                        19,
                        26
                    ],
                    [
                        18,
                        27
                    ],
                    [
                        18,
                        28
                    ],
                    [
                        17,
                        29
                    ],
                    [
                        17,
                        30
                    ],
                    [
                        16,
                        31
                    ],
                    [
                        16,
                        33
                    ],
                    [
                        17,
                        34
                    ],
                    [
                        17,
                        42
                    ],
                    [
                        18,
                        43
                    ],
                    [
                        18,
                        44
                    ],
                    [
                        19,
                        45
                    ],
                    [
                        19,
                        47
                    ],
                    [
                        20,
                        48
                    ],
                    [
                        20,
                        49
                    ],
                    [
                        21,
                        50
                    ],
                    [
                        21,
                        51
                    ],
                    [
                        22,
                        52
                    ],
                    [
                        22,
                        54
                    ],
                    [
                        23,
                        55
                    ],
                    [
                        23,
                        56
                    ],
                    [
                        28,
                        61
                    ],
                    [
                        29,
                        61
                    ],
                    [
                        30,
                        62
                    ],
                    [
                        31,
                        62
                    ],
                    [
                        32,
                        63
                    ],
                    [
                        33,
                        63
                    ],
                    [
                        34,
                        64
                    ],
                    [
                        35,
                        64
                    ],
                    [
                        36,
                        65
                    ],
                    [
                        37,
                        65
                    ],
                    [
                        38,
                        66
                    ],
                    [
                        39,
                        66
                    ],
                    [
                        40,
                        67
                    ],
                    [
                        41,
                        67
                    ],
                    [
                        42,
                        68
                    ],
                    [
                        43,
                        68
                    ],
                    [
                        44,
                        69
                    ],
                    [
                        50,
                        69
                    ],
                    [
                        51,
                        68
                    ],
                    [
                        53,
                        68
                    ],
                    [
                        54,
                        67
                    ],
                    [
                        55,
                        67
                    ],
                    [
                        57,
                        65
                    ],
                    [
                        58,
                        65
                    ],
                    [
                        65,
                        58
                    ],
                    [
                        66,
                        58
                    ],
                    [
                        69,
                        55
                    ],
                    [
                        70,
                        55
                    ],
                    [
                        71,
                        54
                    ],
                    [
                        73,
                        54
                    ],
                    [
                        74,
                        53
                    ],
                    [
                        77,
                        53
                    ],
                    [
                        79,
                        51
                    ],
                    [
                        80,
                        51
                    ],
                    [
                        83,
                        48
                    ],
                    [
                        83,
                        47
                    ],
                    [
                        86,
                        44
                    ],
                    [
                        86,
                        39
                    ],
                    [
                        87,
                        38
                    ],
                    [
                        87,
                        34
                    ],
                    [
                        86,
                        33
                    ],
                    [
                        86,
                        30
                    ],
                    [
                        83,
                        27
                    ],
                    [
                        81,
                        27
                    ],
                    [
                        79,
                        25
                    ],
                    [
                        78,
                        25
                    ],
                    [
                        77,
                        24
                    ],
                    [
                        76,
                        24
                    ],
                    [
                        72,
                        20
                    ],
                    [
                        72,
                        19
                    ],
                    [
                        71,
                        19
                    ],
                    [
                        69,
                        17
                    ],
                    [
                        68,
                        17
                    ],
                    [
                        66,
                        15
                    ],
                    [
                        65,
                        15
                    ],
                    [
                        64,
                        14
                    ],
                    [
                        63,
                        14
                    ],
                    [
                        62,
                        13
                    ]
                ]
            ],
            "group_id": null,
            "shape_type": "polygon",
            "flags": {}
        }
    ],
    "imagePath": "0.8910_good_tile_12_30_5.png",
    "imageData": null,
    "imageHeight": 224,
    "imageWidth": 224
}