{
    "version": "4.5.9",
    "flags": {},
    "shapes": [
        {
            "label": "foreground",
            "points": [
                [
                    [
                        45,
                        24
                    ],
                    [
                        44,
                        25
                    ],
                    [
                        41,
                        25
                    ],
                    [
                        39,
                        27
                    ],
                    [
                        37,
                        27
                    ],
                    [
                        36,
                        28
                    ],
                    [
                        35,
                        28
                    ],
                    [
                        30,
                        33
                    ],
                    [
                        30,
                        34
                    ],
                    [
                        29,
                        35
                    ],
                    [
                        29,
                        36
                    ],
                    [
                        28,
                        37
                    ],
                    [
                        28,
                        41
                    ],
                    [
                        27,
                        42
                    ],
                    [
                        27,
                        46
                    ],
                    [
                        26,
                        47
                    ],
                    [
                        26,
                        50
                    ],
                    [
                        25,
                        51
                    ],
                    [
                        25,
                        52
                    ],
                    [
                        24,
                        53
                    ],
                    [
                        24,
                        62
                    ],
                    [
                        25,
                        63
                    ],
                    [
                        25,
                        67
                    ],
                    [
                        26,
                        68
                    ],
                    [
                        26,
                        71
                    ],
                    [
                        27,
                        72
                    ],
                    [
                        27,
                        74
                    ],
                    [
                        28,
                        74
                    ],
                    [
                        30,
                        76
                    ],
                    [
                        31,
                        76
                    ],
                    [
                        32,
                        77
                    ],
                    [
                        33,
                        77
                    ],
                    [
                        35,
                        79
                    ],
                    [
                        38,
                        79
                    ],
                    [
                        40,
                        81
                    ],
                    [
                        41,
                        81
                    ],
                    [
                        42,
                        82
                    ],
                    [
                        43,
                        82
                    ],
                    [
                        44,
                        81
                    ],
                    [
                        47,
                        81
                    ],
                    [
                        48,
                        82
                    ],
                    [
                        50,
                        80
                    ],
                    [
                        51,
                        80
                    ],
                    [
                        52,
                        79
                    ],
                    [
                        53,
                        79
                    ],
                    [
                        55,
                        77
                    ],
                    [
                        58,
                        77
                    ],
                    [
                        60,
                        79
                    ],
                    [
                        62,
                        79
                    ],
                    [
                        63,
                        80
                    ],
                    [
                        65,
                        80
                    ],
                    [
                        67,
                        82
                    ],
                    [
                        68,
                        82
                    ],
                    [
                        69,
                        83
                    ],
                    [
                        70,
                        83
                    ],
                    [
                        71,
                        82
                    ],
                    [
                        78,
                        82
                    ],
                    [
                        79,
                        81
                    ],
                    [
                        81,
                        81
                    ],
                    [
                        82,
                        80
                    ],
                    [
                        83,
                        80
                    ],
                    [
                        84,
                        79
                    ],
                    [
                        85,
                        79
                    ],
                    [
                        86,
                        78
                    ],
                    [
                        87,
                        78
                    ],
                    [
                        88,
                        77
                    ],
                    [
                        91,
                        77
                    ],
                    [
                        92,
                        76
                    ],
                    [
                        94,
                        76
                    ],
                    [
                        94,
                        66
                    ],
                    [
                        93,
                        65
                    ],
                    [
                        93,
                        64
                    ],
                    [
                        92,
                        63
                    ],
                    [
                        92,
                        62
                    ],
                    [
                        90,
                        60
                    ],
                    [
                        90,
                        59
                    ],
                    [
                        89,
                        58
                    ],
                    [
                        89,
                        57
                    ],
                    [
                        88,
                        56
                    ],
                    [
                        87,
                        56
                    ],
                    [
                        81,
                        50
                    ],
                    [
                        81,
                        49
                    ],
                    [
                        80,
                        49
                    ],
                    [
                        75,
                        44
                    ],
                    [
                        75,
                        43
                    ],
                    [
                        74,
                        42
                    ],
                    [
                        74,
                        41
                    ],
                    [
                        71,
                        38
                    ],
                    [
                        71,
                        37
                    ],
                    [
                        70,
                        36
                    ],
                    [
                        70,
                        35
                    ],
                    [
                        67,
                        32
                    ],
                    [
                        67,
                        31
                    ],
                    [
                        65,
                        29
                    ],
                    [
                        64,
                        29
                    ],
                    [
                        63,
                        28
                    ],
                    [
                        62,
                        28
                    ],
                    [
                        60,
                        26
                    ],
                    [
                        59,
                        26
                    ],
                    [
                        58,
                        25
                    ],
                    [
                        56,
                        25
                    ],
                    [
                        55,
                        24
                    ]
                ]
            ],
            "group_id": null,
            "shape_type": "polygon",
            "flags": {}
        }
    ],
    "imagePath": "0.9055_good_tile_10_29_11.png",
    "imageData": null,
    "imageHeight": 224,
    "imageWidth": 224
}