{
    "version": "4.5.9",
    "flags": {},
    "shapes": [
        {
            "label": "foreground",
            "points": [
                [
                    [
                        45,
                        18
                    ],
                    [
                        44,
                        19
                    ],
                    [
                        42,
                        19
                    ],
                    [
                        39,
                        22
                    ],
                    [
                        36,
                        22
                    ],
                    [
                        35,
                        23
                    ],
                    [
                        27,
                        23
                    ],
                    [
                        26,
                        24
                    ],
                    [
                        25,
                        24
                    ],
                    [
                        24,
                        25
                    ],
                    [
                        23,
                        25
                    ],
                    [
                        20,
                        28
                    ],
                    [
                        20,
                        29
                    ],
                    [
                        19,
                        30
                    ],
                    [
                        19,
                        32
                    ],
                    [
                        18,
                        33
                    ],
                    [
                        18,
                        35
                    ],
                    [
                        19,
                        36
                    ],
                    [
                        19,
                        37
                    ],
                    [
                        20,
                        38
                    ],
                    [
                        20,
                        41
                    ],
                    [
                        21,
                        42
                    ],
                    [
                        21,
                        44
                    ],
                    [
                        22,
                        45
                    ],
                    [
                        22,
                        46
                    ],
                    [
                        24,
                        48
                    ],
                    [
                        24,
                        50
                    ],
                    [
                        25,
                        51
                    ],
                    [
                        25,
                        52
                    ],
                    [
                        28,
                        55
                    ],
                    [
                        32,
                        55
                    ],
                    [
                        33,
                        54
                    ],
                    [
                        35,
                        54
                    ],
                    [
                        36,
                        55
                    ],
                    [
                        37,
                        55
                    ],
                    [
                        38,
                        56
                    ],
                    [
                        39,
                        56
                    ],
                    [
                        40,
                        55
                    ],
                    [
                        45,
                        55
                    ],
                    [
                        46,
                        56
                    ],
                    [
                        48,
                        56
                    ],
                    [
                        49,
                        55
                    ],
                    [
                        51,
                        55
                    ],
                    [
                        52,
                        54
                    ],
                    [
                        53,
                        54
                    ],
                    [
                        54,
                        53
                    ],
                    [
                        55,
                        53
                    ],
                    [
                        59,
                        49
                    ],
                    [
                        59,
                        48
                    ],
                    [
                        61,
                        46
                    ],
                    [
                        62,
                        46
                    ],
                    [
                        67,
                        41
                    ],
                    [
                        67,
                        40
                    ],
                    [
                        68,
                        39
                    ],
                    [
                        68,
                        34
                    ],
                    [
                        67,
                        33
                    ],
                    [
                        67,
                        29
                    ],
                    [
                        66,
                        28
                    ],
                    [
                        65,
                        28
                    ],
                    [
                        63,
                        26
                    ],
                    [
                        63,
                        24
                    ],
                    [
                        62,
                        23
                    ],
                    [
                        60,
                        23
                    ],
                    [
                        59,
                        22
                    ],
                    [
                        58,
                        22
                    ],
                    [
                        57,
                        21
                    ],
                    [
                        56,
                        21
                    ],
                    [
                        55,
                        20
                    ],
                    [
                        50,
                        20
                    ],
                    [
                        49,
                        19
                    ],
                    [
                        48,
                        19
                    ],
                    [
                        47,
                        18
                    ]
                ]
            ],
            "group_id": null,
            "shape_type": "polygon",
            "flags": {}
        }
    ],
    "imagePath": "0.9097_good_tile_10_29_9.png",
    "imageData": null,
    "imageHeight": 224,
    "imageWidth": 224
}