{
    "version": "4.5.9",
    "flags": {},
    "shapes": [
        {
            "label": "foreground",
            "points": [
                [
                    [
                        2,
                        2
                    ],
                    [
                        3,
                        3
                    ],
                    [
                        3,
                        15
                    ],
                    [
                        2,
                        16
                    ],
                    [
                        2,
                        22
                    ],
                    [
                        3,
                        22
                    ],
                    [
                        4,
                        21
                    ],
                    [
                        6,
                        23
                    ],
                    [
                        6,
                        29
                    ],
                    [
                        7,
                        30
                    ],
                    [
                        7,
                        32
                    ],
                    [
                        9,
                        34
                    ],
                    [
                        9,
                        35
                    ],
                    [
                        10,
                        35
                    ],
                    [
                        14,
                        39
                    ],
                    [
                        16,
                        39
                    ],
                    [
                        17,
                        40
                    ],
                    [
                        18,
                        40
                    ],
                    [
                        20,
                        42
                    ],
                    [
                        23,
                        42
                    ],
                    [
                        24,
                        41
                    ],
                    [
                        27,
                        41
                    ],
                    [
                        33,
                        35
                    ],
                    [
                        33,
                        34
                    ],
                    [
                        34,
                        33
                    ],
                    [
                        34,
                        31
                    ],
                    [
                        36,
                        29
                    ],
                    [
                        36,
                        20
                    ],
                    [
                        34,
                        18
                    ],
                    [
                        34,
                        16
                    ],
                    [
                        31,
                        13
                    ],
                    [
                        30,
                        13
                    ],
                    [
                        29,
                        12
                    ],
                    [
                        28,
                        12
                    ],
                    [
                        27,
                        11
                    ],
                    [
                        25,
                        11
                    ],
                    [
                        24,
                        10
                    ],
                    [
                        16,
                        10
                    ],
                    [
                        15,
                        11
                    ],
                    [
                        14,
                        11
                    ],
                    [
                        11,
                        14
                    ],
                    [
                        11,
                        15
                    ],
                    [
                        10,
                        16
                    ],
                    [
                        6,
                        16
                    ],
                    [
                        5,
                        15
                    ],
                    [
                        5,
                        12
                    ],
                    [
                        8,
                        9
                    ],
                    [
                        8,
                        8
                    ],
                    [
                        6,
                        6
                    ],
                    [
                        5,
                        6
                    ],
                    [
                        4,
                        5
                    ],
                    [
                        4,
                        3
                    ],
                    [
                        5,
                        2
                    ]
                ]
            ],
            "group_id": null,
            "shape_type": "polygon",
            "flags": {}
        }
    ],
    "imagePath": "0.9136_good_tile_40_15_9.png",
    "imageData": null,
    "imageHeight": 224,
    "imageWidth": 224
}