{
    "version": "4.5.9",
    "flags": {},
    "shapes": [
        {
            "label": "foreground",
            "points": [
                [
                    [
                        26,
                        17
                    ],
                    [
                        26,
                        18
                    ],
                    [
                        25,
                        19
                    ],
                    [
                        25,
                        20
                    ],
                    [
                        24,
                        21
                    ],
                    [
                        24,
                        22
                    ],
                    [
                        21,
                        25
                    ],
                    [
                        19,
                        25
                    ],
                    [
                        18,
                        24
                    ],
                    [
                        18,
                        23
                    ],
                    [
                        16,
                        23
                    ],
                    [
                        15,
                        24
                    ],
                    [
                        15,
                        26
                    ],
                    [
                        16,
                        27
                    ],
                    [
                        17,
                        27
                    ],
                    [
                        18,
                        28
                    ],
                    [
                        19,
                        28
                    ],
                    [
                        20,
                        27
                    ],
                    [
                        25,
                        32
                    ],
                    [
                        26,
                        32
                    ],
                    [
                        29,
                        35
                    ],
                    [
                        30,
                        35
                    ],
                    [
                        32,
                        37
                    ],
                    [
                        33,
                        37
                    ],
                    [
                        35,
                        39
                    ],
                    [
                        36,
                        39
                    ],
                    [
                        37,
                        40
                    ],
                    [
                        38,
                        40
                    ],
                    [
                        39,
                        41
                    ],
                    [
                        40,
                        41
                    ],
                    [
                        41,
                        42
                    ],
                    [
                        44,
                        42
                    ],
                    [
                        45,
                        43
                    ],
                    [
                        48,
                        43
                    ],
                    [
                        49,
                        44
                    ],
                    [
                        50,
                        44
                    ],
                    [
                        52,
                        46
                    ],
                    [
                        54,
                        46
                    ],
                    [
                        55,
                        47
                    ],
                    [
                        56,
                        47
                    ],
                    [
                        57,
                        48
                    ],
                    [
                        58,
                        48
                    ],
                    [
                        59,
                        49
                    ],
                    [
                        63,
                        49
                    ],
                    [
                        66,
                        46
                    ],
                    [
                        66,
                        44
                    ],
                    [
                        65,
                        43
                    ],
                    [
                        65,
                        42
                    ],
                    [
                        64,
                        41
                    ],
                    [
                        63,
                        41
                    ],
                    [
                        62,
                        40
                    ],
                    [
                        60,
                        40
                    ],
                    [
                        59,
                        39
                    ],
                    [
                        57,
                        39
                    ],
                    [
                        55,
                        37
                    ],
                    [
                        55,
                        34
                    ],
                    [
                        51,
                        30
                    ],
                    [
                        51,
                        29
                    ],
                    [
                        49,
                        27
                    ],
                    [
                        48,
                        27
                    ],
                    [
                        45,
                        24
                    ],
                    [
                        43,
                        24
                    ],
                    [
                        42,
                        23
                    ],
                    [
                        40,
                        23
                    ],
                    [
                        39,
                        22
                    ],
                    [
                        38,
                        22
                    ],
                    [
                        37,
                        21
                    ],
                    [
                        35,
                        21
                    ],
                    [
                        34,
                        20
                    ],
                    [
                        33,
                        20
                    ],
                    [
                        30,
                        17
                    ]
                ]
            ],
            "group_id": null,
            "shape_type": "polygon",
            "flags": {}
        }
    ],
    "imagePath": "0.9277_good_tile_24_47_4.png",
    "imageData": null,
    "imageHeight": 224,
    "imageWidth": 224
}