{
    "version": "4.5.9",
    "flags": {},
    "shapes": [
        {
            "label": "foreground",
            "points": [
                [
                    [
                        63,
                        19
                    ],
                    [
                        62,
                        20
                    ],
                    [
                        60,
                        20
                    ],
                    [
                        59,
                        21
                    ],
                    [
                        55,
                        21
                    ],
                    [
                        54,
                        22
                    ],
                    [
                        53,
                        22
                    ],
                    [
                        52,
                        23
                    ],
                    [
                        49,
                        23
                    ],
                    [
                        48,
                        24
                    ],
                    [
                        47,
                        24
                    ],
                    [
                        45,
                        26
                    ],
                    [
                        43,
                        26
                    ],
                    [
                        42,
                        27
                    ],
                    [
                        41,
                        27
                    ],
                    [
                        40,
                        28
                    ],
                    [
                        39,
                        28
                    ],
                    [
                        31,
                        36
                    ],
                    [
                        28,
                        36
                    ],
                    [
                        27,
                        37
                    ],
                    [
                        26,
                        37
                    ],
                    [
                        25,
                        38
                    ],
                    [
                        25,
                        39
                    ],
                    [
                        24,
                        40
                    ],
                    [
                        23,
                        40
                    ],
                    [
                        23,
                        41
                    ],
                    [
                        24,
                        42
                    ],
                    [
                        24,
                        43
                    ],
                    [
                        23,
                        44
                    ],
                    [
                        21,
                        44
                    ],
                    [
                        20,
                        45
                    ],
                    [
                        20,
                        46
                    ],
                    [
                        21,
                        47
                    ],
                    [
                        21,
                        51
                    ],
                    [
                        20,
                        52
                    ],
                    [
                        20,
                        53
                    ],
                    [
                        18,
                        55
                    ],
                    [
                        18,
                        56
                    ],
                    [
                        17,
                        57
                    ],
                    [
                        17,
                        59
                    ],
                    [
                        16,
                        60
                    ],
                    [
                        16,
                        72
                    ],
                    [
                        15,
                        73
                    ],
                    [
                        16,
                        74
                    ],
                    [
                        16,
                        77
                    ],
                    [
                        17,
                        78
                    ],
                    [
                        17,
                        79
                    ],
                    [
                        19,
                        81
                    ],
                    [
                        19,
                        82
                    ],
                    [
                        20,
                        83
                    ],
                    [
                        20,
                        84
                    ],
                    [
                        21,
                        84
                    ],
                    [
                        23,
                        86
                    ],
                    [
                        24,
                        86
                    ],
                    [
                        25,
                        87
                    ],
                    [
                        26,
                        87
                    ],
                    [
                        27,
                        88
                    ],
                    [
                        28,
                        88
                    ],
                    [
                        29,
                        89
                    ],
                    [
                        36,
                        89
                    ],
                    [
                        37,
                        88
                    ],
                    [
                        40,
                        88
                    ],
                    [
                        41,
                        87
                    ],
                    [
                        45,
                        87
                    ],
                    [
                        46,
                        86
                    ],
                    [
                        49,
                        86
                    ],
                    [
                        50,
                        85
                    ],
                    [
                        51,
                        85
                    ],
                    [
                        52,
                        84
                    ],
                    [
                        53,
                        84
                    ],
                    [
                        54,
                        83
                    ],
                    [
                        56,
                        83
                    ],
                    [
                        57,
                        82
                    ],
                    [
                        58,
                        82
                    ],
                    [
                        59,
                        81
                    ],
                    [
                        61,
                        81
                    ],
                    [
                        62,
                        80
                    ],
                    [
                        63,
                        80
                    ],
                    [
                        64,
                        79
                    ],
                    [
                        65,
                        79
                    ],
                    [
                        66,
                        78
                    ],
                    [
                        68,
                        78
                    ],
                    [
                        70,
                        76
                    ],
                    [
                        71,
                        76
                    ],
                    [
                        72,
                        75
                    ],
                    [
                        73,
                        75
                    ],
                    [
                        75,
                        73
                    ],
                    [
                        76,
                        73
                    ],
                    [
                        83,
                        66
                    ],
                    [
                        88,
                        66
                    ],
                    [
                        90,
                        68
                    ],
                    [
                        91,
                        68
                    ],
                    [
                        92,
                        67
                    ],
                    [
                        93,
                        67
                    ],
                    [
                        93,
                        66
                    ],
                    [
                        95,
                        64
                    ],
                    [
                        96,
                        64
                    ],
                    [
                        97,
                        63
                    ],
                    [
                        97,
                        62
                    ],
                    [
                        98,
                        61
                    ],
                    [
                        98,
                        60
                    ],
                    [
                        97,
                        59
                    ],
                    [
                        95,
                        61
                    ],
                    [
                        93,
                        59
                    ],
                    [
                        93,
                        58
                    ],
                    [
                        92,
                        57
                    ],
                    [
                        92,
                        55
                    ],
                    [
                        91,
                        54
                    ],
                    [
                        91,
                        53
                    ],
                    [
                        90,
                        52
                    ],
                    [
                        90,
                        51
                    ],
                    [
                        89,
                        50
                    ],
                    [
                        89,
                        48
                    ],
                    [
                        87,
                        46
                    ],
                    [
                        87,
                        45
                    ],
                    [
                        86,
                        44
                    ],
                    [
                        86,
                        43
                    ],
                    [
                        85,
                        42
                    ],
                    [
                        85,
                        41
                    ],
                    [
                        83,
                        39
                    ],
                    [
                        83,
                        36
                    ],
                    [
                        80,
                        33
                    ],
                    [
                        80,
                        32
                    ],
                    [
                        78,
                        30
                    ],
                    [
                        78,
                        29
                    ],
                    [
                        77,
                        29
                    ],
                    [
                        76,
                        28
                    ],
                    [
                        75,
                        28
                    ],
                    [
                        73,
                        26
                    ],
                    [
                        73,
                        25
                    ],
                    [
                        72,
                        24
                    ],
                    [
                        71,
                        24
                    ],
                    [
                        68,
                        21
                    ],
                    [
                        66,
                        21
                    ],
                    [
                        64,
                        19
                    ]
                ]
            ],
            "group_id": null,
            "shape_type": "polygon",
            "flags": {}
        }
    ],
    "imagePath": "0.9596_good_tile_40_15_13.png",
    "imageData": null,
    "imageHeight": 224,
    "imageWidth": 224
}