{
    "version": "4.5.9",
    "flags": {},
    "shapes": [
        {
            "label": "foreground",
            "points": [
                [
                    [
                        64,
                        24
                    ],
                    [
                        63,
                        25
                    ],
                    [
                        60,
                        25
                    ],
                    [
                        59,
                        26
                    ],
                    [
                        58,
                        26
                    ],
                    [
                        57,
                        27
                    ],
                    [
                        55,
                        27
                    ],
                    [
                        54,
                        28
                    ],
                    [
                        53,
                        28
                    ],
                    [
                        52,
                        29
                    ],
                    [
                        51,
                        29
                    ],
                    [
                        41,
                        39
                    ],
                    [
                        41,
                        40
                    ],
                    [
                        39,
                        42
                    ],
                    [
                        39,
                        43
                    ],
                    [
                        38,
                        44
                    ],
                    [
                        38,
                        45
                    ],
                    [
                        37,
                        46
                    ],
                    [
                        37,
                        48
                    ],
                    [
                        36,
                        49
                    ],
                    [
                        36,
                        52
                    ],
                    [
                        35,
                        53
                    ],
                    [
                        35,
                        56
                    ],
                    [
                        34,
                        57
                    ],
                    [
                        34,
                        58
                    ],
                    [
                        32,
                        60
                    ],
                    [
                        31,
                        60
                    ],
                    [
                        31,
                        61
                    ],
                    [
                        30,
                        62
                    ],
                    [
                        30,
                        63
                    ],
                    [
                        29,
                        64
                    ],
                    [
                        29,
                        66
                    ],
                    [
                        28,
                        67
                    ],
                    [
                        28,
                        71
                    ],
                    [
                        29,
                        72
                    ],
                    [
                        29,
                        73
                    ],
                    [
                        30,
                        74
                    ],
                    [
                        30,
                        75
                    ],
                    [
                        32,
                        77
                    ],
                    [
                        32,
                        78
                    ],
                    [
                        34,
                        80
                    ],
                    [
                        34,
                        81
                    ],
                    [
                        35,
                        82
                    ],
                    [
                        35,
                        83
                    ],
                    [
                        36,
                        84
                    ],
                    [
                        36,
                        85
                    ],
                    [
                        40,
                        89
                    ],
                    [
                        42,
                        89
                    ],
                    [
                        43,
                        90
                    ],
                    [
                        44,
                        89
                    ],
                    [
                        52,
                        89
                    ],
                    [
                        53,
                        88
                    ],
                    [
                        55,
                        88
                    ],
                    [
                        56,
                        87
                    ],
                    [
                        65,
                        87
                    ],
                    [
                        66,
                        86
                    ],
                    [
                        69,
                        86
                    ],
                    [
                        70,
                        85
                    ],
                    [
                        72,
                        85
                    ],
                    [
                        73,
                        84
                    ],
                    [
                        74,
                        84
                    ],
                    [
                        75,
                        83
                    ],
                    [
                        78,
                        83
                    ],
                    [
                        79,
                        84
                    ],
                    [
                        80,
                        84
                    ],
                    [
                        81,
                        85
                    ],
                    [
                        81,
                        86
                    ],
                    [
                        83,
                        88
                    ],
                    [
                        86,
                        88
                    ],
                    [
                        87,
                        87
                    ],
                    [
                        88,
                        87
                    ],
                    [
                        89,
                        86
                    ],
                    [
                        90,
                        86
                    ],
                    [
                        90,
                        85
                    ],
                    [
                        91,
                        84
                    ],
                    [
                        91,
                        82
                    ],
                    [
                        90,
                        81
                    ],
                    [
                        90,
                        78
                    ],
                    [
                        89,
                        77
                    ],
                    [
                        89,
                        76
                    ],
                    [
                        88,
                        75
                    ],
                    [
                        88,
                        74
                    ],
                    [
                        89,
                        73
                    ],
                    [
                        89,
                        68
                    ],
                    [
                        90,
                        67
                    ],
                    [
                        90,
                        65
                    ],
                    [
                        91,
                        64
                    ],
                    [
                        91,
                        62
                    ],
                    [
                        92,
                        61
                    ],
                    [
                        92,
                        55
                    ],
                    [
                        93,
                        54
                    ],
                    [
                        92,
                        53
                    ],
                    [
                        92,
                        46
                    ],
                    [
                        91,
                        45
                    ],
                    [
                        91,
                        43
                    ],
                    [
                        90,
                        42
                    ],
                    [
                        90,
                        39
                    ],
                    [
                        88,
                        37
                    ],
                    [
                        88,
                        36
                    ],
                    [
                        86,
                        34
                    ],
                    [
                        86,
                        32
                    ],
                    [
                        85,
                        32
                    ],
                    [
                        82,
                        29
                    ],
                    [
                        81,
                        29
                    ],
                    [
                        79,
                        27
                    ],
                    [
                        77,
                        27
                    ],
                    [
                        76,
                        26
                    ],
                    [
                        75,
                        26
                    ],
                    [
                        74,
                        25
                    ],
                    [
                        67,
                        25
                    ],
                    [
                        66,
                        24
                    ]
                ]
            ],
            "group_id": null,
            "shape_type": "polygon",
            "flags": {}
        }
    ],
    "imagePath": "0.9607_good_tile_12_30_4.png",
    "imageData": null,
    "imageHeight": 224,
    "imageWidth": 224
}