{
    "version": "4.5.9",
    "flags": {},
    "shapes": [
        {
            "label": "foreground",
            "points": [
                [
                    [
                        45,
                        15
                    ],
                    [
                        44,
                        16
                    ],
                    [
                        34,
                        16
                    ],
                    [
                        32,
                        18
                    ],
                    [
                        29,
                        18
                    ],
                    [
                        28,
                        19
                    ],
                    [
                        27,
                        19
                    ],
                    [
                        24,
                        22
                    ],
                    [
                        24,
                        23
                    ],
                    [
                        21,
                        26
                    ],
                    [
                        21,
                        27
                    ],
                    [
                        20,
                        28
                    ],
                    [
                        20,
                        29
                    ],
                    [
                        18,
                        31
                    ],
                    [
                        18,
                        33
                    ],
                    [
                        17,
                        34
                    ],
                    [
                        17,
                        35
                    ],
                    [
                        16,
                        36
                    ],
                    [
                        16,
                        47
                    ],
                    [
                        17,
                        48
                    ],
                    [
                        17,
                        51
                    ],
                    [
                        18,
                        52
                    ],
                    [
                        18,
                        55
                    ],
                    [
                        19,
                        56
                    ],
                    [
                        19,
                        58
                    ],
                    [
                        20,
                        59
                    ],
                    [
                        20,
                        60
                    ],
                    [
                        21,
                        61
                    ],
                    [
                        21,
                        62
                    ],
                    [
                        23,
                        64
                    ],
                    [
                        24,
                        64
                    ],
                    [
                        25,
                        65
                    ],
                    [
                        27,
                        65
                    ],
                    [
                        29,
                        67
                    ],
                    [
                        31,
                        67
                    ],
                    [
                        32,
                        68
                    ],
                    [
                        34,
                        68
                    ],
                    [
                        35,
                        67
                    ],
                    [
                        42,
                        67
                    ],
                    [
                        43,
                        66
                    ],
                    [
                        49,
                        66
                    ],
                    [
                        50,
                        65
                    ],
                    [
                        52,
                        65
                    ],
                    [
                        53,
                        64
                    ],
                    [
                        55,
                        64
                    ],
                    [
                        56,
                        63
                    ],
                    [
                        58,
                        63
                    ],
                    [
                        59,
                        62
                    ],
                    [
                        60,
                        62
                    ],
                    [
                        61,
                        61
                    ],
                    [
                        62,
                        61
                    ],
                    [
                        64,
                        59
                    ],
                    [
                        65,
                        59
                    ],
                    [
                        71,
                        53
                    ],
                    [
                        71,
                        52
                    ],
                    [
                        72,
                        51
                    ],
                    [
                        73,
                        51
                    ],
                    [
                        74,
                        50
                    ],
                    [
                        76,
                        52
                    ],
                    [
                        76,
                        50
                    ],
                    [
                        77,
                        49
                    ],
                    [
                        77,
                        48
                    ],
                    [
                        78,
                        47
                    ],
                    [
                        79,
                        48
                    ],
                    [
                        79,
                        49
                    ],
                    [
                        80,
                        50
                    ],
                    [
                        80,
                        51
                    ],
                    [
                        81,
                        52
                    ],
                    [
                        81,
                        44
                    ],
                    [
                        81,
                        45
                    ],
                    [
                        80,
                        46
                    ],
                    [
                        79,
                        46
                    ],
                    [
                        76,
                        43
                    ],
                    [
                        76,
                        42
                    ],
                    [
                        77,
                        41
                    ],
                    [
                        77,
                        39
                    ],
                    [
                        78,
                        38
                    ],
                    [
                        78,
                        35
                    ],
                    [
                        77,
                        34
                    ],
                    [
                        78,
                        33
                    ],
                    [
                        78,
                        32
                    ],
                    [
                        77,
                        31
                    ],
                    [
                        77,
                        27
                    ],
                    [
                        76,
                        26
                    ],
                    [
                        76,
                        25
                    ],
                    [
                        75,
                        24
                    ],
                    [
                        75,
                        23
                    ],
                    [
                        73,
                        21
                    ],
                    [
                        73,
                        20
                    ],
                    [
                        72,
                        19
                    ],
                    [
                        71,
                        19
                    ],
                    [
                        69,
                        17
                    ],
                    [
                        68,
                        17
                    ],
                    [
                        67,
                        16
                    ],
                    [
                        65,
                        16
                    ],
                    [
                        64,
                        15
                    ]
                ]
            ],
            "group_id": null,
            "shape_type": "polygon",
            "flags": {}
        }
    ],
    "imagePath": "0.9625_good_tile_40_15_6.png",
    "imageData": null,
    "imageHeight": 224,
    "imageWidth": 224
}