{
    "version": "4.5.9",
    "flags": {},
    "shapes": [
        {
            "label": "foreground",
            "points": [
                [
                    [
                        29,
                        13
                    ],
                    [
                        28,
                        14
                    ],
                    [
                        26,
                        14
                    ],
                    [
                        24,
                        16
                    ],
                    [
                        23,
                        16
                    ],
                    [
                        23,
                        17
                    ],
                    [
                        20,
                        20
                    ],
                    [
                        20,
                        21
                    ],
                    [
                        19,
                        22
                    ],
                    [
                        19,
                        23
                    ],
                    [
                        18,
                        24
                    ],
                    [
                        18,
                        25
                    ],
                    [
                        17,
                        26
                    ],
                    [
                        17,
                        27
                    ],
                    [
                        15,
                        29
                    ],
                    [
                        15,
                        30
                    ],
                    [
                        13,
                        32
                    ],
                    [
                        13,
                        33
                    ],
                    [
                        12,
                        34
                    ],
                    [
                        12,
                        36
                    ],
                    [
                        11,
                        37
                    ],
                    [
                        11,
                        39
                    ],
                    [
                        12,
                        40
                    ],
                    [
                        12,
                        41
                    ],
                    [
                        14,
                        43
                    ],
                    [
                        14,
                        44
                    ],
                    [
                        17,
                        47
                    ],
                    [
                        18,
                        47
                    ],
                    [
                        19,
                        48
                    ],
                    [
                        20,
                        48
                    ],
                    [
                        21,
                        49
                    ],
                    [
                        27,
                        49
                    ],
                    [
                        28,
                        50
                    ],
                    [
                        29,
                        49
                    ],
                    [
                        31,
                        49
                    ],
                    [
                        32,
                        48
                    ],
                    [
                        33,
                        48
                    ],
                    [
                        38,
                        43
                    ],
                    [
                        38,
                        42
                    ],
                    [
                        41,
                        39
                    ],
                    [
                        41,
                        38
                    ],
                    [
                        42,
                        37
                    ],
                    [
                        42,
                        36
                    ],
                    [
                        44,
                        34
                    ],
                    [
                        44,
                        25
                    ],
                    [
                        43,
                        24
                    ],
                    [
                        43,
                        22
                    ],
                    [
                        42,
                        21
                    ],
                    [
                        42,
                        20
                    ],
                    [
                        41,
                        19
                    ],
                    [
                        41,
                        18
                    ],
                    [
                        40,
                        17
                    ],
                    [
                        40,
                        16
                    ],
                    [
                        39,
                        15
                    ],
                    [
                        37,
                        15
                    ],
                    [
                        36,
                        14
                    ],
                    [
                        33,
                        14
                    ],
                    [
                        32,
                        13
                    ]
                ]
            ],
            "group_id": null,
            "shape_type": "polygon",
            "flags": {}
        }
    ],
    "imagePath": "0.9848_good_tile_61_22_3.png",
    "imageData": null,
    "imageHeight": 224,
    "imageWidth": 224
}