{
    "version": "4.5.9",
    "flags": {},
    "shapes": [
        {
            "label": "foreground",
            "points": [
                [
                    [
                        45,
                        16
                    ],
                    [
                        44,
                        17
                    ],
                    [
                        41,
                        17
                    ],
                    [
                        40,
                        18
                    ],
                    [
                        39,
                        18
                    ],
                    [
                        38,
                        19
                    ],
                    [
                        37,
                        19
                    ],
                    [
                        35,
                        21
                    ],
                    [
                        34,
                        21
                    ],
                    [
                        33,
                        22
                    ],
                    [
                        32,
                        22
                    ],
                    [
                        29,
                        25
                    ],
                    [
                        28,
                        25
                    ],
                    [
                        24,
                        29
                    ],
                    [
                        23,
                        29
                    ],
                    [
                        23,
                        30
                    ],
                    [
                        19,
                        34
                    ],
                    [
                        19,
                        35
                    ],
                    [
                        17,
                        37
                    ],
                    [
                        17,
                        38
                    ],
                    [
                        16,
                        39
                    ],
                    [
                        16,
                        40
                    ],
                    [
                        15,
                        41
                    ],
                    [
                        15,
                        42
                    ],
                    [
                        14,
                        43
                    ],
                    [
                        14,
                        45
                    ],
                    [
                        13,
                        46
                    ],
                    [
                        13,
                        48
                    ],
                    [
                        12,
                        49
                    ],
                    [
                        12,
                        54
                    ],
                    [
                        13,
                        55
                    ],
                    [
                        13,
                        56
                    ],
                    [
                        15,
                        58
                    ],
                    [
                        15,
                        60
                    ],
                    [
                        16,
                        61
                    ],
                    [
                        16,
                        62
                    ],
                    [
                        17,
                        63
                    ],
                    [
                        17,
                        64
                    ],
                    [
                        20,
                        67
                    ],
                    [
                        21,
                        67
                    ],
                    [
                        22,
                        68
                    ],
                    [
                        23,
                        68
                    ],
                    [
                        24,
                        69
                    ],
                    [
                        25,
                        69
                    ],
                    [
                        27,
                        71
                    ],
                    [
                        28,
                        71
                    ],
                    [
                        30,
                        73
                    ],
                    [
                        31,
                        73
                    ],
                    [
                        32,
                        74
                    ],
                    [
                        33,
                        74
                    ],
                    [
                        35,
                        76
                    ],
                    [
                        40,
                        76
                    ],
                    [
                        41,
                        77
                    ],
                    [
                        55,
                        77
                    ],
                    [
                        56,
                        76
                    ],
                    [
                        61,
                        76
                    ],
                    [
                        62,
                        75
                    ],
                    [
                        63,
                        75
                    ],
                    [
                        66,
                        72
                    ],
                    [
                        68,
                        72
                    ],
                    [
                        71,
                        69
                    ],
                    [
                        72,
                        69
                    ],
                    [
                        73,
                        68
                    ],
                    [
                        74,
                        68
                    ],
                    [
                        75,
                        67
                    ],
                    [
                        75,
                        66
                    ],
                    [
                        78,
                        63
                    ],
                    [
                        79,
                        63
                    ],
                    [
                        80,
                        62
                    ],
                    [
                        82,
                        62
                    ],
                    [
                        83,
                        61
                    ],
                    [
                        84,
                        61
                    ],
                    [
                        85,
                        60
                    ],
                    [
                        85,
                        58
                    ],
                    [
                        86,
                        57
                    ],
                    [
                        86,
                        53
                    ],
                    [
                        87,
                        52
                    ],
                    [
                        87,
                        49
                    ],
                    [
                        88,
                        48
                    ],
                    [
                        87,
                        47
                    ],
                    [
                        87,
                        46
                    ],
                    [
                        86,
                        45
                    ],
                    [
                        84,
                        45
                    ],
                    [
                        82,
                        43
                    ],
                    [
                        82,
                        42
                    ],
                    [
                        81,
                        41
                    ],
                    [
                        81,
                        40
                    ],
                    [
                        80,
                        39
                    ],
                    [
                        80,
                        38
                    ],
                    [
                        79,
                        37
                    ],
                    [
                        79,
                        35
                    ],
                    [
                        78,
                        34
                    ],
                    [
                        78,
                        33
                    ],
                    [
                        72,
                        27
                    ],
                    [
                        72,
                        25
                    ],
                    [
                        71,
                        25
                    ],
                    [
                        70,
                        24
                    ],
                    [
                        69,
                        24
                    ],
                    [
                        66,
                        21
                    ],
                    [
                        65,
                        21
                    ],
                    [
                        64,
                        20
                    ],
                    [
                        63,
                        20
                    ],
                    [
                        62,
                        19
                    ],
                    [
                        60,
                        19
                    ],
                    [
                        59,
                        18
                    ],
                    [
                        58,
                        18
                    ],
                    [
                        57,
                        17
                    ],
                    [
                        55,
                        17
                    ],
                    [
                        54,
                        16
                    ],
                    [
                        53,
                        17
                    ],
                    [
                        52,
                        17
                    ],
                    [
                        51,
                        16
                    ]
                ]
            ],
            "group_id": null,
            "shape_type": "polygon",
            "flags": {}
        }
    ],
    "imagePath": "0.9956_good_tile_12_30_2.png",
    "imageData": null,
    "imageHeight": 224,
    "imageWidth": 224
}