{
    "version": "4.5.9",
    "flags": {},
    "shapes": [
        {
            "label": "foreground",
            "points": [
                [
                    [
                        29,
                        15
                    ],
                    [
                        28,
                        16
                    ],
                    [
                        27,
                        16
                    ],
                    [
                        26,
                        17
                    ],
                    [
                        25,
                        16
                    ],
                    [
                        22,
                        16
                    ],
                    [
                        20,
                        18
                    ],
                    [
                        19,
                        18
                    ],
                    [
                        17,
                        20
                    ],
                    [
                        17,
                        22
                    ],
                    [
                        16,
                        23
                    ],
                    [
                        16,
                        24
                    ],
                    [
                        14,
                        26
                    ],
                    [
                        13,
                        26
                    ],
                    [
                        12,
                        27
                    ],
                    [
                        12,
                        33
                    ],
                    [
                        13,
                        34
                    ],
                    [
                        13,
                        43
                    ],
                    [
                        14,
                        44
                    ],
                    [
                        14,
                        46
                    ],
                    [
                        15,
                        47
                    ],
                    [
                        15,
                        48
                    ],
                    [
                        16,
                        48
                    ],
                    [
                        21,
                        53
                    ],
                    [
                        26,
                        53
                    ],
                    [
                        27,
                        54
                    ],
                    [
                        28,
                        54
                    ],
                    [
                        29,
                        53
                    ],
                    [
                        32,
                        53
                    ],
                    [
                        33,
                        52
                    ],
                    [
                        34,
                        52
                    ],
                    [
                        35,
                        51
                    ],
                    [
                        36,
                        51
                    ],
                    [
                        37,
                        50
                    ],
                    [
                        39,
                        50
                    ],
                    [
                        44,
                        45
                    ],
                    [
                        44,
                        44
                    ],
                    [
                        46,
                        42
                    ],
                    [
                        46,
                        35
                    ],
                    [
                        47,
                        34
                    ],
                    [
                        47,
                        31
                    ],
                    [
                        46,
                        30
                    ],
                    [
                        46,
                        26
                    ],
                    [
                        44,
                        24
                    ],
                    [
                        44,
                        23
                    ],
                    [
                        43,
                        22
                    ],
                    [
                        43,
                        21
                    ],
                    [
                        41,
                        19
                    ],
                    [
                        40,
                        19
                    ],
                    [
                        39,
                        18
                    ],
                    [
                        38,
                        18
                    ],
                    [
                        37,
                        17
                    ],
                    [
                        34,
                        17
                    ],
                    [
                        33,
                        16
                    ],
                    [
                        31,
                        16
                    ],
                    [
                        30,
                        15
                    ]
                ]
            ],
            "group_id": null,
            "shape_type": "polygon",
            "flags": {}
        }
    ],
    "imagePath": "0.9968_good_tile_24_47_7.png",
    "imageData": null,
    "imageHeight": 224,
    "imageWidth": 224
}