{
    "version": "4.5.9",
    "flags": {},
    "shapes": [
        {
            "label": "foreground",
            "points": [
                [
                    [
                        50,
                        17
                    ],
                    [
                        49,
                        18
                    ],
                    [
                        44,
                        18
                    ],
                    [
                        43,
                        19
                    ],
                    [
                        42,
                        19
                    ],
                    [
                        40,
                        21
                    ],
                    [
                        39,
                        21
                    ],
                    [
                        38,
                        22
                    ],
                    [
                        37,
                        22
                    ],
                    [
                        35,
                        24
                    ],
                    [
                        34,
                        24
                    ],
                    [
                        33,
                        25
                    ],
                    [
                        32,
                        25
                    ],
                    [
                        30,
                        27
                    ],
                    [
                        29,
                        27
                    ],
                    [
                        28,
                        28
                    ],
                    [
                        28,
                        29
                    ],
                    [
                        27,
                        30
                    ],
                    [
                        27,
                        31
                    ],
                    [
                        26,
                        32
                    ],
                    [
                        26,
                        33
                    ],
                    [
                        24,
                        35
                    ],
                    [
                        24,
                        36
                    ],
                    [
                        23,
                        37
                    ],
                    [
                        23,
                        38
                    ],
                    [
                        22,
                        39
                    ],
                    [
                        22,
                        40
                    ],
                    [
                        20,
                        42
                    ],
                    [
                        20,
                        43
                    ],
                    [
                        19,
                        44
                    ],
                    [
                        19,
                        64
                    ],
                    [
                        20,
                        65
                    ],
                    [
                        20,
                        69
                    ],
                    [
                        21,
                        70
                    ],
                    [
                        21,
                        72
                    ],
                    [
                        22,
                        73
                    ],
                    [
                        22,
                        74
                    ],
                    [
                        23,
                        75
                    ],
                    [
                        23,
                        76
                    ],
                    [
                        24,
                        77
                    ],
                    [
                        24,
                        78
                    ],
                    [
                        28,
                        82
                    ],
                    [
                        28,
                        83
                    ],
                    [
                        32,
                        87
                    ],
                    [
                        32,
                        88
                    ],
                    [
                        34,
                        90
                    ],
                    [
                        34,
                        92
                    ],
                    [
                        35,
                        93
                    ],
                    [
                        35,
                        95
                    ],
                    [
                        36,
                        96
                    ],
                    [
                        36,
                        98
                    ],
                    [
                        39,
                        101
                    ],
                    [
                        40,
                        101
                    ],
                    [
                        41,
                        102
                    ],
                    [
                        42,
                        102
                    ],
                    [
                        46,
                        106
                    ],
                    [
                        47,
                        106
                    ],
                    [
                        49,
                        108
                    ],
                    [
                        50,
                        108
                    ],
                    [
                        51,
                        109
                    ],
                    [
                        54,
                        109
                    ],
                    [
                        55,
                        110
                    ],
                    [
                        59,
                        110
                    ],
                    [
                        60,
                        109
                    ],
                    [
                        61,
                        109
                    ],
                    [
                        62,
                        108
                    ],
                    [
                        62,
                        104
                    ],
                    [
                        63,
                        103
                    ],
                    [
                        63,
                        100
                    ],
                    [
                        66,
                        97
                    ],
                    [
                        66,
                        96
                    ],
                    [
                        68,
                        94
                    ],
                    [
                        70,
                        94
                    ],
                    [
                        74,
                        90
                    ],
                    [
                        74,
                        89
                    ],
                    [
                        77,
                        86
                    ],
                    [
                        77,
                        85
                    ],
                    [
                        78,
                        84
                    ],
                    [
                        78,
                        82
                    ],
                    [
                        79,
                        81
                    ],
                    [
                        79,
                        80
                    ],
                    [
                        81,
                        78
                    ],
                    [
                        81,
                        77
                    ],
                    [
                        83,
                        75
                    ],
                    [
                        83,
                        73
                    ],
                    [
                        84,
                        72
                    ],
                    [
                        84,
                        71
                    ],
                    [
                        85,
                        70
                    ],
                    [
                        85,
                        68
                    ],
                    [
                        86,
                        67
                    ],
                    [
                        86,
                        58
                    ],
                    [
                        87,
                        57
                    ],
                    [
                        87,
                        47
                    ],
                    [
                        86,
                        46
                    ],
                    [
                        86,
                        43
                    ],
                    [
                        85,
                        42
                    ],
                    [
                        85,
                        41
                    ],
                    [
                        84,
                        40
                    ],
                    [
                        84,
                        39
                    ],
                    [
                        83,
                        38
                    ],
                    [
                        83,
                        36
                    ],
                    [
                        82,
                        35
                    ],
                    [
                        82,
                        34
                    ],
                    [
                        81,
                        33
                    ],
                    [
                        81,
                        31
                    ],
                    [
                        79,
                        29
                    ],
                    [
                        79,
                        28
                    ],
                    [
                        78,
                        28
                    ],
                    [
                        77,
                        27
                    ],
                    [
                        77,
                        26
                    ],
                    [
                        75,
                        24
                    ],
                    [
                        74,
                        24
                    ],
                    [
                        73,
                        23
                    ],
                    [
                        71,
                        23
                    ],
                    [
                        69,
                        21
                    ],
                    [
                        68,
                        21
                    ],
                    [
                        67,
                        20
                    ],
                    [
                        66,
                        20
                    ],
                    [
                        65,
                        19
                    ],
                    [
                        64,
                        19
                    ],
                    [
                        63,
                        18
                    ],
                    [
                        62,
                        18
                    ],
                    [
                        61,
                        17
                    ]
                ]
            ],
            "group_id": null,
            "shape_type": "polygon",
            "flags": {}
        }
    ],
    "imagePath": "0.9949_good_tile_12_30_7.png",
    "imageData": null,
    "imageHeight": 224,
    "imageWidth": 224
}