{
    "version": "4.5.9",
    "flags": {},
    "shapes": [
        {
            "label": "foreground",
            "points": [
                [
                    [
                        49,
                        15
                    ],
                    [
                        48,
                        16
                    ],
                    [
                        46,
                        16
                    ],
                    [
                        45,
                        17
                    ],
                    [
                        44,
                        17
                    ],
                    [
                        43,
                        18
                    ],
                    [
                        41,
                        18
                    ],
                    [
                        40,
                        19
                    ],
                    [
                        39,
                        19
                    ],
                    [
                        38,
                        20
                    ],
                    [
                        37,
                        20
                    ],
                    [
                        36,
                        21
                    ],
                    [
                        35,
                        21
                    ],
                    [
                        33,
                        23
                    ],
                    [
                        32,
                        23
                    ],
                    [
                        30,
                        25
                    ],
                    [
                        29,
                        25
                    ],
                    [
                        23,
                        31
                    ],
                    [
                        23,
                        32
                    ],
                    [
                        22,
                        33
                    ],
                    [
                        21,
                        33
                    ],
                    [
                        21,
                        34
                    ],
                    [
                        20,
                        35
                    ],
                    [
                        20,
                        38
                    ],
                    [
                        19,
                        39
                    ],
                    [
                        19,
                        42
                    ],
                    [
                        18,
                        43
                    ],
                    [
                        18,
                        48
                    ],
                    [
                        17,
                        49
                    ],
                    [
                        17,
                        54
                    ],
                    [
                        16,
                        55
                    ],
                    [
                        16,
                        59
                    ],
                    [
                        15,
                        60
                    ],
                    [
                        15,
                        73
                    ],
                    [
                        16,
                        74
                    ],
                    [
                        16,
                        77
                    ],
                    [
                        17,
                        78
                    ],
                    [
                        17,
                        80
                    ],
                    [
                        18,
                        81
                    ],
                    [
                        18,
                        82
                    ],
                    [
                        19,
                        83
                    ],
                    [
                        19,
                        84
                    ],
                    [
                        20,
                        85
                    ],
                    [
                        20,
                        86
                    ],
                    [
                        22,
                        88
                    ],
                    [
                        22,
                        89
                    ],
                    [
                        23,
                        90
                    ],
                    [
                        23,
                        91
                    ],
                    [
                        24,
                        92
                    ],
                    [
                        24,
                        93
                    ],
                    [
                        33,
                        102
                    ],
                    [
                        34,
                        102
                    ],
                    [
                        35,
                        103
                    ],
                    [
                        36,
                        103
                    ],
                    [
                        37,
                        104
                    ],
                    [
                        38,
                        104
                    ],
                    [
                        40,
                        106
                    ],
                    [
                        41,
                        106
                    ],
                    [
                        42,
                        107
                    ],
                    [
                        43,
                        107
                    ],
                    [
                        44,
                        108
                    ],
                    [
                        46,
                        108
                    ],
                    [
                        47,
                        109
                    ],
                    [
                        51,
                        109
                    ],
                    [
                        52,
                        110
                    ],
                    [
                        60,
                        110
                    ],
                    [
                        61,
                        109
                    ],
                    [
                        65,
                        109
                    ],
                    [
                        66,
                        108
                    ],
                    [
                        68,
                        108
                    ],
                    [
                        69,
                        107
                    ],
                    [
                        72,
                        107
                    ],
                    [
                        73,
                        106
                    ],
                    [
                        74,
                        106
                    ],
                    [
                        75,
                        105
                    ],
                    [
                        76,
                        105
                    ],
                    [
                        77,
                        104
                    ],
                    [
                        80,
                        104
                    ],
                    [
                        83,
                        101
                    ],
                    [
                        84,
                        101
                    ],
                    [
                        86,
                        99
                    ],
                    [
                        87,
                        99
                    ],
                    [
                        96,
                        90
                    ],
                    [
                        96,
                        89
                    ],
                    [
                        97,
                        88
                    ],
                    [
                        97,
                        87
                    ],
                    [
                        98,
                        86
                    ],
                    [
                        98,
                        85
                    ],
                    [
                        99,
                        84
                    ],
                    [
                        99,
                        83
                    ],
                    [
                        100,
                        82
                    ],
                    [
                        100,
                        78
                    ],
                    [
                        101,
                        77
                    ],
                    [
                        101,
                        72
                    ],
                    [
                        102,
                        71
                    ],
                    [
                        102,
                        51
                    ],
                    [
                        101,
                        50
                    ],
                    [
                        101,
                        48
                    ],
                    [
                        100,
                        47
                    ],
                    [
                        100,
                        45
                    ],
                    [
                        98,
                        43
                    ],
                    [
                        98,
                        42
                    ],
                    [
                        97,
                        41
                    ],
                    [
                        97,
                        40
                    ],
                    [
                        96,
                        39
                    ],
                    [
                        96,
                        38
                    ],
                    [
                        94,
                        36
                    ],
                    [
                        94,
                        35
                    ],
                    [
                        82,
                        23
                    ],
                    [
                        81,
                        23
                    ],
                    [
                        79,
                        21
                    ],
                    [
                        78,
                        21
                    ],
                    [
                        76,
                        19
                    ],
                    [
                        75,
                        19
                    ],
                    [
                        74,
                        18
                    ],
                    [
                        73,
                        18
                    ],
                    [
                        72,
                        17
                    ],
                    [
                        70,
                        17
                    ],
                    [
                        69,
                        16
                    ],
                    [
                        67,
                        16
                    ],
                    [
                        66,
                        15
                    ]
                ]
            ],
            "group_id": null,
            "shape_type": "polygon",
            "flags": {}
        }
    ],
    "imagePath": "0.9965_good_tile_10_29_7.png",
    "imageData": null,
    "imageHeight": 224,
    "imageWidth": 224
}