{
    "version": "4.5.9",
    "flags": {},
    "shapes": [
        {
            "label": "foreground",
            "points": [
                [
                    [
                        45,
                        21
                    ],
                    [
                        44,
                        22
                    ],
                    [
                        41,
                        22
                    ],
                    [
                        40,
                        23
                    ],
                    [
                        39,
                        23
                    ],
                    [
                        37,
                        25
                    ],
                    [
                        36,
                        25
                    ],
                    [
                        35,
                        26
                    ],
                    [
                        34,
                        26
                    ],
                    [
                        33,
                        27
                    ],
                    [
                        32,
                        27
                    ],
                    [
                        30,
                        29
                    ],
                    [
                        30,
                        30
                    ],
                    [
                        28,
                        32
                    ],
                    [
                        28,
                        33
                    ],
                    [
                        27,
                        34
                    ],
                    [
                        27,
                        35
                    ],
                    [
                        26,
                        36
                    ],
                    [
                        26,
                        37
                    ],
                    [
                        25,
                        38
                    ],
                    [
                        25,
                        41
                    ],
                    [
                        24,
                        42
                    ],
                    [
                        24,
                        46
                    ],
                    [
                        23,
                        47
                    ],
                    [
                        23,
                        48
                    ],
                    [
                        22,
                        49
                    ],
                    [
                        22,
                        50
                    ],
                    [
                        23,
                        51
                    ],
                    [
                        23,
                        54
                    ],
                    [
                        22,
                        55
                    ],
                    [
                        22,
                        58
                    ],
                    [
                        23,
                        59
                    ],
                    [
                        23,
                        66
                    ],
                    [
                        24,
                        67
                    ],
                    [
                        24,
                        69
                    ],
                    [
                        25,
                        70
                    ],
                    [
                        25,
                        71
                    ],
                    [
                        26,
                        72
                    ],
                    [
                        26,
                        73
                    ],
                    [
                        28,
                        75
                    ],
                    [
                        28,
                        76
                    ],
                    [
                        29,
                        77
                    ],
                    [
                        29,
                        78
                    ],
                    [
                        31,
                        80
                    ],
                    [
                        31,
                        81
                    ],
                    [
                        32,
                        81
                    ],
                    [
                        37,
                        86
                    ],
                    [
                        38,
                        86
                    ],
                    [
                        39,
                        87
                    ],
                    [
                        40,
                        87
                    ],
                    [
                        41,
                        88
                    ],
                    [
                        43,
                        88
                    ],
                    [
                        44,
                        89
                    ],
                    [
                        54,
                        89
                    ],
                    [
                        55,
                        88
                    ],
                    [
                        58,
                        88
                    ],
                    [
                        59,
                        87
                    ],
                    [
                        60,
                        87
                    ],
                    [
                        61,
                        86
                    ],
                    [
                        63,
                        86
                    ],
                    [
                        67,
                        82
                    ],
                    [
                        68,
                        82
                    ],
                    [
                        68,
                        81
                    ],
                    [
                        75,
                        74
                    ],
                    [
                        75,
                        73
                    ],
                    [
                        77,
                        71
                    ],
                    [
                        77,
                        69
                    ],
                    [
                        78,
                        68
                    ],
                    [
                        78,
                        66
                    ],
                    [
                        79,
                        65
                    ],
                    [
                        79,
                        61
                    ],
                    [
                        80,
                        60
                    ],
                    [
                        80,
                        59
                    ],
                    [
                        82,
                        57
                    ],
                    [
                        82,
                        50
                    ],
                    [
                        83,
                        49
                    ],
                    [
                        83,
                        46
                    ],
                    [
                        84,
                        45
                    ],
                    [
                        84,
                        41
                    ],
                    [
                        83,
                        40
                    ],
                    [
                        83,
                        38
                    ],
                    [
                        82,
                        37
                    ],
                    [
                        82,
                        36
                    ],
                    [
                        80,
                        34
                    ],
                    [
                        80,
                        33
                    ],
                    [
                        79,
                        32
                    ],
                    [
                        79,
                        31
                    ],
                    [
                        78,
                        30
                    ],
                    [
                        78,
                        27
                    ],
                    [
                        77,
                        26
                    ],
                    [
                        67,
                        26
                    ],
                    [
                        66,
                        25
                    ],
                    [
                        65,
                        25
                    ],
                    [
                        64,
                        24
                    ],
                    [
                        61,
                        24
                    ],
                    [
                        60,
                        23
                    ],
                    [
                        58,
                        23
                    ],
                    [
                        57,
                        22
                    ],
                    [
                        53,
                        22
                    ],
                    [
                        52,
                        21
                    ]
                ]
            ],
            "group_id": null,
            "shape_type": "polygon",
            "flags": {}
        }
    ],
    "imagePath": "0.9999_good_tile_40_15_2.png",
    "imageData": null,
    "imageHeight": 224,
    "imageWidth": 224
}