{
    "version": "4.5.9",
    "flags": {},
    "shapes": [
        {
            "label": "foreground",
            "points": [
                [
                    [
                        45,
                        15
                    ],
                    [
                        43,
                        17
                    ],
                    [
                        40,
                        17
                    ],
                    [
                        38,
                        19
                    ],
                    [
                        37,
                        19
                    ],
                    [
                        36,
                        20
                    ],
                    [
                        35,
                        20
                    ],
                    [
                        32,
                        23
                    ],
                    [
                        31,
                        23
                    ],
                    [
                        29,
                        25
                    ],
                    [
                        29,
                        26
                    ],
                    [
                        26,
                        29
                    ],
                    [
                        26,
                        30
                    ],
                    [
                        25,
                        31
                    ],
                    [
                        25,
                        39
                    ],
                    [
                        24,
                        40
                    ],
                    [
                        24,
                        41
                    ],
                    [
                        23,
                        42
                    ],
                    [
                        23,
                        43
                    ],
                    [
                        21,
                        45
                    ],
                    [
                        21,
                        46
                    ],
                    [
                        20,
                        47
                    ],
                    [
                        20,
                        50
                    ],
                    [
                        19,
                        51
                    ],
                    [
                        19,
                        61
                    ],
                    [
                        18,
                        62
                    ],
                    [
                        18,
                        64
                    ],
                    [
                        21,
                        67
                    ],
                    [
                        21,
                        70
                    ],
                    [
                        20,
                        71
                    ],
                    [
                        20,
                        73
                    ],
                    [
                        21,
                        74
                    ],
                    [
                        21,
                        75
                    ],
                    [
                        20,
                        76
                    ],
                    [
                        22,
                        78
                    ],
                    [
                        23,
                        78
                    ],
                    [
                        24,
                        79
                    ],
                    [
                        25,
                        79
                    ],
                    [
                        26,
                        80
                    ],
                    [
                        27,
                        80
                    ],
                    [
                        28,
                        81
                    ],
                    [
                        30,
                        81
                    ],
                    [
                        31,
                        82
                    ],
                    [
                        33,
                        82
                    ],
                    [
                        34,
                        83
                    ],
                    [
                        37,
                        83
                    ],
                    [
                        41,
                        87
                    ],
                    [
                        42,
                        87
                    ],
                    [
                        43,
                        88
                    ],
                    [
                        45,
                        88
                    ],
                    [
                        48,
                        85
                    ],
                    [
                        48,
                        84
                    ],
                    [
                        47,
                        83
                    ],
                    [
                        47,
                        80
                    ],
                    [
                        49,
                        78
                    ],
                    [
                        50,
                        78
                    ],
                    [
                        51,
                        77
                    ],
                    [
                        52,
                        77
                    ],
                    [
                        55,
                        74
                    ],
                    [
                        57,
                        74
                    ],
                    [
                        60,
                        71
                    ],
                    [
                        60,
                        70
                    ],
                    [
                        69,
                        61
                    ],
                    [
                        69,
                        60
                    ],
                    [
                        73,
                        56
                    ],
                    [
                        73,
                        54
                    ],
                    [
                        74,
                        53
                    ],
                    [
                        74,
                        52
                    ],
                    [
                        73,
                        51
                    ],
                    [
                        73,
                        50
                    ],
                    [
                        72,
                        51
                    ],
                    [
                        71,
                        51
                    ],
                    [
                        70,
                        50
                    ],
                    [
                        70,
                        48
                    ],
                    [
                        69,
                        47
                    ],
                    [
                        69,
                        46
                    ],
                    [
                        68,
                        45
                    ],
                    [
                        68,
                        44
                    ],
                    [
                        67,
                        43
                    ],
                    [
                        67,
                        42
                    ],
                    [
                        66,
                        41
                    ],
                    [
                        66,
                        40
                    ],
                    [
                        64,
                        38
                    ],
                    [
                        64,
                        36
                    ],
                    [
                        63,
                        35
                    ],
                    [
                        63,
                        34
                    ],
                    [
                        64,
                        33
                    ],
                    [
                        64,
                        32
                    ],
                    [
                        65,
                        31
                    ],
                    [
                        65,
                        29
                    ],
                    [
                        64,
                        28
                    ],
                    [
                        64,
                        27
                    ],
                    [
                        58,
                        21
                    ],
                    [
                        57,
                        21
                    ],
                    [
                        55,
                        19
                    ],
                    [
                        54,
                        19
                    ],
                    [
                        53,
                        18
                    ],
                    [
                        51,
                        18
                    ],
                    [
                        50,
                        17
                    ],
                    [
                        49,
                        17
                    ],
                    [
                        48,
                        16
                    ],
                    [
                        47,
                        16
                    ],
                    [
                        46,
                        15
                    ]
                ]
            ],
            "group_id": null,
            "shape_type": "polygon",
            "flags": {}
        }
    ],
    "imagePath": "0.9971_good_tile_61_22_2.png",
    "imageData": null,
    "imageHeight": 224,
    "imageWidth": 224
}