{
    "version": "4.5.9",
    "flags": {},
    "shapes": [
        {
            "label": "foreground",
            "points": [
                [
                    [
                        69,
                        23
                    ],
                    [
                        68,
                        24
                    ],
                    [
                        64,
                        24
                    ],
                    [
                        63,
                        25
                    ],
                    [
                        60,
                        25
                    ],
                    [
                        59,
                        26
                    ],
                    [
                        56,
                        26
                    ],
                    [
                        55,
                        27
                    ],
                    [
                        53,
                        27
                    ],
                    [
                        52,
                        28
                    ],
                    [
                        51,
                        28
                    ],
                    [
                        50,
                        29
                    ],
                    [
                        47,
                        29
                    ],
                    [
                        46,
                        30
                    ],
                    [
                        41,
                        30
                    ],
                    [
                        39,
                        32
                    ],
                    [
                        37,
                        32
                    ],
                    [
                        35,
                        30
                    ],
                    [
                        33,
                        30
                    ],
                    [
                        33,
                        31
                    ],
                    [
                        32,
                        32
                    ],
                    [
                        32,
                        34
                    ],
                    [
                        29,
                        37
                    ],
                    [
                        28,
                        37
                    ],
                    [
                        27,
                        38
                    ],
                    [
                        27,
                        39
                    ],
                    [
                        26,
                        40
                    ],
                    [
                        25,
                        39
                    ],
                    [
                        23,
                        39
                    ],
                    [
                        22,
                        40
                    ],
                    [
                        23,
                        41
                    ],
                    [
                        23,
                        42
                    ],
                    [
                        24,
                        41
                    ],
                    [
                        26,
                        41
                    ],
                    [
                        28,
                        43
                    ],
                    [
                        28,
                        45
                    ],
                    [
                        27,
                        46
                    ],
                    [
                        26,
                        46
                    ],
                    [
                        25,
                        47
                    ],
                    [
                        26,
                        48
                    ],
                    [
                        26,
                        49
                    ],
                    [
                        27,
                        50
                    ],
                    [
                        27,
                        51
                    ],
                    [
                        28,
                        52
                    ],
                    [
                        28,
                        53
                    ],
                    [
                        29,
                        54
                    ],
                    [
                        29,
                        55
                    ],
                    [
                        30,
                        56
                    ],
                    [
                        30,
                        59
                    ],
                    [
                        31,
                        60
                    ],
                    [
                        31,
                        61
                    ],
                    [
                        40,
                        70
                    ],
                    [
                        41,
                        70
                    ],
                    [
                        43,
                        72
                    ],
                    [
                        43,
                        73
                    ],
                    [
                        44,
                        74
                    ],
                    [
                        44,
                        75
                    ],
                    [
                        47,
                        78
                    ],
                    [
                        47,
                        79
                    ],
                    [
                        51,
                        83
                    ],
                    [
                        52,
                        83
                    ],
                    [
                        54,
                        85
                    ],
                    [
                        55,
                        85
                    ],
                    [
                        56,
                        86
                    ],
                    [
                        57,
                        86
                    ],
                    [
                        59,
                        88
                    ],
                    [
                        61,
                        88
                    ],
                    [
                        62,
                        89
                    ],
                    [
                        86,
                        89
                    ],
                    [
                        88,
                        87
                    ],
                    [
                        89,
                        87
                    ],
                    [
                        90,
                        86
                    ],
                    [
                        91,
                        86
                    ],
                    [
                        91,
                        85
                    ],
                    [
                        92,
                        84
                    ],
                    [
                        93,
                        84
                    ],
                    [
                        97,
                        80
                    ],
                    [
                        99,
                        80
                    ],
                    [
                        102,
                        83
                    ],
                    [
                        103,
                        83
                    ],
                    [
                        104,
                        84
                    ],
                    [
                        105,
                        84
                    ],
                    [
                        107,
                        82
                    ],
                    [
                        108,
                        82
                    ],
                    [
                        108,
                        80
                    ],
                    [
                        107,
                        79
                    ],
                    [
                        107,
                        78
                    ],
                    [
                        106,
                        77
                    ],
                    [
                        106,
                        76
                    ],
                    [
                        102,
                        72
                    ],
                    [
                        102,
                        71
                    ],
                    [
                        101,
                        70
                    ],
                    [
                        101,
                        69
                    ],
                    [
                        100,
                        68
                    ],
                    [
                        100,
                        65
                    ],
                    [
                        101,
                        64
                    ],
                    [
                        101,
                        61
                    ],
                    [
                        102,
                        60
                    ],
                    [
                        102,
                        57
                    ],
                    [
                        103,
                        56
                    ],
                    [
                        103,
                        54
                    ],
                    [
                        104,
                        53
                    ],
                    [
                        104,
                        44
                    ],
                    [
                        103,
                        43
                    ],
                    [
                        103,
                        40
                    ],
                    [
                        102,
                        39
                    ],
                    [
                        102,
                        38
                    ],
                    [
                        100,
                        36
                    ],
                    [
                        100,
                        34
                    ],
                    [
                        92,
                        26
                    ],
                    [
                        90,
                        26
                    ],
                    [
                        89,
                        25
                    ],
                    [
                        87,
                        25
                    ],
                    [
                        86,
                        24
                    ],
                    [
                        85,
                        24
                    ],
                    [
                        84,
                        23
                    ],
                    [
                        76,
                        23
                    ],
                    [
                        75,
                        24
                    ],
                    [
                        74,
                        23
                    ]
                ]
            ],
            "group_id": null,
            "shape_type": "polygon",
            "flags": {}
        }
    ],
    "imagePath": "0.9989_good_tile_24_47_1.png",
    "imageData": null,
    "imageHeight": 224,
    "imageWidth": 224
}