{
    "version": "4.5.9",
    "flags": {},
    "shapes": [
        {
            "label": "foreground",
            "points": [
                [
                    [
                        75,
                        22
                    ],
                    [
                        73,
                        24
                    ],
                    [
                        71,
                        24
                    ],
                    [
                        70,
                        25
                    ],
                    [
                        68,
                        25
                    ],
                    [
                        67,
                        26
                    ],
                    [
                        58,
                        26
                    ],
                    [
                        57,
                        27
                    ],
                    [
                        52,
                        27
                    ],
                    [
                        51,
                        28
                    ],
                    [
                        49,
                        28
                    ],
                    [
                        48,
                        29
                    ],
                    [
                        47,
                        29
                    ],
                    [
                        46,
                        30
                    ],
                    [
                        44,
                        30
                    ],
                    [
                        41,
                        33
                    ],
                    [
                        38,
                        33
                    ],
                    [
                        38,
                        34
                    ],
                    [
                        35,
                        37
                    ],
                    [
                        34,
                        37
                    ],
                    [
                        33,
                        38
                    ],
                    [
                        32,
                        38
                    ],
                    [
                        31,
                        39
                    ],
                    [
                        28,
                        39
                    ],
                    [
                        28,
                        43
                    ],
                    [
                        26,
                        45
                    ],
                    [
                        26,
                        46
                    ],
                    [
                        25,
                        47
                    ],
                    [
                        25,
                        48
                    ],
                    [
                        23,
                        50
                    ],
                    [
                        23,
                        53
                    ],
                    [
                        21,
                        55
                    ],
                    [
                        21,
                        56
                    ],
                    [
                        19,
                        58
                    ],
                    [
                        19,
                        60
                    ],
                    [
                        18,
                        61
                    ],
                    [
                        18,
                        64
                    ],
                    [
                        17,
                        65
                    ],
                    [
                        17,
                        73
                    ],
                    [
                        16,
                        74
                    ],
                    [
                        16,
                        77
                    ],
                    [
                        17,
                        78
                    ],
                    [
                        17,
                        79
                    ],
                    [
                        18,
                        80
                    ],
                    [
                        18,
                        82
                    ],
                    [
                        19,
                        83
                    ],
                    [
                        19,
                        85
                    ],
                    [
                        20,
                        86
                    ],
                    [
                        20,
                        87
                    ],
                    [
                        21,
                        88
                    ],
                    [
                        21,
                        89
                    ],
                    [
                        22,
                        90
                    ],
                    [
                        22,
                        91
                    ],
                    [
                        23,
                        92
                    ],
                    [
                        23,
                        93
                    ],
                    [
                        25,
                        95
                    ],
                    [
                        26,
                        95
                    ],
                    [
                        32,
                        101
                    ],
                    [
                        33,
                        101
                    ],
                    [
                        34,
                        102
                    ],
                    [
                        36,
                        102
                    ],
                    [
                        37,
                        103
                    ],
                    [
                        39,
                        103
                    ],
                    [
                        40,
                        104
                    ],
                    [
                        42,
                        104
                    ],
                    [
                        43,
                        105
                    ],
                    [
                        45,
                        105
                    ],
                    [
                        46,
                        106
                    ],
                    [
                        48,
                        106
                    ],
                    [
                        49,
                        107
                    ],
                    [
                        49,
                        110
                    ],
                    [
                        50,
                        111
                    ],
                    [
                        50,
                        112
                    ],
                    [
                        52,
                        112
                    ],
                    [
                        53,
                        113
                    ],
                    [
                        61,
                        113
                    ],
                    [
                        62,
                        112
                    ],
                    [
                        68,
                        112
                    ],
                    [
                        69,
                        111
                    ],
                    [
                        70,
                        111
                    ],
                    [
                        73,
                        108
                    ],
                    [
                        74,
                        108
                    ],
                    [
                        75,
                        107
                    ],
                    [
                        76,
                        107
                    ],
                    [
                        77,
                        106
                    ],
                    [
                        78,
                        106
                    ],
                    [
                        81,
                        103
                    ],
                    [
                        82,
                        103
                    ],
                    [
                        84,
                        101
                    ],
                    [
                        86,
                        101
                    ],
                    [
                        89,
                        98
                    ],
                    [
                        90,
                        98
                    ],
                    [
                        96,
                        92
                    ],
                    [
                        97,
                        92
                    ],
                    [
                        94,
                        89
                    ],
                    [
                        92,
                        89
                    ],
                    [
                        91,
                        88
                    ],
                    [
                        91,
                        86
                    ],
                    [
                        92,
                        85
                    ],
                    [
                        92,
                        84
                    ],
                    [
                        93,
                        83
                    ],
                    [
                        93,
                        82
                    ],
                    [
                        94,
                        81
                    ],
                    [
                        94,
                        80
                    ],
                    [
                        95,
                        79
                    ],
                    [
                        95,
                        78
                    ],
                    [
                        96,
                        77
                    ],
                    [
                        96,
                        74
                    ],
                    [
                        97,
                        73
                    ],
                    [
                        97,
                        72
                    ],
                    [
                        98,
                        71
                    ],
                    [
                        98,
                        68
                    ],
                    [
                        99,
                        67
                    ],
                    [
                        99,
                        54
                    ],
                    [
                        98,
                        53
                    ],
                    [
                        98,
                        49
                    ],
                    [
                        97,
                        48
                    ],
                    [
                        97,
                        46
                    ],
                    [
                        96,
                        45
                    ],
                    [
                        96,
                        44
                    ],
                    [
                        95,
                        43
                    ],
                    [
                        95,
                        42
                    ],
                    [
                        94,
                        41
                    ],
                    [
                        94,
                        40
                    ],
                    [
                        90,
                        36
                    ],
                    [
                        90,
                        35
                    ],
                    [
                        89,
                        34
                    ],
                    [
                        89,
                        30
                    ],
                    [
                        88,
                        29
                    ],
                    [
                        88,
                        28
                    ],
                    [
                        85,
                        25
                    ],
                    [
                        85,
                        24
                    ],
                    [
                        84,
                        23
                    ],
                    [
                        83,
                        23
                    ],
                    [
                        82,
                        22
                    ]
                ]
            ],
            "group_id": null,
            "shape_type": "polygon",
            "flags": {}
        }
    ],
    "imagePath": "0.9987_good_tile_10_29_3.png",
    "imageData": null,
    "imageHeight": 224,
    "imageWidth": 224
}