{
    "version": "4.5.9",
    "flags": {},
    "shapes": [
        {
            "label": "foreground",
            "points": [
                [
                    [
                        59,
                        5
                    ],
                    [
                        58,
                        6
                    ],
                    [
                        49,
                        6
                    ],
                    [
                        48,
                        7
                    ],
                    [
                        47,
                        7
                    ],
                    [
                        47,
                        8
                    ],
                    [
                        45,
                        10
                    ],
                    [
                        44,
                        10
                    ],
                    [
                        41,
                        13
                    ],
                    [
                        40,
                        13
                    ],
                    [
                        39,
                        14
                    ],
                    [
                        38,
                        14
                    ],
                    [
                        36,
                        16
                    ],
                    [
                        35,
                        16
                    ],
                    [
                        30,
                        21
                    ],
                    [
                        29,
                        21
                    ],
                    [
                        22,
                        28
                    ],
                    [
                        22,
                        29
                    ],
                    [
                        19,
                        32
                    ],
                    [
                        19,
                        33
                    ],
                    [
                        18,
                        34
                    ],
                    [
                        18,
                        36
                    ],
                    [
                        17,
                        37
                    ],
                    [
                        17,
                        38
                    ],
                    [
                        16,
                        39
                    ],
                    [
                        16,
                        41
                    ],
                    [
                        15,
                        42
                    ],
                    [
                        15,
                        46
                    ],
                    [
                        14,
                        47
                    ],
                    [
                        14,
                        56
                    ],
                    [
                        15,
                        57
                    ],
                    [
                        15,
                        61
                    ],
                    [
                        16,
                        62
                    ],
                    [
                        16,
                        64
                    ],
                    [
                        17,
                        65
                    ],
                    [
                        17,
                        67
                    ],
                    [
                        18,
                        68
                    ],
                    [
                        18,
                        69
                    ],
                    [
                        19,
                        70
                    ],
                    [
                        19,
                        71
                    ],
                    [
                        21,
                        73
                    ],
                    [
                        21,
                        74
                    ],
                    [
                        24,
                        77
                    ],
                    [
                        25,
                        77
                    ],
                    [
                        28,
                        80
                    ],
                    [
                        28,
                        81
                    ],
                    [
                        29,
                        81
                    ],
                    [
                        31,
                        83
                    ],
                    [
                        32,
                        83
                    ],
                    [
                        34,
                        85
                    ],
                    [
                        35,
                        85
                    ],
                    [
                        36,
                        86
                    ],
                    [
                        37,
                        86
                    ],
                    [
                        38,
                        87
                    ],
                    [
                        41,
                        87
                    ],
                    [
                        42,
                        88
                    ],
                    [
                        49,
                        88
                    ],
                    [
                        50,
                        89
                    ],
                    [
                        51,
                        89
                    ],
                    [
                        52,
                        90
                    ],
                    [
                        53,
                        89
                    ],
                    [
                        54,
                        89
                    ],
                    [
                        55,
                        88
                    ],
                    [
                        56,
                        88
                    ],
                    [
                        57,
                        87
                    ],
                    [
                        59,
                        87
                    ],
                    [
                        60,
                        86
                    ],
                    [
                        61,
                        86
                    ],
                    [
                        64,
                        83
                    ],
                    [
                        65,
                        83
                    ],
                    [
                        66,
                        82
                    ],
                    [
                        67,
                        82
                    ],
                    [
                        68,
                        81
                    ],
                    [
                        69,
                        81
                    ],
                    [
                        78,
                        72
                    ],
                    [
                        78,
                        71
                    ],
                    [
                        80,
                        69
                    ],
                    [
                        80,
                        68
                    ],
                    [
                        81,
                        67
                    ],
                    [
                        81,
                        66
                    ],
                    [
                        86,
                        61
                    ],
                    [
                        86,
                        60
                    ],
                    [
                        87,
                        59
                    ],
                    [
                        87,
                        57
                    ],
                    [
                        88,
                        56
                    ],
                    [
                        88,
                        54
                    ],
                    [
                        89,
                        53
                    ],
                    [
                        89,
                        51
                    ],
                    [
                        90,
                        50
                    ],
                    [
                        90,
                        47
                    ],
                    [
                        91,
                        46
                    ],
                    [
                        91,
                        33
                    ],
                    [
                        92,
                        32
                    ],
                    [
                        92,
                        29
                    ],
                    [
                        91,
                        28
                    ],
                    [
                        91,
                        24
                    ],
                    [
                        90,
                        23
                    ],
                    [
                        90,
                        21
                    ],
                    [
                        89,
                        20
                    ],
                    [
                        89,
                        19
                    ],
                    [
                        86,
                        16
                    ],
                    [
                        86,
                        14
                    ],
                    [
                        85,
                        13
                    ],
                    [
                        84,
                        13
                    ],
                    [
                        79,
                        8
                    ],
                    [
                        78,
                        8
                    ],
                    [
                        76,
                        6
                    ],
                    [
                        75,
                        6
                    ],
                    [
                        74,
                        5
                    ]
                ]
            ],
            "group_id": null,
            "shape_type": "polygon",
            "flags": {}
        }
    ],
    "imagePath": "0.9977_good_tile_10_29_1.png",
    "imageData": null,
    "imageHeight": 224,
    "imageWidth": 224
}