{
    "version": "4.5.9",
    "flags": {},
    "shapes": [
        {
            "label": "foreground",
            "points": [
                [
                    [
                        51,
                        17
                    ],
                    [
                        50,
                        18
                    ],
                    [
                        45,
                        18
                    ],
                    [
                        44,
                        19
                    ],
                    [
                        42,
                        19
                    ],
                    [
                        40,
                        21
                    ],
                    [
                        39,
                        21
                    ],
                    [
                        38,
                        22
                    ],
                    [
                        37,
                        22
                    ],
                    [
                        37,
                        23
                    ],
                    [
                        30,
                        30
                    ],
                    [
                        30,
                        31
                    ],
                    [
                        27,
                        34
                    ],
                    [
                        27,
                        37
                    ],
                    [
                        26,
                        38
                    ],
                    [
                        26,
                        41
                    ],
                    [
                        25,
                        42
                    ],
                    [
                        25,
                        46
                    ],
                    [
                        24,
                        47
                    ],
                    [
                        24,
                        50
                    ],
                    [
                        25,
                        51
                    ],
                    [
                        25,
                        54
                    ],
                    [
                        26,
                        55
                    ],
                    [
                        26,
                        56
                    ],
                    [
                        27,
                        57
                    ],
                    [
                        27,
                        58
                    ],
                    [
                        28,
                        59
                    ],
                    [
                        28,
                        61
                    ],
                    [
                        29,
                        62
                    ],
                    [
                        29,
                        63
                    ],
                    [
                        32,
                        66
                    ],
                    [
                        32,
                        67
                    ],
                    [
                        33,
                        68
                    ],
                    [
                        34,
                        68
                    ],
                    [
                        36,
                        70
                    ],
                    [
                        37,
                        70
                    ],
                    [
                        40,
                        73
                    ],
                    [
                        41,
                        73
                    ],
                    [
                        42,
                        74
                    ],
                    [
                        44,
                        74
                    ],
                    [
                        45,
                        75
                    ],
                    [
                        46,
                        75
                    ],
                    [
                        47,
                        76
                    ],
                    [
                        50,
                        76
                    ],
                    [
                        51,
                        77
                    ],
                    [
                        53,
                        77
                    ],
                    [
                        54,
                        76
                    ],
                    [
                        64,
                        76
                    ],
                    [
                        65,
                        75
                    ],
                    [
                        72,
                        75
                    ],
                    [
                        73,
                        74
                    ],
                    [
                        77,
                        74
                    ],
                    [
                        78,
                        73
                    ],
                    [
                        80,
                        73
                    ],
                    [
                        81,
                        72
                    ],
                    [
                        82,
                        72
                    ],
                    [
                        88,
                        66
                    ],
                    [
                        88,
                        65
                    ],
                    [
                        91,
                        62
                    ],
                    [
                        91,
                        60
                    ],
                    [
                        92,
                        59
                    ],
                    [
                        92,
                        57
                    ],
                    [
                        93,
                        56
                    ],
                    [
                        93,
                        53
                    ],
                    [
                        94,
                        52
                    ],
                    [
                        94,
                        49
                    ],
                    [
                        95,
                        48
                    ],
                    [
                        95,
                        34
                    ],
                    [
                        84,
                        23
                    ],
                    [
                        84,
                        22
                    ],
                    [
                        83,
                        21
                    ],
                    [
                        82,
                        21
                    ],
                    [
                        80,
                        19
                    ],
                    [
                        77,
                        19
                    ],
                    [
                        76,
                        18
                    ],
                    [
                        75,
                        18
                    ],
                    [
                        74,
                        17
                    ]
                ]
            ],
            "group_id": null,
            "shape_type": "polygon",
            "flags": {}
        }
    ],
    "imagePath": "0.9919_good_tile_10_29_5.png",
    "imageData": null,
    "imageHeight": 224,
    "imageWidth": 224
}