{
    "version": "4.5.9",
    "flags": {},
    "shapes": [
        {
            "label": "foreground",
            "points": [
                [
                    [
                        46,
                        22
                    ],
                    [
                        45,
                        23
                    ],
                    [
                        45,
                        25
                    ],
                    [
                        44,
                        26
                    ],
                    [
                        43,
                        26
                    ],
                    [
                        42,
                        27
                    ],
                    [
                        41,
                        27
                    ],
                    [
                        39,
                        29
                    ],
                    [
                        38,
                        29
                    ],
                    [
                        37,
                        30
                    ],
                    [
                        36,
                        30
                    ],
                    [
                        27,
                        39
                    ],
                    [
                        27,
                        40
                    ],
                    [
                        26,
                        41
                    ],
                    [
                        26,
                        42
                    ],
                    [
                        25,
                        43
                    ],
                    [
                        25,
                        44
                    ],
                    [
                        24,
                        45
                    ],
                    [
                        24,
                        48
                    ],
                    [
                        23,
                        49
                    ],
                    [
                        23,
                        51
                    ],
                    [
                        22,
                        52
                    ],
                    [
                        22,
                        58
                    ],
                    [
                        23,
                        59
                    ],
                    [
                        23,
                        63
                    ],
                    [
                        24,
                        64
                    ],
                    [
                        24,
                        65
                    ],
                    [
                        27,
                        68
                    ],
                    [
                        27,
                        69
                    ],
                    [
                        29,
                        71
                    ],
                    [
                        30,
                        71
                    ],
                    [
                        34,
                        75
                    ],
                    [
                        35,
                        75
                    ],
                    [
                        36,
                        76
                    ],
                    [
                        36,
                        77
                    ],
                    [
                        37,
                        77
                    ],
                    [
                        40,
                        80
                    ],
                    [
                        41,
                        80
                    ],
                    [
                        42,
                        81
                    ],
                    [
                        44,
                        81
                    ],
                    [
                        45,
                        82
                    ],
                    [
                        46,
                        82
                    ],
                    [
                        47,
                        83
                    ],
                    [
                        51,
                        83
                    ],
                    [
                        52,
                        84
                    ],
                    [
                        64,
                        84
                    ],
                    [
                        65,
                        83
                    ],
                    [
                        67,
                        83
                    ],
                    [
                        68,
                        82
                    ],
                    [
                        87,
                        82
                    ],
                    [
                        89,
                        80
                    ],
                    [
                        90,
                        80
                    ],
                    [
                        91,
                        79
                    ],
                    [
                        92,
                        79
                    ],
                    [
                        93,
                        78
                    ],
                    [
                        100,
                        78
                    ],
                    [
                        101,
                        77
                    ],
                    [
                        102,
                        78
                    ],
                    [
                        111,
                        78
                    ],
                    [
                        112,
                        79
                    ],
                    [
                        113,
                        79
                    ],
                    [
                        114,
                        80
                    ],
                    [
                        115,
                        80
                    ],
                    [
                        116,
                        81
                    ],
                    [
                        119,
                        81
                    ],
                    [
                        121,
                        83
                    ],
                    [
                        122,
                        82
                    ],
                    [
                        122,
                        77
                    ],
                    [
                        120,
                        75
                    ],
                    [
                        120,
                        74
                    ],
                    [
                        119,
                        73
                    ],
                    [
                        119,
                        70
                    ],
                    [
                        118,
                        69
                    ],
                    [
                        118,
                        68
                    ],
                    [
                        116,
                        66
                    ],
                    [
                        116,
                        63
                    ],
                    [
                        115,
                        62
                    ],
                    [
                        115,
                        60
                    ],
                    [
                        114,
                        59
                    ],
                    [
                        114,
                        58
                    ],
                    [
                        113,
                        57
                    ],
                    [
                        113,
                        56
                    ],
                    [
                        111,
                        54
                    ],
                    [
                        110,
                        54
                    ],
                    [
                        108,
                        52
                    ],
                    [
                        108,
                        51
                    ],
                    [
                        107,
                        50
                    ],
                    [
                        107,
                        49
                    ],
                    [
                        106,
                        48
                    ],
                    [
                        104,
                        48
                    ],
                    [
                        102,
                        46
                    ],
                    [
                        101,
                        46
                    ],
                    [
                        99,
                        48
                    ],
                    [
                        97,
                        48
                    ],
                    [
                        96,
                        47
                    ],
                    [
                        95,
                        47
                    ],
                    [
                        94,
                        46
                    ],
                    [
                        93,
                        46
                    ],
                    [
                        92,
                        45
                    ],
                    [
                        89,
                        45
                    ],
                    [
                        88,
                        44
                    ],
                    [
                        87,
                        44
                    ],
                    [
                        86,
                        43
                    ],
                    [
                        84,
                        43
                    ],
                    [
                        82,
                        41
                    ],
                    [
                        80,
                        41
                    ],
                    [
                        79,
                        40
                    ],
                    [
                        78,
                        40
                    ],
                    [
                        77,
                        39
                    ],
                    [
                        76,
                        39
                    ],
                    [
                        74,
                        37
                    ],
                    [
                        73,
                        37
                    ],
                    [
                        66,
                        30
                    ],
                    [
                        65,
                        30
                    ],
                    [
                        62,
                        27
                    ],
                    [
                        61,
                        27
                    ],
                    [
                        59,
                        25
                    ],
                    [
                        58,
                        25
                    ],
                    [
                        57,
                        24
                    ],
                    [
                        54,
                        24
                    ],
                    [
                        53,
                        25
                    ],
                    [
                        51,
                        25
                    ],
                    [
                        50,
                        24
                    ],
                    [
                        50,
                        23
                    ],
                    [
                        47,
                        23
                    ]
                ]
            ],
            "group_id": null,
            "shape_type": "polygon",
            "flags": {}
        }
    ],
    "imagePath": "0.9986_good_tile_12_30_1.png",
    "imageData": null,
    "imageHeight": 224,
    "imageWidth": 224
}