{
    "version": "4.5.9",
    "flags": {},
    "shapes": [
        {
            "label": "foreground",
            "points": [
                [
                    [
                        52,
                        22
                    ],
                    [
                        51,
                        23
                    ],
                    [
                        44,
                        23
                    ],
                    [
                        43,
                        24
                    ],
                    [
                        41,
                        24
                    ],
                    [
                        40,
                        25
                    ],
                    [
                        39,
                        25
                    ],
                    [
                        38,
                        26
                    ],
                    [
                        37,
                        26
                    ],
                    [
                        36,
                        27
                    ],
                    [
                        34,
                        27
                    ],
                    [
                        22,
                        39
                    ],
                    [
                        22,
                        41
                    ],
                    [
                        21,
                        42
                    ],
                    [
                        21,
                        45
                    ],
                    [
                        20,
                        46
                    ],
                    [
                        20,
                        62
                    ],
                    [
                        21,
                        63
                    ],
                    [
                        21,
                        65
                    ],
                    [
                        22,
                        66
                    ],
                    [
                        22,
                        68
                    ],
                    [
                        23,
                        69
                    ],
                    [
                        23,
                        70
                    ],
                    [
                        24,
                        71
                    ],
                    [
                        24,
                        72
                    ],
                    [
                        27,
                        75
                    ],
                    [
                        27,
                        76
                    ],
                    [
                        28,
                        76
                    ],
                    [
                        32,
                        80
                    ],
                    [
                        33,
                        80
                    ],
                    [
                        35,
                        82
                    ],
                    [
                        37,
                        82
                    ],
                    [
                        38,
                        83
                    ],
                    [
                        41,
                        83
                    ],
                    [
                        42,
                        84
                    ],
                    [
                        46,
                        84
                    ],
                    [
                        47,
                        85
                    ],
                    [
                        57,
                        85
                    ],
                    [
                        58,
                        84
                    ],
                    [
                        61,
                        84
                    ],
                    [
                        62,
                        83
                    ],
                    [
                        63,
                        83
                    ],
                    [
                        64,
                        82
                    ],
                    [
                        66,
                        82
                    ],
                    [
                        68,
                        80
                    ],
                    [
                        69,
                        80
                    ],
                    [
                        71,
                        78
                    ],
                    [
                        72,
                        78
                    ],
                    [
                        76,
                        74
                    ],
                    [
                        76,
                        73
                    ],
                    [
                        79,
                        70
                    ],
                    [
                        80,
                        70
                    ],
                    [
                        81,
                        69
                    ],
                    [
                        82,
                        69
                    ],
                    [
                        82,
                        68
                    ],
                    [
                        83,
                        67
                    ],
                    [
                        82,
                        66
                    ],
                    [
                        82,
                        63
                    ],
                    [
                        83,
                        62
                    ],
                    [
                        83,
                        51
                    ],
                    [
                        82,
                        50
                    ],
                    [
                        82,
                        46
                    ],
                    [
                        83,
                        45
                    ],
                    [
                        83,
                        44
                    ],
                    [
                        84,
                        43
                    ],
                    [
                        84,
                        40
                    ],
                    [
                        85,
                        39
                    ],
                    [
                        84,
                        38
                    ],
                    [
                        84,
                        34
                    ],
                    [
                        82,
                        32
                    ],
                    [
                        82,
                        31
                    ],
                    [
                        81,
                        30
                    ],
                    [
                        79,
                        30
                    ],
                    [
                        78,
                        31
                    ],
                    [
                        71,
                        31
                    ],
                    [
                        69,
                        29
                    ],
                    [
                        68,
                        29
                    ],
                    [
                        67,
                        28
                    ],
                    [
                        66,
                        28
                    ],
                    [
                        64,
                        26
                    ],
                    [
                        63,
                        26
                    ],
                    [
                        62,
                        25
                    ],
                    [
                        61,
                        25
                    ],
                    [
                        60,
                        24
                    ],
                    [
                        57,
                        24
                    ],
                    [
                        56,
                        23
                    ],
                    [
                        54,
                        23
                    ],
                    [
                        53,
                        22
                    ]
                ]
            ],
            "group_id": null,
            "shape_type": "polygon",
            "flags": {}
        }
    ],
    "imagePath": "0.9979_good_tile_12_30_3.png",
    "imageData": null,
    "imageHeight": 224,
    "imageWidth": 224
}