{
    "version": "4.5.9",
    "flags": {},
    "shapes": [
        {
            "label": "foreground",
            "points": [
                [
                    [
                        66,
                        20
                    ],
                    [
                        65,
                        21
                    ],
                    [
                        56,
                        21
                    ],
                    [
                        55,
                        22
                    ],
                    [
                        52,
                        22
                    ],
                    [
                        51,
                        23
                    ],
                    [
                        48,
                        23
                    ],
                    [
                        47,
                        24
                    ],
                    [
                        46,
                        24
                    ],
                    [
                        45,
                        25
                    ],
                    [
                        43,
                        25
                    ],
                    [
                        40,
                        28
                    ],
                    [
                        39,
                        28
                    ],
                    [
                        35,
                        32
                    ],
                    [
                        34,
                        32
                    ],
                    [
                        32,
                        34
                    ],
                    [
                        32,
                        35
                    ],
                    [
                        28,
                        39
                    ],
                    [
                        28,
                        40
                    ],
                    [
                        27,
                        41
                    ],
                    [
                        27,
                        42
                    ],
                    [
                        25,
                        44
                    ],
                    [
                        25,
                        46
                    ],
                    [
                        24,
                        47
                    ],
                    [
                        24,
                        49
                    ],
                    [
                        23,
                        50
                    ],
                    [
                        23,
                        52
                    ],
                    [
                        22,
                        53
                    ],
                    [
                        22,
                        56
                    ],
                    [
                        21,
                        57
                    ],
                    [
                        21,
                        59
                    ],
                    [
                        20,
                        60
                    ],
                    [
                        20,
                        66
                    ],
                    [
                        19,
                        67
                    ],
                    [
                        19,
                        72
                    ],
                    [
                        18,
                        73
                    ],
                    [
                        18,
                        77
                    ],
                    [
                        20,
                        79
                    ],
                    [
                        20,
                        80
                    ],
                    [
                        21,
                        81
                    ],
                    [
                        21,
                        82
                    ],
                    [
                        25,
                        86
                    ],
                    [
                        25,
                        87
                    ],
                    [
                        38,
                        100
                    ],
                    [
                        39,
                        100
                    ],
                    [
                        40,
                        101
                    ],
                    [
                        40,
                        102
                    ],
                    [
                        41,
                        102
                    ],
                    [
                        43,
                        104
                    ],
                    [
                        44,
                        104
                    ],
                    [
                        45,
                        105
                    ],
                    [
                        46,
                        105
                    ],
                    [
                        47,
                        106
                    ],
                    [
                        48,
                        106
                    ],
                    [
                        49,
                        107
                    ],
                    [
                        52,
                        107
                    ],
                    [
                        53,
                        108
                    ],
                    [
                        54,
                        108
                    ],
                    [
                        55,
                        109
                    ],
                    [
                        56,
                        109
                    ],
                    [
                        57,
                        110
                    ],
                    [
                        58,
                        110
                    ],
                    [
                        59,
                        111
                    ],
                    [
                        62,
                        111
                    ],
                    [
                        63,
                        112
                    ],
                    [
                        71,
                        112
                    ],
                    [
                        72,
                        111
                    ],
                    [
                        76,
                        111
                    ],
                    [
                        76,
                        110
                    ],
                    [
                        78,
                        108
                    ],
                    [
                        79,
                        109
                    ],
                    [
                        79,
                        110
                    ],
                    [
                        78,
                        111
                    ],
                    [
                        78,
                        112
                    ],
                    [
                        79,
                        113
                    ],
                    [
                        80,
                        113
                    ],
                    [
                        81,
                        112
                    ],
                    [
                        82,
                        112
                    ],
                    [
                        82,
                        111
                    ],
                    [
                        81,
                        110
                    ],
                    [
                        81,
                        105
                    ],
                    [
                        82,
                        104
                    ],
                    [
                        82,
                        103
                    ],
                    [
                        83,
                        102
                    ],
                    [
                        83,
                        101
                    ],
                    [
                        84,
                        100
                    ],
                    [
                        84,
                        99
                    ],
                    [
                        85,
                        98
                    ],
                    [
                        85,
                        96
                    ],
                    [
                        87,
                        94
                    ],
                    [
                        87,
                        86
                    ],
                    [
                        88,
                        85
                    ],
                    [
                        88,
                        83
                    ],
                    [
                        89,
                        82
                    ],
                    [
                        89,
                        79
                    ],
                    [
                        90,
                        78
                    ],
                    [
                        90,
                        76
                    ],
                    [
                        91,
                        75
                    ],
                    [
                        91,
                        73
                    ],
                    [
                        92,
                        72
                    ],
                    [
                        92,
                        71
                    ],
                    [
                        93,
                        70
                    ],
                    [
                        93,
                        69
                    ],
                    [
                        94,
                        68
                    ],
                    [
                        94,
                        67
                    ],
                    [
                        96,
                        65
                    ],
                    [
                        96,
                        64
                    ],
                    [
                        97,
                        63
                    ],
                    [
                        96,
                        62
                    ],
                    [
                        96,
                        60
                    ],
                    [
                        94,
                        58
                    ],
                    [
                        94,
                        55
                    ],
                    [
                        95,
                        54
                    ],
                    [
                        95,
                        46
                    ],
                    [
                        94,
                        45
                    ],
                    [
                        94,
                        44
                    ],
                    [
                        93,
                        43
                    ],
                    [
                        93,
                        41
                    ],
                    [
                        92,
                        40
                    ],
                    [
                        92,
                        36
                    ],
                    [
                        90,
                        34
                    ],
                    [
                        90,
                        33
                    ],
                    [
                        89,
                        32
                    ],
                    [
                        89,
                        31
                    ],
                    [
                        88,
                        30
                    ],
                    [
                        88,
                        29
                    ],
                    [
                        85,
                        26
                    ],
                    [
                        84,
                        26
                    ],
                    [
                        82,
                        24
                    ],
                    [
                        81,
                        24
                    ],
                    [
                        80,
                        23
                    ],
                    [
                        76,
                        23
                    ],
                    [
                        75,
                        22
                    ],
                    [
                        74,
                        22
                    ],
                    [
                        73,
                        21
                    ],
                    [
                        68,
                        21
                    ],
                    [
                        67,
                        20
                    ]
                ]
            ],
            "group_id": null,
            "shape_type": "polygon",
            "flags": {}
        }
    ],
    "imagePath": "0.9999_good_tile_10_29_0.png",
    "imageData": null,
    "imageHeight": 224,
    "imageWidth": 224
}