{
    "version": "4.5.9",
    "flags": {},
    "shapes": [
        {
            "label": "foreground",
            "points": [
                [
                    [
                        29,
                        20
                    ],
                    [
                        28,
                        21
                    ],
                    [
                        24,
                        21
                    ],
                    [
                        19,
                        26
                    ],
                    [
                        19,
                        27
                    ],
                    [
                        17,
                        29
                    ],
                    [
                        17,
                        30
                    ],
                    [
                        16,
                        31
                    ],
                    [
                        16,
                        41
                    ],
                    [
                        17,
                        42
                    ],
                    [
                        17,
                        45
                    ],
                    [
                        20,
                        48
                    ],
                    [
                        20,
                        49
                    ],
                    [
                        21,
                        50
                    ],
                    [
                        22,
                        50
                    ],
                    [
                        23,
                        51
                    ],
                    [
                        25,
                        51
                    ],
                    [
                        26,
                        52
                    ],
                    [
                        28,
                        52
                    ],
                    [
                        29,
                        53
                    ],
                    [
                        33,
                        53
                    ],
                    [
                        34,
                        54
                    ],
                    [
                        35,
                        53
                    ],
                    [
                        38,
                        53
                    ],
                    [
                        39,
                        52
                    ],
                    [
                        40,
                        52
                    ],
                    [
                        41,
                        51
                    ],
                    [
                        43,
                        51
                    ],
                    [
                        45,
                        49
                    ],
                    [
                        46,
                        49
                    ],
                    [
                        49,
                        46
                    ],
                    [
                        50,
                        46
                    ],
                    [
                        51,
                        45
                    ],
                    [
                        51,
                        44
                    ],
                    [
                        56,
                        39
                    ],
                    [
                        57,
                        39
                    ],
                    [
                        57,
                        38
                    ],
                    [
                        58,
                        37
                    ],
                    [
                        58,
                        36
                    ],
                    [
                        59,
                        35
                    ],
                    [
                        59,
                        33
                    ],
                    [
                        60,
                        32
                    ],
                    [
                        60,
                        31
                    ],
                    [
                        58,
                        29
                    ],
                    [
                        58,
                        28
                    ],
                    [
                        57,
                        27
                    ],
                    [
                        57,
                        26
                    ],
                    [
                        55,
                        24
                    ],
                    [
                        53,
                        24
                    ],
                    [
                        52,
                        23
                    ],
                    [
                        51,
                        23
                    ],
                    [
                        50,
                        22
                    ],
                    [
                        49,
                        22
                    ],
                    [
                        48,
                        21
                    ],
                    [
                        47,
                        21
                    ],
                    [
                        46,
                        20
                    ]
                ]
            ],
            "group_id": null,
            "shape_type": "polygon",
            "flags": {}
        }
    ],
    "imagePath": "0.9994_good_tile_24_47_3.png",
    "imageData": null,
    "imageHeight": 224,
    "imageWidth": 224
}