{
    "version": "4.5.9",
    "flags": {},
    "shapes": [
        {
            "label": "foreground",
            "points": [
                [
                    [
                        28,
                        15
                    ],
                    [
                        28,
                        18
                    ],
                    [
                        26,
                        20
                    ],
                    [
                        26,
                        21
                    ],
                    [
                        24,
                        23
                    ],
                    [
                        23,
                        23
                    ],
                    [
                        22,
                        24
                    ],
                    [
                        21,
                        24
                    ],
                    [
                        20,
                        25
                    ],
                    [
                        20,
                        32
                    ],
                    [
                        19,
                        33
                    ],
                    [
                        19,
                        34
                    ],
                    [
                        18,
                        35
                    ],
                    [
                        16,
                        35
                    ],
                    [
                        16,
                        38
                    ],
                    [
                        15,
                        39
                    ],
                    [
                        15,
                        42
                    ],
                    [
                        14,
                        43
                    ],
                    [
                        14,
                        50
                    ],
                    [
                        15,
                        51
                    ],
                    [
                        15,
                        52
                    ],
                    [
                        16,
                        53
                    ],
                    [
                        16,
                        55
                    ],
                    [
                        18,
                        57
                    ],
                    [
                        21,
                        57
                    ],
                    [
                        23,
                        59
                    ],
                    [
                        23,
                        60
                    ],
                    [
                        26,
                        63
                    ],
                    [
                        26,
                        64
                    ],
                    [
                        34,
                        64
                    ],
                    [
                        35,
                        63
                    ],
                    [
                        39,
                        63
                    ],
                    [
                        45,
                        57
                    ],
                    [
                        45,
                        55
                    ],
                    [
                        46,
                        54
                    ],
                    [
                        46,
                        53
                    ],
                    [
                        47,
                        52
                    ],
                    [
                        47,
                        39
                    ],
                    [
                        44,
                        36
                    ],
                    [
                        44,
                        33
                    ],
                    [
                        45,
                        32
                    ],
                    [
                        42,
                        29
                    ],
                    [
                        42,
                        28
                    ],
                    [
                        39,
                        25
                    ],
                    [
                        39,
                        22
                    ],
                    [
                        40,
                        21
                    ],
                    [
                        40,
                        20
                    ],
                    [
                        39,
                        19
                    ],
                    [
                        38,
                        19
                    ],
                    [
                        37,
                        20
                    ],
                    [
                        34,
                        20
                    ],
                    [
                        31,
                        17
                    ],
                    [
                        30,
                        17
                    ],
                    [
                        29,
                        16
                    ],
                    [
                        29,
                        15
                    ]
                ]
            ],
            "group_id": null,
            "shape_type": "polygon",
            "flags": {}
        }
    ],
    "imagePath": "0.9996_good_tile_12_30_8.png",
    "imageData": null,
    "imageHeight": 224,
    "imageWidth": 224
}