{
    "version": "4.5.9",
    "flags": {},
    "shapes": [
        {
            "label": "foreground",
            "points": [
                [
                    [
                        48,
                        17
                    ],
                    [
                        47,
                        18
                    ],
                    [
                        42,
                        18
                    ],
                    [
                        41,
                        19
                    ],
                    [
                        40,
                        19
                    ],
                    [
                        39,
                        20
                    ],
                    [
                        36,
                        20
                    ],
                    [
                        35,
                        21
                    ],
                    [
                        34,
                        21
                    ],
                    [
                        33,
                        22
                    ],
                    [
                        32,
                        22
                    ],
                    [
                        31,
                        23
                    ],
                    [
                        30,
                        23
                    ],
                    [
                        27,
                        26
                    ],
                    [
                        26,
                        26
                    ],
                    [
                        25,
                        27
                    ],
                    [
                        25,
                        28
                    ],
                    [
                        22,
                        31
                    ],
                    [
                        22,
                        32
                    ],
                    [
                        21,
                        33
                    ],
                    [
                        21,
                        34
                    ],
                    [
                        20,
                        35
                    ],
                    [
                        20,
                        36
                    ],
                    [
                        19,
                        37
                    ],
                    [
                        19,
                        38
                    ],
                    [
                        18,
                        39
                    ],
                    [
                        18,
                        40
                    ],
                    [
                        17,
                        41
                    ],
                    [
                        17,
                        42
                    ],
                    [
                        16,
                        43
                    ],
                    [
                        16,
                        56
                    ],
                    [
                        17,
                        57
                    ],
                    [
                        17,
                        59
                    ],
                    [
                        18,
                        60
                    ],
                    [
                        18,
                        61
                    ],
                    [
                        19,
                        62
                    ],
                    [
                        19,
                        63
                    ],
                    [
                        20,
                        64
                    ],
                    [
                        20,
                        65
                    ],
                    [
                        22,
                        67
                    ],
                    [
                        22,
                        68
                    ],
                    [
                        27,
                        73
                    ],
                    [
                        27,
                        74
                    ],
                    [
                        28,
                        74
                    ],
                    [
                        32,
                        78
                    ],
                    [
                        33,
                        78
                    ],
                    [
                        35,
                        80
                    ],
                    [
                        36,
                        80
                    ],
                    [
                        37,
                        81
                    ],
                    [
                        38,
                        81
                    ],
                    [
                        39,
                        82
                    ],
                    [
                        40,
                        82
                    ],
                    [
                        41,
                        83
                    ],
                    [
                        43,
                        83
                    ],
                    [
                        44,
                        84
                    ],
                    [
                        45,
                        84
                    ],
                    [
                        46,
                        85
                    ],
                    [
                        50,
                        85
                    ],
                    [
                        51,
                        86
                    ],
                    [
                        56,
                        86
                    ],
                    [
                        57,
                        85
                    ],
                    [
                        59,
                        85
                    ],
                    [
                        60,
                        84
                    ],
                    [
                        62,
                        84
                    ],
                    [
                        63,
                        83
                    ],
                    [
                        66,
                        83
                    ],
                    [
                        67,
                        82
                    ],
                    [
                        68,
                        82
                    ],
                    [
                        71,
                        79
                    ],
                    [
                        72,
                        79
                    ],
                    [
                        74,
                        77
                    ],
                    [
                        75,
                        77
                    ],
                    [
                        79,
                        73
                    ],
                    [
                        80,
                        73
                    ],
                    [
                        80,
                        72
                    ],
                    [
                        81,
                        71
                    ],
                    [
                        81,
                        70
                    ],
                    [
                        82,
                        69
                    ],
                    [
                        82,
                        67
                    ],
                    [
                        83,
                        66
                    ],
                    [
                        83,
                        65
                    ],
                    [
                        85,
                        63
                    ],
                    [
                        85,
                        60
                    ],
                    [
                        86,
                        59
                    ],
                    [
                        86,
                        52
                    ],
                    [
                        87,
                        51
                    ],
                    [
                        87,
                        49
                    ],
                    [
                        86,
                        48
                    ],
                    [
                        86,
                        46
                    ],
                    [
                        85,
                        45
                    ],
                    [
                        85,
                        43
                    ],
                    [
                        84,
                        42
                    ],
                    [
                        84,
                        40
                    ],
                    [
                        83,
                        39
                    ],
                    [
                        83,
                        38
                    ],
                    [
                        82,
                        37
                    ],
                    [
                        82,
                        36
                    ],
                    [
                        73,
                        27
                    ],
                    [
                        72,
                        27
                    ],
                    [
                        71,
                        26
                    ],
                    [
                        71,
                        25
                    ],
                    [
                        69,
                        23
                    ],
                    [
                        69,
                        22
                    ],
                    [
                        68,
                        21
                    ],
                    [
                        66,
                        21
                    ],
                    [
                        65,
                        20
                    ],
                    [
                        58,
                        20
                    ],
                    [
                        57,
                        19
                    ],
                    [
                        53,
                        19
                    ],
                    [
                        52,
                        18
                    ],
                    [
                        51,
                        18
                    ],
                    [
                        50,
                        17
                    ]
                ]
            ],
            "group_id": null,
            "shape_type": "polygon",
            "flags": {}
        }
    ],
    "imagePath": "0.9999_good_tile_40_15_1.png",
    "imageData": null,
    "imageHeight": 224,
    "imageWidth": 224
}