{
    "version": "4.5.9",
    "flags": {},
    "shapes": [
        {
            "label": "foreground",
            "points": [
                [
                    [
                        65,
                        21
                    ],
                    [
                        64,
                        22
                    ],
                    [
                        58,
                        22
                    ],
                    [
                        57,
                        23
                    ],
                    [
                        55,
                        23
                    ],
                    [
                        54,
                        24
                    ],
                    [
                        51,
                        24
                    ],
                    [
                        49,
                        26
                    ],
                    [
                        47,
                        26
                    ],
                    [
                        46,
                        27
                    ],
                    [
                        45,
                        27
                    ],
                    [
                        44,
                        28
                    ],
                    [
                        43,
                        28
                    ],
                    [
                        42,
                        29
                    ],
                    [
                        41,
                        29
                    ],
                    [
                        37,
                        33
                    ],
                    [
                        36,
                        33
                    ],
                    [
                        34,
                        35
                    ],
                    [
                        33,
                        35
                    ],
                    [
                        30,
                        38
                    ],
                    [
                        30,
                        39
                    ],
                    [
                        27,
                        42
                    ],
                    [
                        27,
                        43
                    ],
                    [
                        26,
                        44
                    ],
                    [
                        26,
                        46
                    ],
                    [
                        25,
                        47
                    ],
                    [
                        25,
                        48
                    ],
                    [
                        24,
                        49
                    ],
                    [
                        24,
                        50
                    ],
                    [
                        23,
                        51
                    ],
                    [
                        23,
                        52
                    ],
                    [
                        24,
                        53
                    ],
                    [
                        24,
                        59
                    ],
                    [
                        23,
                        60
                    ],
                    [
                        23,
                        61
                    ],
                    [
                        24,
                        62
                    ],
                    [
                        24,
                        63
                    ],
                    [
                        25,
                        64
                    ],
                    [
                        25,
                        68
                    ],
                    [
                        27,
                        70
                    ],
                    [
                        27,
                        72
                    ],
                    [
                        31,
                        76
                    ],
                    [
                        31,
                        77
                    ],
                    [
                        33,
                        79
                    ],
                    [
                        33,
                        80
                    ],
                    [
                        35,
                        82
                    ],
                    [
                        35,
                        83
                    ],
                    [
                        40,
                        88
                    ],
                    [
                        41,
                        88
                    ],
                    [
                        42,
                        89
                    ],
                    [
                        43,
                        89
                    ],
                    [
                        45,
                        91
                    ],
                    [
                        47,
                        91
                    ],
                    [
                        48,
                        92
                    ],
                    [
                        51,
                        92
                    ],
                    [
                        52,
                        93
                    ],
                    [
                        53,
                        93
                    ],
                    [
                        54,
                        94
                    ],
                    [
                        55,
                        94
                    ],
                    [
                        56,
                        95
                    ],
                    [
                        69,
                        95
                    ],
                    [
                        70,
                        94
                    ],
                    [
                        75,
                        94
                    ],
                    [
                        76,
                        93
                    ],
                    [
                        77,
                        93
                    ],
                    [
                        78,
                        92
                    ],
                    [
                        81,
                        92
                    ],
                    [
                        82,
                        91
                    ],
                    [
                        83,
                        91
                    ],
                    [
                        85,
                        89
                    ],
                    [
                        87,
                        89
                    ],
                    [
                        91,
                        85
                    ],
                    [
                        92,
                        85
                    ],
                    [
                        97,
                        80
                    ],
                    [
                        97,
                        79
                    ],
                    [
                        99,
                        77
                    ],
                    [
                        99,
                        76
                    ],
                    [
                        100,
                        75
                    ],
                    [
                        100,
                        74
                    ],
                    [
                        101,
                        73
                    ],
                    [
                        101,
                        72
                    ],
                    [
                        104,
                        69
                    ],
                    [
                        104,
                        68
                    ],
                    [
                        105,
                        67
                    ],
                    [
                        105,
                        64
                    ],
                    [
                        106,
                        63
                    ],
                    [
                        106,
                        61
                    ],
                    [
                        107,
                        60
                    ],
                    [
                        107,
                        55
                    ],
                    [
                        108,
                        54
                    ],
                    [
                        108,
                        47
                    ],
                    [
                        107,
                        46
                    ],
                    [
                        107,
                        45
                    ],
                    [
                        105,
                        43
                    ],
                    [
                        105,
                        42
                    ],
                    [
                        104,
                        41
                    ],
                    [
                        104,
                        40
                    ],
                    [
                        100,
                        36
                    ],
                    [
                        100,
                        35
                    ],
                    [
                        98,
                        33
                    ],
                    [
                        97,
                        33
                    ],
                    [
                        94,
                        30
                    ],
                    [
                        92,
                        30
                    ],
                    [
                        91,
                        29
                    ],
                    [
                        90,
                        29
                    ],
                    [
                        89,
                        28
                    ],
                    [
                        88,
                        28
                    ],
                    [
                        87,
                        27
                    ],
                    [
                        86,
                        27
                    ],
                    [
                        85,
                        26
                    ],
                    [
                        84,
                        26
                    ],
                    [
                        83,
                        25
                    ],
                    [
                        81,
                        25
                    ],
                    [
                        80,
                        24
                    ],
                    [
                        79,
                        24
                    ],
                    [
                        78,
                        23
                    ],
                    [
                        77,
                        23
                    ],
                    [
                        76,
                        22
                    ],
                    [
                        68,
                        22
                    ],
                    [
                        67,
                        21
                    ]
                ]
            ],
            "group_id": null,
            "shape_type": "polygon",
            "flags": {}
        }
    ],
    "imagePath": "0.9940_good_tile_40_15_0.png",
    "imageData": null,
    "imageHeight": 224,
    "imageWidth": 224
}