{
    "version": "4.5.9",
    "flags": {},
    "shapes": [
        {
            "label": "foreground",
            "points": [
                [
                    [
                        31,
                        17
                    ],
                    [
                        30,
                        18
                    ],
                    [
                        27,
                        18
                    ],
                    [
                        26,
                        19
                    ],
                    [
                        24,
                        19
                    ],
                    [
                        18,
                        25
                    ],
                    [
                        18,
                        26
                    ],
                    [
                        16,
                        28
                    ],
                    [
                        16,
                        30
                    ],
                    [
                        15,
                        31
                    ],
                    [
                        15,
                        32
                    ],
                    [
                        14,
                        33
                    ],
                    [
                        14,
                        40
                    ],
                    [
                        15,
                        41
                    ],
                    [
                        15,
                        44
                    ],
                    [
                        16,
                        45
                    ],
                    [
                        16,
                        47
                    ],
                    [
                        17,
                        47
                    ],
                    [
                        20,
                        50
                    ],
                    [
                        20,
                        51
                    ],
                    [
                        21,
                        52
                    ],
                    [
                        22,
                        52
                    ],
                    [
                        23,
                        53
                    ],
                    [
                        24,
                        53
                    ],
                    [
                        25,
                        54
                    ],
                    [
                        26,
                        54
                    ],
                    [
                        27,
                        55
                    ],
                    [
                        29,
                        55
                    ],
                    [
                        30,
                        56
                    ],
                    [
                        34,
                        56
                    ],
                    [
                        35,
                        57
                    ],
                    [
                        41,
                        57
                    ],
                    [
                        42,
                        56
                    ],
                    [
                        44,
                        56
                    ],
                    [
                        45,
                        55
                    ],
                    [
                        47,
                        55
                    ],
                    [
                        48,
                        54
                    ],
                    [
                        49,
                        54
                    ],
                    [
                        54,
                        49
                    ],
                    [
                        54,
                        48
                    ],
                    [
                        55,
                        47
                    ],
                    [
                        55,
                        45
                    ],
                    [
                        56,
                        44
                    ],
                    [
                        56,
                        42
                    ],
                    [
                        57,
                        41
                    ],
                    [
                        57,
                        37
                    ],
                    [
                        56,
                        36
                    ],
                    [
                        56,
                        31
                    ],
                    [
                        55,
                        30
                    ],
                    [
                        55,
                        29
                    ],
                    [
                        54,
                        28
                    ],
                    [
                        54,
                        27
                    ],
                    [
                        45,
                        18
                    ],
                    [
                        42,
                        18
                    ],
                    [
                        41,
                        17
                    ]
                ]
            ],
            "group_id": null,
            "shape_type": "polygon",
            "flags": {}
        }
    ],
    "imagePath": "0.9999_good_tile_24_47_2.png",
    "imageData": null,
    "imageHeight": 224,
    "imageWidth": 224
}