{
    "version": "4.5.9",
    "flags": {},
    "shapes": [
        {
            "label": "foreground",
            "points": [
                [
                    [
                        44,
                        20
                    ],
                    [
                        43,
                        21
                    ],
                    [
                        40,
                        21
                    ],
                    [
                        39,
                        22
                    ],
                    [
                        38,
                        22
                    ],
                    [
                        38,
                        23
                    ],
                    [
                        37,
                        24
                    ],
                    [
                        37,
                        25
                    ],
                    [
                        33,
                        29
                    ],
                    [
                        33,
                        30
                    ],
                    [
                        31,
                        32
                    ],
                    [
                        31,
                        34
                    ],
                    [
                        30,
                        35
                    ],
                    [
                        30,
                        36
                    ],
                    [
                        29,
                        37
                    ],
                    [
                        29,
                        39
                    ],
                    [
                        28,
                        40
                    ],
                    [
                        28,
                        42
                    ],
                    [
                        27,
                        43
                    ],
                    [
                        27,
                        47
                    ],
                    [
                        26,
                        48
                    ],
                    [
                        26,
                        57
                    ],
                    [
                        25,
                        58
                    ],
                    [
                        25,
                        64
                    ],
                    [
                        24,
                        65
                    ],
                    [
                        24,
                        69
                    ],
                    [
                        23,
                        70
                    ],
                    [
                        23,
                        73
                    ],
                    [
                        22,
                        74
                    ],
                    [
                        22,
                        76
                    ],
                    [
                        21,
                        77
                    ],
                    [
                        21,
                        81
                    ],
                    [
                        20,
                        82
                    ],
                    [
                        20,
                        98
                    ],
                    [
                        21,
                        99
                    ],
                    [
                        21,
                        100
                    ],
                    [
                        22,
                        101
                    ],
                    [
                        22,
                        102
                    ],
                    [
                        25,
                        105
                    ],
                    [
                        25,
                        106
                    ],
                    [
                        28,
                        109
                    ],
                    [
                        29,
                        109
                    ],
                    [
                        32,
                        112
                    ],
                    [
                        33,
                        112
                    ],
                    [
                        34,
                        113
                    ],
                    [
                        35,
                        113
                    ],
                    [
                        41,
                        119
                    ],
                    [
                        41,
                        120
                    ],
                    [
                        42,
                        121
                    ],
                    [
                        41,
                        122
                    ],
                    [
                        42,
                        123
                    ],
                    [
                        42,
                        124
                    ],
                    [
                        43,
                        125
                    ],
                    [
                        43,
                        131
                    ],
                    [
                        44,
                        132
                    ],
                    [
                        44,
                        134
                    ],
                    [
                        45,
                        135
                    ],
                    [
                        45,
                        139
                    ],
                    [
                        51,
                        145
                    ],
                    [
                        52,
                        145
                    ],
                    [
                        54,
                        147
                    ],
                    [
                        54,
                        150
                    ],
                    [
                        56,
                        152
                    ],
                    [
                        58,
                        150
                    ],
                    [
                        59,
                        150
                    ],
                    [
                        60,
                        151
                    ],
                    [
                        64,
                        151
                    ],
                    [
                        66,
                        149
                    ],
                    [
                        67,
                        149
                    ],
                    [
                        68,
                        148
                    ],
                    [
                        69,
                        149
                    ],
                    [
                        70,
                        149
                    ],
                    [
                        71,
                        148
                    ],
                    [
                        78,
                        148
                    ],
                    [
                        80,
                        146
                    ],
                    [
                        81,
                        146
                    ],
                    [
                        82,
                        145
                    ],
                    [
                        82,
                        144
                    ],
                    [
                        84,
                        142
                    ],
                    [
                        85,
                        142
                    ],
                    [
                        86,
                        141
                    ],
                    [
                        86,
                        140
                    ],
                    [
                        89,
                        137
                    ],
                    [
                        89,
                        136
                    ],
                    [
                        90,
                        135
                    ],
                    [
                        90,
                        133
                    ],
                    [
                        91,
                        132
                    ],
                    [
                        91,
                        129
                    ],
                    [
                        92,
                        128
                    ],
                    [
                        92,
                        126
                    ],
                    [
                        91,
                        125
                    ],
                    [
                        90,
                        125
                    ],
                    [
                        86,
                        121
                    ],
                    [
                        86,
                        120
                    ],
                    [
                        84,
                        118
                    ],
                    [
                        84,
                        116
                    ],
                    [
                        83,
                        115
                    ],
                    [
                        82,
                        115
                    ],
                    [
                        78,
                        111
                    ],
                    [
                        77,
                        111
                    ],
                    [
                        76,
                        110
                    ],
                    [
                        75,
                        110
                    ],
                    [
                        73,
                        108
                    ],
                    [
                        73,
                        107
                    ],
                    [
                        71,
                        105
                    ],
                    [
                        71,
                        104
                    ],
                    [
                        70,
                        103
                    ],
                    [
                        70,
                        102
                    ],
                    [
                        69,
                        101
                    ],
                    [
                        69,
                        99
                    ],
                    [
                        68,
                        98
                    ],
                    [
                        68,
                        95
                    ],
                    [
                        67,
                        94
                    ],
                    [
                        67,
                        93
                    ],
                    [
                        66,
                        92
                    ],
                    [
                        66,
                        90
                    ],
                    [
                        65,
                        89
                    ],
                    [
                        65,
                        88
                    ],
                    [
                        64,
                        87
                    ],
                    [
                        64,
                        86
                    ],
                    [
                        63,
                        85
                    ],
                    [
                        63,
                        84
                    ],
                    [
                        62,
                        83
                    ],
                    [
                        62,
                        81
                    ],
                    [
                        61,
                        80
                    ],
                    [
                        61,
                        78
                    ],
                    [
                        60,
                        77
                    ],
                    [
                        60,
                        76
                    ],
                    [
                        59,
                        75
                    ],
                    [
                        59,
                        69
                    ],
                    [
                        58,
                        68
                    ],
                    [
                        58,
                        64
                    ],
                    [
                        57,
                        63
                    ],
                    [
                        57,
                        56
                    ],
                    [
                        56,
                        55
                    ],
                    [
                        56,
                        50
                    ],
                    [
                        55,
                        49
                    ],
                    [
                        55,
                        48
                    ],
                    [
                        54,
                        47
                    ],
                    [
                        54,
                        37
                    ],
                    [
                        53,
                        36
                    ],
                    [
                        53,
                        35
                    ],
                    [
                        54,
                        34
                    ],
                    [
                        54,
                        33
                    ],
                    [
                        55,
                        32
                    ],
                    [
                        55,
                        27
                    ],
                    [
                        54,
                        26
                    ],
                    [
                        54,
                        25
                    ],
                    [
                        50,
                        21
                    ],
                    [
                        48,
                        21
                    ],
                    [
                        47,
                        20
                    ]
                ]
            ],
            "group_id": null,
            "shape_type": "polygon",
            "flags": {}
        }
    ],
    "imagePath": "0.9902_good_tile_40_15_11.png",
    "imageData": null,
    "imageHeight": 224,
    "imageWidth": 224
}