{
    "version": "4.5.9",
    "flags": {},
    "shapes": [
        {
            "label": "foreground",
            "points": [
                [
                    [
                        57,
                        10
                    ],
                    [
                        54,
                        13
                    ],
                    [
                        54,
                        14
                    ],
                    [
                        53,
                        15
                    ],
                    [
                        50,
                        15
                    ],
                    [
                        49,
                        16
                    ],
                    [
                        48,
                        16
                    ],
                    [
                        47,
                        17
                    ],
                    [
                        46,
                        17
                    ],
                    [
                        45,
                        18
                    ],
                    [
                        42,
                        18
                    ],
                    [
                        40,
                        16
                    ],
                    [
                        40,
                        15
                    ],
                    [
                        41,
                        14
                    ],
                    [
                        37,
                        14
                    ],
                    [
                        36,
                        15
                    ],
                    [
                        35,
                        14
                    ],
                    [
                        33,
                        14
                    ],
                    [
                        31,
                        12
                    ],
                    [
                        25,
                        12
                    ],
                    [
                        24,
                        11
                    ],
                    [
                        23,
                        12
                    ],
                    [
                        22,
                        12
                    ],
                    [
                        21,
                        13
                    ],
                    [
                        19,
                        13
                    ],
                    [
                        17,
                        15
                    ],
                    [
                        16,
                        15
                    ],
                    [
                        13,
                        18
                    ],
                    [
                        10,
                        18
                    ],
                    [
                        9,
                        19
                    ],
                    [
                        9,
                        20
                    ],
                    [
                        7,
                        22
                    ],
                    [
                        7,
                        30
                    ],
                    [
                        6,
                        31
                    ],
                    [
                        4,
                        31
                    ],
                    [
                        3,
                        30
                    ],
                    [
                        3,
                        29
                    ],
                    [
                        2,
                        29
                    ],
                    [
                        1,
                        30
                    ],
                    [
                        1,
                        34
                    ],
                    [
                        2,
                        35
                    ],
                    [
                        2,
                        38
                    ],
                    [
                        5,
                        41
                    ],
                    [
                        4,
                        42
                    ],
                    [
                        2,
                        42
                    ],
                    [
                        2,
                        43
                    ],
                    [
                        1,
                        44
                    ],
                    [
                        1,
                        45
                    ],
                    [
                        2,
                        46
                    ],
                    [
                        4,
                        46
                    ],
                    [
                        5,
                        47
                    ],
                    [
                        5,
                        50
                    ],
                    [
                        4,
                        51
                    ],
                    [
                        4,
                        55
                    ],
                    [
                        3,
                        56
                    ],
                    [
                        2,
                        55
                    ],
                    [
                        1,
                        56
                    ],
                    [
                        1,
                        65
                    ],
                    [
                        2,
                        66
                    ],
                    [
                        2,
                        69
                    ],
                    [
                        3,
                        70
                    ],
                    [
                        3,
                        75
                    ],
                    [
                        4,
                        76
                    ],
                    [
                        4,
                        77
                    ],
                    [
                        10,
                        83
                    ],
                    [
                        12,
                        83
                    ],
                    [
                        13,
                        84
                    ],
                    [
                        16,
                        84
                    ],
                    [
                        17,
                        85
                    ],
                    [
                        18,
                        85
                    ],
                    [
                        20,
                        87
                    ],
                    [
                        20,
                        89
                    ],
                    [
                        21,
                        90
                    ],
                    [
                        22,
                        90
                    ],
                    [
                        23,
                        91
                    ],
                    [
                        24,
                        91
                    ],
                    [
                        25,
                        90
                    ],
                    [
                        27,
                        90
                    ],
                    [
                        28,
                        89
                    ],
                    [
                        29,
                        89
                    ],
                    [
                        30,
                        90
                    ],
                    [
                        34,
                        90
                    ],
                    [
                        35,
                        89
                    ],
                    [
                        37,
                        89
                    ],
                    [
                        38,
                        88
                    ],
                    [
                        39,
                        88
                    ],
                    [
                        40,
                        87
                    ],
                    [
                        44,
                        87
                    ],
                    [
                        45,
                        86
                    ],
                    [
                        46,
                        86
                    ],
                    [
                        47,
                        85
                    ],
                    [
                        48,
                        85
                    ],
                    [
                        48,
                        84
                    ],
                    [
                        50,
                        82
                    ],
                    [
                        53,
                        82
                    ],
                    [
                        54,
                        81
                    ],
                    [
                        62,
                        81
                    ],
                    [
                        63,
                        82
                    ],
                    [
                        68,
                        82
                    ],
                    [
                        68,
                        80
                    ],
                    [
                        67,
                        79
                    ],
                    [
                        67,
                        74
                    ],
                    [
                        66,
                        73
                    ],
                    [
                        66,
                        71
                    ],
                    [
                        67,
                        70
                    ],
                    [
                        68,
                        70
                    ],
                    [
                        69,
                        71
                    ],
                    [
                        70,
                        70
                    ],
                    [
                        72,
                        70
                    ],
                    [
                        73,
                        69
                    ],
                    [
                        76,
                        69
                    ],
                    [
                        76,
                        68
                    ],
                    [
                        77,
                        67
                    ],
                    [
                        77,
                        50
                    ],
                    [
                        76,
                        49
                    ],
                    [
                        76,
                        28
                    ],
                    [
                        75,
                        27
                    ],
                    [
                        75,
                        29
                    ],
                    [
                        74,
                        30
                    ],
                    [
                        72,
                        28
                    ],
                    [
                        72,
                        27
                    ],
                    [
                        71,
                        26
                    ],
                    [
                        71,
                        21
                    ],
                    [
                        67,
                        21
                    ],
                    [
                        66,
                        20
                    ],
                    [
                        65,
                        20
                    ],
                    [
                        63,
                        18
                    ],
                    [
                        63,
                        14
                    ],
                    [
                        62,
                        13
                    ],
                    [
                        59,
                        13
                    ],
                    [
                        58,
                        12
                    ],
                    [
                        58,
                        10
                    ]
                ]
            ],
            "group_id": null,
            "shape_type": "polygon",
            "flags": {}
        }
    ],
    "imagePath": "0.4120_good_tile_57_31_1.png",
    "imageData": null,
    "imageHeight": 224,
    "imageWidth": 224
}