{
    "version": "4.5.9",
    "flags": {},
    "shapes": [
        {
            "label": "foreground",
            "points": [
                [
                    [
                        13,
                        14
                    ],
                    [
                        12,
                        15
                    ],
                    [
                        12,
                        16
                    ],
                    [
                        13,
                        17
                    ],
                    [
                        13,
                        20
                    ],
                    [
                        14,
                        21
                    ],
                    [
                        14,
                        23
                    ],
                    [
                        16,
                        25
                    ],
                    [
                        16,
                        26
                    ],
                    [
                        17,
                        27
                    ],
                    [
                        17,
                        29
                    ],
                    [
                        16,
                        30
                    ],
                    [
                        16,
                        38
                    ],
                    [
                        15,
                        39
                    ],
                    [
                        15,
                        40
                    ],
                    [
                        14,
                        41
                    ],
                    [
                        14,
                        46
                    ],
                    [
                        16,
                        48
                    ],
                    [
                        16,
                        49
                    ],
                    [
                        21,
                        54
                    ],
                    [
                        22,
                        54
                    ],
                    [
                        24,
                        56
                    ],
                    [
                        25,
                        56
                    ],
                    [
                        29,
                        60
                    ],
                    [
                        30,
                        60
                    ],
                    [
                        32,
                        62
                    ],
                    [
                        32,
                        63
                    ],
                    [
                        33,
                        64
                    ],
                    [
                        36,
                        64
                    ],
                    [
                        37,
                        63
                    ],
                    [
                        37,
                        62
                    ],
                    [
                        36,
                        61
                    ],
                    [
                        37,
                        60
                    ],
                    [
                        37,
                        59
                    ],
                    [
                        38,
                        58
                    ],
                    [
                        39,
                        58
                    ],
                    [
                        39,
                        57
                    ],
                    [
                        40,
                        56
                    ],
                    [
                        40,
                        54
                    ],
                    [
                        41,
                        53
                    ],
                    [
                        41,
                        50
                    ],
                    [
                        42,
                        49
                    ],
                    [
                        42,
                        44
                    ],
                    [
                        43,
                        43
                    ],
                    [
                        43,
                        42
                    ],
                    [
                        42,
                        41
                    ],
                    [
                        42,
                        37
                    ],
                    [
                        43,
                        36
                    ],
                    [
                        43,
                        30
                    ],
                    [
                        42,
                        29
                    ],
                    [
                        42,
                        28
                    ],
                    [
                        41,
                        28
                    ],
                    [
                        40,
                        27
                    ],
                    [
                        38,
                        27
                    ],
                    [
                        35,
                        24
                    ],
                    [
                        33,
                        24
                    ],
                    [
                        32,
                        25
                    ],
                    [
                        31,
                        25
                    ],
                    [
                        30,
                        26
                    ],
                    [
                        29,
                        26
                    ],
                    [
                        28,
                        27
                    ],
                    [
                        25,
                        27
                    ],
                    [
                        21,
                        23
                    ],
                    [
                        20,
                        23
                    ],
                    [
                        17,
                        20
                    ],
                    [
                        17,
                        19
                    ],
                    [
                        16,
                        18
                    ],
                    [
                        16,
                        17
                    ]
                ]
            ],
            "group_id": null,
            "shape_type": "polygon",
            "flags": {}
        }
    ],
    "imagePath": "0.5501_good_tile_41_35_5.png",
    "imageData": null,
    "imageHeight": 224,
    "imageWidth": 224
}