{
    "version": "4.5.9",
    "flags": {},
    "shapes": [
        {
            "label": "foreground",
            "points": [
                [
                    [
                        69,
                        16
                    ],
                    [
                        66,
                        19
                    ],
                    [
                        66,
                        20
                    ],
                    [
                        64,
                        22
                    ],
                    [
                        57,
                        22
                    ],
                    [
                        56,
                        23
                    ],
                    [
                        55,
                        23
                    ],
                    [
                        54,
                        24
                    ],
                    [
                        51,
                        24
                    ],
                    [
                        50,
                        25
                    ],
                    [
                        49,
                        25
                    ],
                    [
                        45,
                        29
                    ],
                    [
                        44,
                        29
                    ],
                    [
                        43,
                        30
                    ],
                    [
                        42,
                        30
                    ],
                    [
                        41,
                        31
                    ],
                    [
                        40,
                        31
                    ],
                    [
                        39,
                        32
                    ],
                    [
                        38,
                        32
                    ],
                    [
                        37,
                        33
                    ],
                    [
                        35,
                        33
                    ],
                    [
                        34,
                        34
                    ],
                    [
                        33,
                        34
                    ],
                    [
                        32,
                        35
                    ],
                    [
                        31,
                        35
                    ],
                    [
                        29,
                        37
                    ],
                    [
                        29,
                        38
                    ],
                    [
                        28,
                        39
                    ],
                    [
                        28,
                        40
                    ],
                    [
                        27,
                        41
                    ],
                    [
                        27,
                        43
                    ],
                    [
                        26,
                        44
                    ],
                    [
                        26,
                        46
                    ],
                    [
                        25,
                        47
                    ],
                    [
                        25,
                        48
                    ],
                    [
                        24,
                        49
                    ],
                    [
                        24,
                        50
                    ],
                    [
                        23,
                        51
                    ],
                    [
                        23,
                        52
                    ],
                    [
                        22,
                        53
                    ],
                    [
                        22,
                        54
                    ],
                    [
                        21,
                        55
                    ],
                    [
                        21,
                        56
                    ],
                    [
                        20,
                        57
                    ],
                    [
                        20,
                        62
                    ],
                    [
                        21,
                        62
                    ],
                    [
                        22,
                        63
                    ],
                    [
                        27,
                        63
                    ],
                    [
                        28,
                        62
                    ],
                    [
                        29,
                        62
                    ],
                    [
                        30,
                        61
                    ],
                    [
                        31,
                        61
                    ],
                    [
                        33,
                        59
                    ],
                    [
                        33,
                        58
                    ],
                    [
                        37,
                        54
                    ],
                    [
                        38,
                        54
                    ],
                    [
                        39,
                        53
                    ],
                    [
                        42,
                        53
                    ],
                    [
                        45,
                        50
                    ],
                    [
                        46,
                        50
                    ],
                    [
                        47,
                        49
                    ],
                    [
                        48,
                        49
                    ],
                    [
                        50,
                        47
                    ],
                    [
                        52,
                        47
                    ],
                    [
                        54,
                        45
                    ],
                    [
                        56,
                        45
                    ],
                    [
                        57,
                        44
                    ],
                    [
                        58,
                        44
                    ],
                    [
                        61,
                        41
                    ],
                    [
                        62,
                        41
                    ],
                    [
                        66,
                        37
                    ],
                    [
                        66,
                        35
                    ],
                    [
                        68,
                        33
                    ],
                    [
                        69,
                        33
                    ],
                    [
                        72,
                        30
                    ],
                    [
                        72,
                        29
                    ],
                    [
                        77,
                        24
                    ],
                    [
                        77,
                        19
                    ],
                    [
                        76,
                        18
                    ],
                    [
                        76,
                        17
                    ],
                    [
                        75,
                        17
                    ],
                    [
                        74,
                        16
                    ]
                ]
            ],
            "group_id": null,
            "shape_type": "polygon",
            "flags": {}
        }
    ],
    "imagePath": "0.8291_good_tile_11_17_7.png",
    "imageData": null,
    "imageHeight": 224,
    "imageWidth": 224
}