{
    "version": "4.5.9",
    "flags": {},
    "shapes": [
        {
            "label": "foreground",
            "points": [
                [
                    [
                        62,
                        22
                    ],
                    [
                        61,
                        23
                    ],
                    [
                        59,
                        23
                    ],
                    [
                        58,
                        24
                    ],
                    [
                        55,
                        24
                    ],
                    [
                        54,
                        25
                    ],
                    [
                        51,
                        25
                    ],
                    [
                        50,
                        26
                    ],
                    [
                        49,
                        26
                    ],
                    [
                        48,
                        27
                    ],
                    [
                        46,
                        27
                    ],
                    [
                        45,
                        28
                    ],
                    [
                        44,
                        28
                    ],
                    [
                        42,
                        30
                    ],
                    [
                        39,
                        30
                    ],
                    [
                        32,
                        37
                    ],
                    [
                        31,
                        37
                    ],
                    [
                        27,
                        41
                    ],
                    [
                        27,
                        44
                    ],
                    [
                        25,
                        46
                    ],
                    [
                        25,
                        47
                    ],
                    [
                        24,
                        48
                    ],
                    [
                        24,
                        49
                    ],
                    [
                        23,
                        50
                    ],
                    [
                        23,
                        55
                    ],
                    [
                        22,
                        56
                    ],
                    [
                        22,
                        58
                    ],
                    [
                        23,
                        59
                    ],
                    [
                        23,
                        60
                    ],
                    [
                        24,
                        61
                    ],
                    [
                        24,
                        63
                    ],
                    [
                        25,
                        64
                    ],
                    [
                        26,
                        64
                    ],
                    [
                        28,
                        66
                    ],
                    [
                        28,
                        68
                    ],
                    [
                        31,
                        71
                    ],
                    [
                        31,
                        72
                    ],
                    [
                        32,
                        73
                    ],
                    [
                        33,
                        73
                    ],
                    [
                        35,
                        75
                    ],
                    [
                        35,
                        76
                    ],
                    [
                        36,
                        77
                    ],
                    [
                        36,
                        78
                    ],
                    [
                        39,
                        81
                    ],
                    [
                        39,
                        82
                    ],
                    [
                        40,
                        82
                    ],
                    [
                        46,
                        88
                    ],
                    [
                        47,
                        88
                    ],
                    [
                        48,
                        89
                    ],
                    [
                        49,
                        89
                    ],
                    [
                        53,
                        93
                    ],
                    [
                        54,
                        93
                    ],
                    [
                        56,
                        95
                    ],
                    [
                        57,
                        95
                    ],
                    [
                        58,
                        96
                    ],
                    [
                        59,
                        96
                    ],
                    [
                        61,
                        98
                    ],
                    [
                        63,
                        98
                    ],
                    [
                        64,
                        99
                    ],
                    [
                        71,
                        99
                    ],
                    [
                        72,
                        100
                    ],
                    [
                        73,
                        99
                    ],
                    [
                        78,
                        99
                    ],
                    [
                        79,
                        98
                    ],
                    [
                        80,
                        98
                    ],
                    [
                        81,
                        97
                    ],
                    [
                        83,
                        97
                    ],
                    [
                        86,
                        94
                    ],
                    [
                        87,
                        94
                    ],
                    [
                        91,
                        90
                    ],
                    [
                        92,
                        90
                    ],
                    [
                        94,
                        88
                    ],
                    [
                        94,
                        87
                    ],
                    [
                        95,
                        86
                    ],
                    [
                        95,
                        85
                    ],
                    [
                        99,
                        81
                    ],
                    [
                        99,
                        80
                    ],
                    [
                        101,
                        78
                    ],
                    [
                        101,
                        77
                    ],
                    [
                        103,
                        75
                    ],
                    [
                        103,
                        74
                    ],
                    [
                        104,
                        73
                    ],
                    [
                        104,
                        72
                    ],
                    [
                        105,
                        71
                    ],
                    [
                        105,
                        70
                    ],
                    [
                        109,
                        66
                    ],
                    [
                        109,
                        65
                    ],
                    [
                        108,
                        64
                    ],
                    [
                        108,
                        62
                    ],
                    [
                        110,
                        60
                    ],
                    [
                        111,
                        61
                    ],
                    [
                        113,
                        61
                    ],
                    [
                        113,
                        60
                    ],
                    [
                        111,
                        60
                    ],
                    [
                        109,
                        58
                    ],
                    [
                        109,
                        57
                    ],
                    [
                        108,
                        56
                    ],
                    [
                        108,
                        50
                    ],
                    [
                        105,
                        50
                    ],
                    [
                        104,
                        49
                    ],
                    [
                        103,
                        49
                    ],
                    [
                        102,
                        48
                    ],
                    [
                        100,
                        48
                    ],
                    [
                        98,
                        46
                    ],
                    [
                        98,
                        45
                    ],
                    [
                        97,
                        45
                    ],
                    [
                        96,
                        44
                    ],
                    [
                        95,
                        44
                    ],
                    [
                        92,
                        41
                    ],
                    [
                        92,
                        40
                    ],
                    [
                        91,
                        39
                    ],
                    [
                        90,
                        39
                    ],
                    [
                        87,
                        36
                    ],
                    [
                        86,
                        36
                    ],
                    [
                        85,
                        35
                    ],
                    [
                        84,
                        35
                    ],
                    [
                        83,
                        34
                    ],
                    [
                        82,
                        34
                    ],
                    [
                        79,
                        31
                    ],
                    [
                        78,
                        31
                    ],
                    [
                        77,
                        30
                    ],
                    [
                        76,
                        30
                    ],
                    [
                        75,
                        29
                    ],
                    [
                        74,
                        29
                    ],
                    [
                        68,
                        23
                    ],
                    [
                        67,
                        23
                    ],
                    [
                        66,
                        22
                    ]
                ]
            ],
            "group_id": null,
            "shape_type": "polygon",
            "flags": {}
        }
    ],
    "imagePath": "0.8458_good_tile_11_17_2.png",
    "imageData": null,
    "imageHeight": 224,
    "imageWidth": 224
}