{
    "version": "4.5.9",
    "flags": {},
    "shapes": [
        {
            "label": "foreground",
            "points": [
                [
                    [
                        43,
                        21
                    ],
                    [
                        39,
                        25
                    ],
                    [
                        36,
                        25
                    ],
                    [
                        33,
                        28
                    ],
                    [
                        33,
                        29
                    ],
                    [
                        30,
                        32
                    ],
                    [
                        30,
                        33
                    ],
                    [
                        29,
                        34
                    ],
                    [
                        29,
                        42
                    ],
                    [
                        28,
                        43
                    ],
                    [
                        28,
                        46
                    ],
                    [
                        27,
                        47
                    ],
                    [
                        27,
                        51
                    ],
                    [
                        25,
                        53
                    ],
                    [
                        25,
                        54
                    ],
                    [
                        24,
                        55
                    ],
                    [
                        24,
                        56
                    ],
                    [
                        23,
                        57
                    ],
                    [
                        23,
                        58
                    ],
                    [
                        22,
                        59
                    ],
                    [
                        22,
                        61
                    ],
                    [
                        21,
                        62
                    ],
                    [
                        21,
                        63
                    ],
                    [
                        20,
                        64
                    ],
                    [
                        20,
                        66
                    ],
                    [
                        19,
                        67
                    ],
                    [
                        19,
                        70
                    ],
                    [
                        18,
                        71
                    ],
                    [
                        18,
                        72
                    ],
                    [
                        19,
                        73
                    ],
                    [
                        19,
                        78
                    ],
                    [
                        20,
                        79
                    ],
                    [
                        20,
                        82
                    ],
                    [
                        22,
                        84
                    ],
                    [
                        22,
                        85
                    ],
                    [
                        27,
                        90
                    ],
                    [
                        28,
                        90
                    ],
                    [
                        29,
                        91
                    ],
                    [
                        30,
                        91
                    ],
                    [
                        31,
                        92
                    ],
                    [
                        33,
                        92
                    ],
                    [
                        35,
                        94
                    ],
                    [
                        38,
                        94
                    ],
                    [
                        39,
                        95
                    ],
                    [
                        41,
                        95
                    ],
                    [
                        42,
                        94
                    ],
                    [
                        43,
                        95
                    ],
                    [
                        48,
                        95
                    ],
                    [
                        49,
                        94
                    ],
                    [
                        54,
                        94
                    ],
                    [
                        55,
                        93
                    ],
                    [
                        57,
                        93
                    ],
                    [
                        59,
                        91
                    ],
                    [
                        60,
                        91
                    ],
                    [
                        61,
                        90
                    ],
                    [
                        62,
                        90
                    ],
                    [
                        64,
                        88
                    ],
                    [
                        65,
                        88
                    ],
                    [
                        66,
                        87
                    ],
                    [
                        67,
                        87
                    ],
                    [
                        68,
                        86
                    ],
                    [
                        69,
                        86
                    ],
                    [
                        70,
                        85
                    ],
                    [
                        71,
                        85
                    ],
                    [
                        71,
                        83
                    ],
                    [
                        72,
                        82
                    ],
                    [
                        77,
                        82
                    ],
                    [
                        79,
                        80
                    ],
                    [
                        80,
                        80
                    ],
                    [
                        82,
                        78
                    ],
                    [
                        82,
                        77
                    ],
                    [
                        83,
                        76
                    ],
                    [
                        84,
                        76
                    ],
                    [
                        88,
                        72
                    ],
                    [
                        89,
                        72
                    ],
                    [
                        90,
                        71
                    ],
                    [
                        91,
                        71
                    ],
                    [
                        95,
                        67
                    ],
                    [
                        95,
                        66
                    ],
                    [
                        96,
                        65
                    ],
                    [
                        96,
                        62
                    ],
                    [
                        95,
                        61
                    ],
                    [
                        95,
                        57
                    ],
                    [
                        94,
                        56
                    ],
                    [
                        94,
                        55
                    ],
                    [
                        93,
                        55
                    ],
                    [
                        91,
                        53
                    ],
                    [
                        91,
                        52
                    ],
                    [
                        90,
                        51
                    ],
                    [
                        90,
                        49
                    ],
                    [
                        89,
                        48
                    ],
                    [
                        89,
                        44
                    ],
                    [
                        88,
                        43
                    ],
                    [
                        88,
                        33
                    ],
                    [
                        80,
                        33
                    ],
                    [
                        78,
                        31
                    ],
                    [
                        77,
                        31
                    ],
                    [
                        75,
                        29
                    ],
                    [
                        74,
                        29
                    ],
                    [
                        73,
                        28
                    ],
                    [
                        71,
                        28
                    ],
                    [
                        70,
                        27
                    ],
                    [
                        69,
                        27
                    ],
                    [
                        67,
                        25
                    ],
                    [
                        66,
                        25
                    ],
                    [
                        65,
                        24
                    ],
                    [
                        55,
                        24
                    ],
                    [
                        54,
                        23
                    ],
                    [
                        51,
                        23
                    ],
                    [
                        49,
                        21
                    ]
                ]
            ],
            "group_id": null,
            "shape_type": "polygon",
            "flags": {}
        }
    ],
    "imagePath": "0.8787_good_tile_57_31_0.png",
    "imageData": null,
    "imageHeight": 224,
    "imageWidth": 224
}