{
    "version": "4.5.9",
    "flags": {},
    "shapes": [
        {
            "label": "foreground",
            "points": [
                [
                    [
                        60,
                        17
                    ],
                    [
                        59,
                        18
                    ],
                    [
                        50,
                        18
                    ],
                    [
                        49,
                        19
                    ],
                    [
                        46,
                        19
                    ],
                    [
                        45,
                        20
                    ],
                    [
                        44,
                        20
                    ],
                    [
                        43,
                        21
                    ],
                    [
                        42,
                        21
                    ],
                    [
                        41,
                        22
                    ],
                    [
                        40,
                        22
                    ],
                    [
                        39,
                        23
                    ],
                    [
                        38,
                        23
                    ],
                    [
                        37,
                        24
                    ],
                    [
                        36,
                        24
                    ],
                    [
                        36,
                        26
                    ],
                    [
                        33,
                        29
                    ],
                    [
                        33,
                        30
                    ],
                    [
                        31,
                        32
                    ],
                    [
                        31,
                        33
                    ],
                    [
                        29,
                        35
                    ],
                    [
                        29,
                        36
                    ],
                    [
                        28,
                        37
                    ],
                    [
                        28,
                        38
                    ],
                    [
                        27,
                        39
                    ],
                    [
                        27,
                        40
                    ],
                    [
                        26,
                        41
                    ],
                    [
                        26,
                        42
                    ],
                    [
                        25,
                        43
                    ],
                    [
                        25,
                        44
                    ],
                    [
                        24,
                        45
                    ],
                    [
                        24,
                        48
                    ],
                    [
                        23,
                        49
                    ],
                    [
                        23,
                        51
                    ],
                    [
                        22,
                        52
                    ],
                    [
                        22,
                        55
                    ],
                    [
                        21,
                        56
                    ],
                    [
                        21,
                        60
                    ],
                    [
                        20,
                        61
                    ],
                    [
                        20,
                        72
                    ],
                    [
                        21,
                        73
                    ],
                    [
                        21,
                        76
                    ],
                    [
                        22,
                        77
                    ],
                    [
                        22,
                        78
                    ],
                    [
                        23,
                        79
                    ],
                    [
                        23,
                        80
                    ],
                    [
                        30,
                        87
                    ],
                    [
                        31,
                        87
                    ],
                    [
                        33,
                        89
                    ],
                    [
                        34,
                        89
                    ],
                    [
                        35,
                        90
                    ],
                    [
                        36,
                        90
                    ],
                    [
                        44,
                        98
                    ],
                    [
                        46,
                        98
                    ],
                    [
                        48,
                        100
                    ],
                    [
                        50,
                        100
                    ],
                    [
                        51,
                        101
                    ],
                    [
                        54,
                        101
                    ],
                    [
                        55,
                        100
                    ],
                    [
                        56,
                        101
                    ],
                    [
                        57,
                        100
                    ],
                    [
                        58,
                        101
                    ],
                    [
                        62,
                        101
                    ],
                    [
                        63,
                        100
                    ],
                    [
                        65,
                        100
                    ],
                    [
                        67,
                        98
                    ],
                    [
                        68,
                        98
                    ],
                    [
                        71,
                        95
                    ],
                    [
                        72,
                        95
                    ],
                    [
                        74,
                        93
                    ],
                    [
                        74,
                        92
                    ],
                    [
                        78,
                        88
                    ],
                    [
                        78,
                        87
                    ],
                    [
                        79,
                        86
                    ],
                    [
                        79,
                        85
                    ],
                    [
                        86,
                        78
                    ],
                    [
                        86,
                        77
                    ],
                    [
                        87,
                        76
                    ],
                    [
                        88,
                        76
                    ],
                    [
                        88,
                        75
                    ],
                    [
                        89,
                        74
                    ],
                    [
                        89,
                        73
                    ],
                    [
                        91,
                        71
                    ],
                    [
                        91,
                        69
                    ],
                    [
                        92,
                        68
                    ],
                    [
                        92,
                        66
                    ],
                    [
                        93,
                        65
                    ],
                    [
                        93,
                        63
                    ],
                    [
                        94,
                        62
                    ],
                    [
                        94,
                        58
                    ],
                    [
                        95,
                        57
                    ],
                    [
                        95,
                        51
                    ],
                    [
                        96,
                        50
                    ],
                    [
                        96,
                        48
                    ],
                    [
                        95,
                        47
                    ],
                    [
                        95,
                        41
                    ],
                    [
                        94,
                        40
                    ],
                    [
                        94,
                        39
                    ],
                    [
                        93,
                        38
                    ],
                    [
                        93,
                        37
                    ],
                    [
                        92,
                        36
                    ],
                    [
                        92,
                        35
                    ],
                    [
                        90,
                        33
                    ],
                    [
                        90,
                        32
                    ],
                    [
                        81,
                        23
                    ],
                    [
                        80,
                        23
                    ],
                    [
                        78,
                        21
                    ],
                    [
                        76,
                        21
                    ],
                    [
                        74,
                        19
                    ],
                    [
                        71,
                        19
                    ],
                    [
                        70,
                        18
                    ],
                    [
                        67,
                        18
                    ],
                    [
                        66,
                        17
                    ]
                ]
            ],
            "group_id": null,
            "shape_type": "polygon",
            "flags": {}
        }
    ],
    "imagePath": "0.8896_good_tile_11_17_0.png",
    "imageData": null,
    "imageHeight": 224,
    "imageWidth": 224
}