{
    "version": "4.5.9",
    "flags": {},
    "shapes": [
        {
            "label": "foreground",
            "points": [
                [
                    [
                        32,
                        17
                    ],
                    [
                        31,
                        18
                    ],
                    [
                        30,
                        18
                    ],
                    [
                        28,
                        20
                    ],
                    [
                        25,
                        20
                    ],
                    [
                        24,
                        21
                    ],
                    [
                        23,
                        21
                    ],
                    [
                        22,
                        22
                    ],
                    [
                        21,
                        22
                    ],
                    [
                        20,
                        23
                    ],
                    [
                        19,
                        23
                    ],
                    [
                        16,
                        26
                    ],
                    [
                        16,
                        28
                    ],
                    [
                        15,
                        29
                    ],
                    [
                        15,
                        34
                    ],
                    [
                        16,
                        35
                    ],
                    [
                        16,
                        36
                    ],
                    [
                        17,
                        37
                    ],
                    [
                        17,
                        41
                    ],
                    [
                        16,
                        42
                    ],
                    [
                        16,
                        45
                    ],
                    [
                        17,
                        45
                    ],
                    [
                        18,
                        46
                    ],
                    [
                        19,
                        46
                    ],
                    [
                        20,
                        47
                    ],
                    [
                        23,
                        47
                    ],
                    [
                        24,
                        48
                    ],
                    [
                        26,
                        48
                    ],
                    [
                        27,
                        49
                    ],
                    [
                        28,
                        49
                    ],
                    [
                        29,
                        50
                    ],
                    [
                        30,
                        50
                    ],
                    [
                        31,
                        51
                    ],
                    [
                        34,
                        51
                    ],
                    [
                        35,
                        52
                    ],
                    [
                        37,
                        52
                    ],
                    [
                        38,
                        53
                    ],
                    [
                        38,
                        54
                    ],
                    [
                        42,
                        54
                    ],
                    [
                        43,
                        53
                    ],
                    [
                        44,
                        53
                    ],
                    [
                        45,
                        52
                    ],
                    [
                        50,
                        52
                    ],
                    [
                        51,
                        51
                    ],
                    [
                        52,
                        51
                    ],
                    [
                        56,
                        47
                    ],
                    [
                        56,
                        39
                    ],
                    [
                        57,
                        38
                    ],
                    [
                        58,
                        38
                    ],
                    [
                        58,
                        36
                    ],
                    [
                        55,
                        33
                    ],
                    [
                        55,
                        32
                    ],
                    [
                        56,
                        31
                    ],
                    [
                        57,
                        31
                    ],
                    [
                        58,
                        30
                    ],
                    [
                        57,
                        29
                    ],
                    [
                        57,
                        28
                    ],
                    [
                        56,
                        28
                    ],
                    [
                        55,
                        27
                    ],
                    [
                        55,
                        26
                    ],
                    [
                        54,
                        25
                    ],
                    [
                        54,
                        24
                    ],
                    [
                        55,
                        23
                    ],
                    [
                        54,
                        22
                    ],
                    [
                        53,
                        22
                    ],
                    [
                        52,
                        21
                    ],
                    [
                        51,
                        21
                    ],
                    [
                        50,
                        20
                    ],
                    [
                        45,
                        20
                    ],
                    [
                        43,
                        18
                    ],
                    [
                        42,
                        19
                    ],
                    [
                        40,
                        19
                    ],
                    [
                        39,
                        18
                    ],
                    [
                        36,
                        18
                    ],
                    [
                        35,
                        17
                    ]
                ]
            ],
            "group_id": null,
            "shape_type": "polygon",
            "flags": {}
        }
    ],
    "imagePath": "0.8938_good_tile_55_37_4.png",
    "imageData": null,
    "imageHeight": 224,
    "imageWidth": 224
}