{
    "version": "4.5.9",
    "flags": {},
    "shapes": [
        {
            "label": "foreground",
            "points": [
                [
                    [
                        27,
                        11
                    ],
                    [
                        26,
                        12
                    ],
                    [
                        24,
                        12
                    ],
                    [
                        23,
                        13
                    ],
                    [
                        22,
                        13
                    ],
                    [
                        20,
                        15
                    ],
                    [
                        19,
                        15
                    ],
                    [
                        16,
                        18
                    ],
                    [
                        15,
                        18
                    ],
                    [
                        13,
                        20
                    ],
                    [
                        12,
                        20
                    ],
                    [
                        11,
                        21
                    ],
                    [
                        11,
                        22
                    ],
                    [
                        10,
                        23
                    ],
                    [
                        10,
                        24
                    ],
                    [
                        9,
                        25
                    ],
                    [
                        9,
                        31
                    ],
                    [
                        10,
                        32
                    ],
                    [
                        10,
                        33
                    ],
                    [
                        11,
                        34
                    ],
                    [
                        11,
                        35
                    ],
                    [
                        13,
                        37
                    ],
                    [
                        14,
                        37
                    ],
                    [
                        16,
                        39
                    ],
                    [
                        17,
                        39
                    ],
                    [
                        19,
                        41
                    ],
                    [
                        20,
                        41
                    ],
                    [
                        21,
                        42
                    ],
                    [
                        23,
                        42
                    ],
                    [
                        24,
                        43
                    ],
                    [
                        25,
                        43
                    ],
                    [
                        26,
                        44
                    ],
                    [
                        27,
                        44
                    ],
                    [
                        28,
                        45
                    ],
                    [
                        31,
                        45
                    ],
                    [
                        32,
                        44
                    ],
                    [
                        33,
                        44
                    ],
                    [
                        35,
                        42
                    ],
                    [
                        36,
                        42
                    ],
                    [
                        39,
                        39
                    ],
                    [
                        40,
                        39
                    ],
                    [
                        43,
                        36
                    ],
                    [
                        43,
                        35
                    ],
                    [
                        44,
                        34
                    ],
                    [
                        44,
                        32
                    ],
                    [
                        45,
                        31
                    ],
                    [
                        45,
                        26
                    ],
                    [
                        44,
                        25
                    ],
                    [
                        44,
                        22
                    ],
                    [
                        43,
                        21
                    ],
                    [
                        43,
                        20
                    ],
                    [
                        41,
                        18
                    ],
                    [
                        41,
                        17
                    ],
                    [
                        39,
                        15
                    ],
                    [
                        38,
                        15
                    ],
                    [
                        37,
                        14
                    ],
                    [
                        35,
                        14
                    ],
                    [
                        34,
                        13
                    ],
                    [
                        33,
                        13
                    ],
                    [
                        32,
                        12
                    ],
                    [
                        30,
                        12
                    ],
                    [
                        29,
                        11
                    ]
                ]
            ],
            "group_id": null,
            "shape_type": "polygon",
            "flags": {}
        }
    ],
    "imagePath": "0.9284_good_tile_41_35_7.png",
    "imageData": null,
    "imageHeight": 224,
    "imageWidth": 224
}