{
    "version": "4.5.9",
    "flags": {},
    "shapes": [
        {
            "label": "foreground",
            "points": [
                [
                    [
                        36,
                        16
                    ],
                    [
                        35,
                        17
                    ],
                    [
                        29,
                        17
                    ],
                    [
                        28,
                        18
                    ],
                    [
                        27,
                        18
                    ],
                    [
                        25,
                        20
                    ],
                    [
                        20,
                        20
                    ],
                    [
                        19,
                        21
                    ],
                    [
                        18,
                        21
                    ],
                    [
                        17,
                        22
                    ],
                    [
                        16,
                        22
                    ],
                    [
                        15,
                        23
                    ],
                    [
                        15,
                        24
                    ],
                    [
                        14,
                        25
                    ],
                    [
                        14,
                        27
                    ],
                    [
                        13,
                        28
                    ],
                    [
                        13,
                        32
                    ],
                    [
                        14,
                        33
                    ],
                    [
                        14,
                        34
                    ],
                    [
                        15,
                        35
                    ],
                    [
                        15,
                        51
                    ],
                    [
                        16,
                        52
                    ],
                    [
                        16,
                        54
                    ],
                    [
                        17,
                        55
                    ],
                    [
                        17,
                        56
                    ],
                    [
                        18,
                        57
                    ],
                    [
                        18,
                        58
                    ],
                    [
                        19,
                        59
                    ],
                    [
                        19,
                        60
                    ],
                    [
                        21,
                        62
                    ],
                    [
                        22,
                        62
                    ],
                    [
                        23,
                        63
                    ],
                    [
                        26,
                        63
                    ],
                    [
                        27,
                        64
                    ],
                    [
                        32,
                        64
                    ],
                    [
                        33,
                        63
                    ],
                    [
                        35,
                        63
                    ],
                    [
                        37,
                        61
                    ],
                    [
                        38,
                        61
                    ],
                    [
                        39,
                        60
                    ],
                    [
                        40,
                        60
                    ],
                    [
                        45,
                        55
                    ],
                    [
                        45,
                        54
                    ],
                    [
                        48,
                        51
                    ],
                    [
                        48,
                        49
                    ],
                    [
                        49,
                        48
                    ],
                    [
                        49,
                        42
                    ],
                    [
                        50,
                        41
                    ],
                    [
                        50,
                        39
                    ],
                    [
                        51,
                        38
                    ],
                    [
                        51,
                        37
                    ],
                    [
                        52,
                        36
                    ],
                    [
                        52,
                        28
                    ],
                    [
                        49,
                        25
                    ],
                    [
                        48,
                        25
                    ],
                    [
                        47,
                        24
                    ],
                    [
                        46,
                        24
                    ],
                    [
                        45,
                        23
                    ],
                    [
                        45,
                        22
                    ],
                    [
                        43,
                        20
                    ],
                    [
                        42,
                        20
                    ],
                    [
                        40,
                        18
                    ],
                    [
                        40,
                        17
                    ],
                    [
                        39,
                        17
                    ],
                    [
                        38,
                        16
                    ]
                ]
            ],
            "group_id": null,
            "shape_type": "polygon",
            "flags": {}
        }
    ],
    "imagePath": "0.9393_good_tile_41_35_3.png",
    "imageData": null,
    "imageHeight": 224,
    "imageWidth": 224
}