{
    "version": "4.5.9",
    "flags": {},
    "shapes": [
        {
            "label": "foreground",
            "points": [
                [
                    [
                        72,
                        18
                    ],
                    [
                        71,
                        19
                    ],
                    [
                        64,
                        19
                    ],
                    [
                        63,
                        20
                    ],
                    [
                        61,
                        20
                    ],
                    [
                        60,
                        21
                    ],
                    [
                        59,
                        21
                    ],
                    [
                        54,
                        26
                    ],
                    [
                        53,
                        26
                    ],
                    [
                        51,
                        28
                    ],
                    [
                        50,
                        28
                    ],
                    [
                        48,
                        30
                    ],
                    [
                        47,
                        30
                    ],
                    [
                        47,
                        31
                    ],
                    [
                        44,
                        34
                    ],
                    [
                        44,
                        35
                    ],
                    [
                        43,
                        36
                    ],
                    [
                        43,
                        37
                    ],
                    [
                        41,
                        39
                    ],
                    [
                        41,
                        40
                    ],
                    [
                        40,
                        41
                    ],
                    [
                        40,
                        42
                    ],
                    [
                        36,
                        46
                    ],
                    [
                        35,
                        46
                    ],
                    [
                        32,
                        49
                    ],
                    [
                        31,
                        49
                    ],
                    [
                        30,
                        50
                    ],
                    [
                        29,
                        50
                    ],
                    [
                        28,
                        51
                    ],
                    [
                        27,
                        51
                    ],
                    [
                        24,
                        54
                    ],
                    [
                        23,
                        54
                    ],
                    [
                        21,
                        56
                    ],
                    [
                        21,
                        57
                    ],
                    [
                        19,
                        59
                    ],
                    [
                        19,
                        60
                    ],
                    [
                        18,
                        61
                    ],
                    [
                        18,
                        63
                    ],
                    [
                        17,
                        64
                    ],
                    [
                        17,
                        71
                    ],
                    [
                        18,
                        72
                    ],
                    [
                        18,
                        73
                    ],
                    [
                        21,
                        76
                    ],
                    [
                        23,
                        76
                    ],
                    [
                        24,
                        77
                    ],
                    [
                        31,
                        77
                    ],
                    [
                        32,
                        76
                    ],
                    [
                        33,
                        76
                    ],
                    [
                        36,
                        73
                    ],
                    [
                        37,
                        73
                    ],
                    [
                        40,
                        70
                    ],
                    [
                        40,
                        69
                    ],
                    [
                        42,
                        67
                    ],
                    [
                        42,
                        66
                    ],
                    [
                        44,
                        64
                    ],
                    [
                        44,
                        63
                    ],
                    [
                        46,
                        61
                    ],
                    [
                        46,
                        60
                    ],
                    [
                        48,
                        58
                    ],
                    [
                        48,
                        57
                    ],
                    [
                        50,
                        55
                    ],
                    [
                        50,
                        54
                    ],
                    [
                        51,
                        53
                    ],
                    [
                        52,
                        53
                    ],
                    [
                        52,
                        52
                    ],
                    [
                        57,
                        47
                    ],
                    [
                        58,
                        47
                    ],
                    [
                        58,
                        46
                    ],
                    [
                        62,
                        42
                    ],
                    [
                        62,
                        41
                    ],
                    [
                        65,
                        38
                    ],
                    [
                        65,
                        37
                    ],
                    [
                        66,
                        36
                    ],
                    [
                        66,
                        35
                    ],
                    [
                        68,
                        33
                    ],
                    [
                        69,
                        33
                    ],
                    [
                        75,
                        27
                    ],
                    [
                        75,
                        24
                    ],
                    [
                        74,
                        23
                    ],
                    [
                        74,
                        20
                    ],
                    [
                        75,
                        19
                    ],
                    [
                        74,
                        18
                    ]
                ]
            ],
            "group_id": null,
            "shape_type": "polygon",
            "flags": {}
        }
    ],
    "imagePath": "0.9541_good_tile_55_37_2.png",
    "imageData": null,
    "imageHeight": 224,
    "imageWidth": 224
}