{
    "version": "4.5.9",
    "flags": {},
    "shapes": [
        {
            "label": "foreground",
            "points": [
                [
                    [
                        63,
                        31
                    ],
                    [
                        62,
                        32
                    ],
                    [
                        60,
                        32
                    ],
                    [
                        59,
                        33
                    ],
                    [
                        57,
                        33
                    ],
                    [
                        56,
                        34
                    ],
                    [
                        55,
                        34
                    ],
                    [
                        54,
                        35
                    ],
                    [
                        53,
                        35
                    ],
                    [
                        52,
                        36
                    ],
                    [
                        45,
                        36
                    ],
                    [
                        44,
                        37
                    ],
                    [
                        43,
                        37
                    ],
                    [
                        42,
                        38
                    ],
                    [
                        40,
                        38
                    ],
                    [
                        39,
                        39
                    ],
                    [
                        37,
                        39
                    ],
                    [
                        36,
                        40
                    ],
                    [
                        35,
                        40
                    ],
                    [
                        31,
                        44
                    ],
                    [
                        26,
                        44
                    ],
                    [
                        25,
                        43
                    ],
                    [
                        24,
                        43
                    ],
                    [
                        23,
                        42
                    ],
                    [
                        19,
                        42
                    ],
                    [
                        20,
                        42
                    ],
                    [
                        21,
                        43
                    ],
                    [
                        23,
                        43
                    ],
                    [
                        25,
                        45
                    ],
                    [
                        25,
                        48
                    ],
                    [
                        24,
                        49
                    ],
                    [
                        25,
                        50
                    ],
                    [
                        25,
                        52
                    ],
                    [
                        26,
                        53
                    ],
                    [
                        26,
                        56
                    ],
                    [
                        27,
                        57
                    ],
                    [
                        27,
                        59
                    ],
                    [
                        28,
                        60
                    ],
                    [
                        28,
                        63
                    ],
                    [
                        34,
                        69
                    ],
                    [
                        34,
                        70
                    ],
                    [
                        36,
                        72
                    ],
                    [
                        36,
                        75
                    ],
                    [
                        37,
                        76
                    ],
                    [
                        37,
                        77
                    ],
                    [
                        36,
                        78
                    ],
                    [
                        36,
                        88
                    ],
                    [
                        37,
                        89
                    ],
                    [
                        37,
                        94
                    ],
                    [
                        38,
                        95
                    ],
                    [
                        38,
                        97
                    ],
                    [
                        44,
                        103
                    ],
                    [
                        45,
                        103
                    ],
                    [
                        46,
                        104
                    ],
                    [
                        54,
                        104
                    ],
                    [
                        55,
                        105
                    ],
                    [
                        59,
                        105
                    ],
                    [
                        60,
                        104
                    ],
                    [
                        61,
                        104
                    ],
                    [
                        62,
                        103
                    ],
                    [
                        63,
                        103
                    ],
                    [
                        65,
                        101
                    ],
                    [
                        66,
                        101
                    ],
                    [
                        70,
                        97
                    ],
                    [
                        70,
                        94
                    ],
                    [
                        71,
                        93
                    ],
                    [
                        71,
                        92
                    ],
                    [
                        72,
                        91
                    ],
                    [
                        72,
                        90
                    ],
                    [
                        73,
                        89
                    ],
                    [
                        73,
                        87
                    ],
                    [
                        74,
                        86
                    ],
                    [
                        74,
                        84
                    ],
                    [
                        75,
                        83
                    ],
                    [
                        75,
                        81
                    ],
                    [
                        76,
                        80
                    ],
                    [
                        76,
                        79
                    ],
                    [
                        77,
                        78
                    ],
                    [
                        77,
                        77
                    ],
                    [
                        79,
                        75
                    ],
                    [
                        79,
                        74
                    ],
                    [
                        83,
                        70
                    ],
                    [
                        83,
                        69
                    ],
                    [
                        85,
                        67
                    ],
                    [
                        85,
                        66
                    ],
                    [
                        88,
                        63
                    ],
                    [
                        87,
                        62
                    ],
                    [
                        87,
                        59
                    ],
                    [
                        84,
                        56
                    ],
                    [
                        84,
                        55
                    ],
                    [
                        83,
                        54
                    ],
                    [
                        83,
                        53
                    ],
                    [
                        81,
                        51
                    ],
                    [
                        81,
                        49
                    ],
                    [
                        80,
                        48
                    ],
                    [
                        80,
                        47
                    ],
                    [
                        79,
                        47
                    ],
                    [
                        78,
                        46
                    ],
                    [
                        76,
                        46
                    ],
                    [
                        76,
                        48
                    ],
                    [
                        77,
                        49
                    ],
                    [
                        77,
                        51
                    ],
                    [
                        76,
                        52
                    ],
                    [
                        75,
                        52
                    ],
                    [
                        71,
                        48
                    ],
                    [
                        71,
                        47
                    ],
                    [
                        69,
                        45
                    ],
                    [
                        69,
                        43
                    ],
                    [
                        68,
                        42
                    ],
                    [
                        68,
                        41
                    ],
                    [
                        69,
                        40
                    ],
                    [
                        69,
                        38
                    ],
                    [
                        68,
                        38
                    ],
                    [
                        66,
                        36
                    ],
                    [
                        66,
                        33
                    ],
                    [
                        65,
                        32
                    ],
                    [
                        64,
                        32
                    ]
                ]
            ],
            "group_id": null,
            "shape_type": "polygon",
            "flags": {}
        }
    ],
    "imagePath": "0.9561_good_tile_23_21_6.png",
    "imageData": null,
    "imageHeight": 224,
    "imageWidth": 224
}