{
    "version": "4.5.9",
    "flags": {},
    "shapes": [
        {
            "label": "foreground",
            "points": [
                [
                    [
                        27,
                        21
                    ],
                    [
                        26,
                        22
                    ],
                    [
                        25,
                        22
                    ],
                    [
                        23,
                        24
                    ],
                    [
                        22,
                        24
                    ],
                    [
                        22,
                        25
                    ],
                    [
                        19,
                        28
                    ],
                    [
                        19,
                        29
                    ],
                    [
                        18,
                        30
                    ],
                    [
                        18,
                        31
                    ],
                    [
                        17,
                        32
                    ],
                    [
                        17,
                        36
                    ],
                    [
                        16,
                        37
                    ],
                    [
                        16,
                        44
                    ],
                    [
                        17,
                        45
                    ],
                    [
                        17,
                        47
                    ],
                    [
                        18,
                        48
                    ],
                    [
                        18,
                        49
                    ],
                    [
                        19,
                        50
                    ],
                    [
                        19,
                        52
                    ],
                    [
                        20,
                        53
                    ],
                    [
                        20,
                        54
                    ],
                    [
                        21,
                        55
                    ],
                    [
                        21,
                        57
                    ],
                    [
                        22,
                        58
                    ],
                    [
                        22,
                        61
                    ],
                    [
                        23,
                        62
                    ],
                    [
                        23,
                        63
                    ],
                    [
                        22,
                        64
                    ],
                    [
                        22,
                        66
                    ],
                    [
                        23,
                        67
                    ],
                    [
                        23,
                        69
                    ],
                    [
                        26,
                        69
                    ],
                    [
                        27,
                        70
                    ],
                    [
                        29,
                        70
                    ],
                    [
                        31,
                        72
                    ],
                    [
                        31,
                        75
                    ],
                    [
                        35,
                        75
                    ],
                    [
                        36,
                        76
                    ],
                    [
                        37,
                        76
                    ],
                    [
                        39,
                        78
                    ],
                    [
                        39,
                        81
                    ],
                    [
                        41,
                        81
                    ],
                    [
                        43,
                        79
                    ],
                    [
                        43,
                        78
                    ],
                    [
                        44,
                        77
                    ],
                    [
                        44,
                        76
                    ],
                    [
                        45,
                        75
                    ],
                    [
                        45,
                        71
                    ],
                    [
                        46,
                        70
                    ],
                    [
                        46,
                        69
                    ],
                    [
                        50,
                        65
                    ],
                    [
                        50,
                        62
                    ],
                    [
                        51,
                        61
                    ],
                    [
                        51,
                        57
                    ],
                    [
                        52,
                        56
                    ],
                    [
                        52,
                        52
                    ],
                    [
                        51,
                        51
                    ],
                    [
                        51,
                        47
                    ],
                    [
                        52,
                        46
                    ],
                    [
                        51,
                        45
                    ],
                    [
                        51,
                        42
                    ],
                    [
                        50,
                        41
                    ],
                    [
                        50,
                        39
                    ],
                    [
                        49,
                        38
                    ],
                    [
                        49,
                        34
                    ],
                    [
                        48,
                        33
                    ],
                    [
                        48,
                        32
                    ],
                    [
                        47,
                        31
                    ],
                    [
                        47,
                        30
                    ],
                    [
                        45,
                        28
                    ],
                    [
                        45,
                        27
                    ],
                    [
                        44,
                        26
                    ],
                    [
                        44,
                        25
                    ],
                    [
                        43,
                        24
                    ],
                    [
                        42,
                        24
                    ],
                    [
                        41,
                        23
                    ],
                    [
                        37,
                        23
                    ],
                    [
                        36,
                        22
                    ],
                    [
                        34,
                        22
                    ],
                    [
                        33,
                        21
                    ]
                ]
            ],
            "group_id": null,
            "shape_type": "polygon",
            "flags": {}
        }
    ],
    "imagePath": "0.9798_good_tile_41_35_2.png",
    "imageData": null,
    "imageHeight": 224,
    "imageWidth": 224
}