{
    "version": "4.5.9",
    "flags": {},
    "shapes": [
        {
            "label": "foreground",
            "points": [
                [
                    [
                        187,
                        17
                    ],
                    [
                        187,
                        22
                    ],
                    [
                        186,
                        23
                    ],
                    [
                        180,
                        23
                    ],
                    [
                        179,
                        24
                    ],
                    [
                        175,
                        24
                    ],
                    [
                        175,
                        25
                    ],
                    [
                        174,
                        26
                    ],
                    [
                        170,
                        26
                    ],
                    [
                        170,
                        27
                    ],
                    [
                        169,
                        28
                    ],
                    [
                        163,
                        28
                    ],
                    [
                        163,
                        30
                    ],
                    [
                        162,
                        31
                    ],
                    [
                        162,
                        32
                    ],
                    [
                        161,
                        33
                    ],
                    [
                        160,
                        33
                    ],
                    [
                        159,
                        34
                    ],
                    [
                        155,
                        34
                    ],
                    [
                        154,
                        33
                    ],
                    [
                        151,
                        33
                    ],
                    [
                        150,
                        34
                    ],
                    [
                        150,
                        35
                    ],
                    [
                        149,
                        36
                    ],
                    [
                        148,
                        36
                    ],
                    [
                        148,
                        37
                    ],
                    [
                        147,
                        38
                    ],
                    [
                        146,
                        38
                    ],
                    [
                        146,
                        39
                    ],
                    [
                        144,
                        41
                    ],
                    [
                        141,
                        41
                    ],
                    [
                        141,
                        42
                    ],
                    [
                        140,
                        43
                    ],
                    [
                        138,
                        43
                    ],
                    [
                        138,
                        44
                    ],
                    [
                        137,
                        45
                    ],
                    [
                        136,
                        45
                    ],
                    [
                        135,
                        46
                    ],
                    [
                        133,
                        46
                    ],
                    [
                        133,
                        47
                    ],
                    [
                        132,
                        48
                    ],
                    [
                        128,
                        48
                    ],
                    [
                        128,
                        49
                    ],
                    [
                        127,
                        50
                    ],
                    [
                        122,
                        50
                    ],
                    [
                        121,
                        51
                    ],
                    [
                        116,
                        51
                    ],
                    [
                        116,
                        52
                    ],
                    [
                        115,
                        53
                    ],
                    [
                        111,
                        53
                    ],
                    [
                        111,
                        54
                    ],
                    [
                        110,
                        55
                    ],
                    [
                        107,
                        55
                    ],
                    [
                        107,
                        56
                    ],
                    [
                        106,
                        57
                    ],
                    [
                        105,
                        57
                    ],
                    [
                        104,
                        58
                    ],
                    [
                        100,
                        58
                    ],
                    [
                        100,
                        59
                    ],
                    [
                        99,
                        60
                    ],
                    [
                        99,
                        61
                    ],
                    [
                        98,
                        62
                    ],
                    [
                        97,
                        62
                    ],
                    [
                        96,
                        63
                    ],
                    [
                        95,
                        63
                    ],
                    [
                        95,
                        64
                    ],
                    [
                        94,
                        65
                    ],
                    [
                        94,
                        69
                    ],
                    [
                        93,
                        70
                    ],
                    [
                        92,
                        70
                    ],
                    [
                        92,
                        74
                    ],
                    [
                        91,
                        75
                    ],
                    [
                        90,
                        75
                    ],
                    [
                        90,
                        79
                    ],
                    [
                        89,
                        80
                    ],
                    [
                        88,
                        80
                    ],
                    [
                        88,
                        81
                    ],
                    [
                        87,
                        82
                    ],
                    [
                        87,
                        83
                    ],
                    [
                        86,
                        84
                    ],
                    [
                        85,
                        84
                    ],
                    [
                        84,
                        85
                    ],
                    [
                        83,
                        85
                    ],
                    [
                        83,
                        88
                    ],
                    [
                        82,
                        89
                    ],
                    [
                        82,
                        91
                    ],
                    [
                        81,
                        92
                    ],
                    [
                        80,
                        92
                    ],
                    [
                        80,
                        98
                    ],
                    [
                        79,
                        99
                    ],
                    [
                        78,
                        99
                    ],
                    [
                        78,
                        101
                    ],
                    [
                        77,
                        102
                    ],
                    [
                        77,
                        103
                    ],
                    [
                        76,
                        104
                    ],
                    [
                        75,
                        104
                    ],
                    [
                        75,
                        107
                    ],
                    [
                        74,
                        108
                    ],
                    [
                        73,
                        108
                    ],
                    [
                        73,
                        110
                    ],
                    [
                        72,
                        111
                    ],
                    [
                        71,
                        111
                    ],
                    [
                        71,
                        112
                    ],
                    [
                        69,
                        114
                    ],
                    [
                        68,
                        114
                    ],
                    [
                        68,
                        115
                    ],
                    [
                        67,
                        116
                    ],
                    [
                        66,
                        116
                    ],
                    [
                        66,
                        117
                    ],
                    [
                        64,
                        119
                    ],
                    [
                        63,
                        119
                    ],
                    [
                        63,
                        120
                    ],
                    [
                        62,
                        121
                    ],
                    [
                        61,
                        121
                    ],
                    [
                        61,
                        122
                    ],
                    [
                        60,
                        123
                    ],
                    [
                        60,
                        124
                    ],
                    [
                        59,
                        125
                    ],
                    [
                        54,
                        125
                    ],
                    [
                        53,
                        126
                    ],
                    [
                        51,
                        126
                    ],
                    [
                        51,
                        127
                    ],
                    [
                        50,
                        128
                    ],
                    [
                        46,
                        128
                    ],
                    [
                        46,
                        129
                    ],
                    [
                        45,
                        130
                    ],
                    [
                        41,
                        130
                    ],
                    [
                        40,
                        131
                    ],
                    [
                        39,
                        131
                    ],
                    [
                        39,
                        135
                    ],
                    [
                        38,
                        136
                    ],
                    [
                        37,
                        136
                    ],
                    [
                        37,
                        147
                    ],
                    [
                        36,
                        148
                    ],
                    [
                        36,
                        149
                    ],
                    [
                        35,
                        150
                    ],
                    [
                        34,
                        150
                    ],
                    [
                        34,
                        151
                    ],
                    [
                        33,
                        152
                    ],
                    [
                        32,
                        152
                    ],
                    [
                        31,
                        153
                    ],
                    [
                        31,
                        171
                    ],
                    [
                        30,
                        172
                    ],
                    [
                        29,
                        172
                    ],
                    [
                        29,
                        173
                    ],
                    [
                        28,
                        174
                    ],
                    [
                        27,
                        174
                    ],
                    [
                        27,
                        175
                    ],
                    [
                        26,
                        176
                    ],
                    [
                        24,
                        176
                    ],
                    [
                        24,
                        187
                    ],
                    [
                        23,
                        188
                    ],
                    [
                        22,
                        188
                    ],
                    [
                        22,
                        197
                    ],
                    [
                        21,
                        198
                    ],
                    [
                        20,
                        198
                    ],
                    [
                        20,
                        199
                    ],
                    [
                        21,
                        199
                    ],
                    [
                        22,
                        200
                    ],
                    [
                        22,
                        204
                    ],
                    [
                        23,
                        204
                    ],
                    [
                        24,
                        205
                    ],
                    [
                        25,
                        205
                    ],
                    [
                        26,
                        206
                    ],
                    [
                        26,
                        207
                    ],
                    [
                        27,
                        208
                    ],
                    [
                        27,
                        209
                    ],
                    [
                        28,
                        209
                    ],
                    [
                        29,
                        210
                    ],
                    [
                        31,
                        210
                    ],
                    [
                        32,
                        211
                    ],
                    [
                        32,
                        212
                    ],
                    [
                        33,
                        212
                    ],
                    [
                        34,
                        213
                    ],
                    [
                        34,
                        214
                    ],
                    [
                        36,
                        214
                    ],
                    [
                        37,
                        215
                    ],
                    [
                        38,
                        215
                    ],
                    [
                        39,
                        216
                    ],
                    [
                        39,
                        217
                    ],
                    [
                        40,
                        217
                    ],
                    [
                        41,
                        218
                    ],
                    [
                        41,
                        219
                    ],
                    [
                        43,
                        219
                    ],
                    [
                        44,
                        220
                    ],
                    [
                        44,
                        221
                    ],
                    [
                        45,
                        221
                    ],
                    [
                        46,
                        222
                    ],
                    [
                        48,
                        222
                    ],
                    [
                        49,
                        223
                    ],
                    [
                        49,
                        224
                    ],
                    [
                        50,
                        224
                    ],
                    [
                        51,
                        225
                    ],
                    [
                        51,
                        226
                    ],
                    [
                        52,
                        226
                    ],
                    [
                        54,
                        228
                    ],
                    [
                        54,
                        231
                    ],
                    [
                        55,
                        231
                    ],
                    [
                        56,
                        232
                    ],
                    [
                        59,
                        232
                    ],
                    [
                        60,
                        233
                    ],
                    [
                        60,
                        234
                    ],
                    [
                        61,
                        235
                    ],
                    [
                        61,
                        236
                    ],
                    [
                        62,
                        236
                    ],
                    [
                        63,
                        237
                    ],
                    [
                        63,
                        239
                    ],
                    [
                        65,
                        239
                    ],
                    [
                        66,
                        240
                    ],
                    [
                        66,
                        241
                    ],
                    [
                        69,
                        241
                    ],
                    [
                        70,
                        242
                    ],
                    [
                        70,
                        243
                    ],
                    [
                        71,
                        244
                    ],
                    [
                        72,
                        244
                    ],
                    [
                        73,
                        245
                    ],
                    [
                        73,
                        246
                    ],
                    [
                        74,
                        246
                    ],
                    [
                        75,
                        247
                    ],
                    [
                        75,
                        248
                    ],
                    [
                        76,
                        248
                    ],
                    [
                        77,
                        249
                    ],
                    [
                        79,
                        249
                    ],
                    [
                        80,
                        250
                    ],
                    [
                        80,
                        251
                    ],
                    [
                        81,
                        251
                    ],
                    [
                        82,
                        252
                    ],
                    [
                        82,
                        253
                    ],
                    [
                        84,
                        253
                    ],
                    [
                        85,
                        254
                    ],
                    [
                        85,
                        255
                    ],
                    [
                        87,
                        255
                    ],
                    [
                        88,
                        256
                    ],
                    [
                        89,
                        256
                    ],
                    [
                        90,
                        257
                    ],
                    [
                        90,
                        258
                    ],
                    [
                        93,
                        258
                    ],
                    [
                        94,
                        259
                    ],
                    [
                        94,
                        260
                    ],
                    [
                        95,
                        261
                    ],
                    [
                        96,
                        261
                    ],
                    [
                        97,
                        262
                    ],
                    [
                        97,
                        263
                    ],
                    [
                        98,
                        263
                    ],
                    [
                        99,
                        264
                    ],
                    [
                        99,
                        265
                    ],
                    [
                        100,
                        266
                    ],
                    [
                        101,
                        266
                    ],
                    [
                        102,
                        267
                    ],
                    [
                        102,
                        268
                    ],
                    [
                        103,
                        268
                    ],
                    [
                        104,
                        269
                    ],
                    [
                        104,
                        270
                    ],
                    [
                        105,
                        271
                    ],
                    [
                        105,
                        272
                    ],
                    [
                        106,
                        272
                    ],
                    [
                        107,
                        273
                    ],
                    [
                        108,
                        273
                    ],
                    [
                        109,
                        274
                    ],
                    [
                        109,
                        275
                    ],
                    [
                        110,
                        275
                    ],
                    [
                        111,
                        276
                    ],
                    [
                        111,
                        277
                    ],
                    [
                        112,
                        278
                    ],
                    [
                        113,
                        278
                    ],
                    [
                        114,
                        279
                    ],
                    [
                        114,
                        280
                    ],
                    [
                        115,
                        280
                    ],
                    [
                        116,
                        281
                    ],
                    [
                        116,
                        282
                    ],
                    [
                        118,
                        282
                    ],
                    [
                        119,
                        283
                    ],
                    [
                        120,
                        283
                    ],
                    [
                        121,
                        284
                    ],
                    [
                        121,
                        285
                    ],
                    [
                        122,
                        286
                    ],
                    [
                        122,
                        287
                    ],
                    [
                        125,
                        287
                    ],
                    [
                        126,
                        288
                    ],
                    [
                        126,
                        289
                    ],
                    [
                        130,
                        289
                    ],
                    [
                        131,
                        290
                    ],
                    [
                        133,
                        290
                    ],
                    [
                        134,
                        291
                    ],
                    [
                        134,
                        292
                    ],
                    [
                        140,
                        292
                    ],
                    [
                        141,
                        293
                    ],
                    [
                        141,
                        294
                    ],
                    [
                        145,
                        294
                    ],
                    [
                        145,
                        293
                    ],
                    [
                        146,
                        292
                    ],
                    [
                        159,
                        292
                    ],
                    [
                        159,
                        291
                    ],
                    [
                        160,
                        290
                    ],
                    [
                        183,
                        290
                    ],
                    [
                        184,
                        289
                    ],
                    [
                        190,
                        289
                    ],
                    [
                        190,
                        288
                    ],
                    [
                        191,
                        287
                    ],
                    [
                        198,
                        287
                    ],
                    [
                        199,
                        288
                    ],
                    [
                        199,
                        289
                    ],
                    [
                        203,
                        289
                    ],
                    [
                        203,
                        288
                    ],
                    [
                        204,
                        287
                    ],
                    [
                        237,
                        287
                    ],
                    [
                        237,
                        286
                    ],
                    [
                        238,
                        285
                    ],
                    [
                        244,
                        285
                    ],
                    [
                        244,
                        284
                    ],
                    [
                        245,
                        283
                    ],
                    [
                        249,
                        283
                    ],
                    [
                        250,
                        282
                    ],
                    [
                        256,
                        282
                    ],
                    [
                        256,
                        281
                    ],
                    [
                        257,
                        280
                    ],
                    [
                        258,
                        280
                    ],
                    [
                        258,
                        279
                    ],
                    [
                        259,
                        278
                    ],
                    [
                        261,
                        278
                    ],
                    [
                        262,
                        277
                    ],
                    [
                        268,
                        277
                    ],
                    [
                        268,
                        276
                    ],
                    [
                        269,
                        275
                    ],
                    [
                        271,
                        275
                    ],
                    [
                        271,
                        274
                    ],
                    [
                        272,
                        273
                    ],
                    [
                        278,
                        273
                    ],
                    [
                        279,
                        272
                    ],
                    [
                        286,
                        272
                    ],
                    [
                        287,
                        273
                    ],
                    [
                        290,
                        273
                    ],
                    [
                        291,
                        272
                    ],
                    [
                        297,
                        272
                    ],
                    [
                        297,
                        271
                    ],
                    [
                        298,
                        270
                    ],
                    [
                        309,
                        270
                    ],
                    [
                        309,
                        269
                    ],
                    [
                        310,
                        268
                    ],
                    [
                        319,
                        268
                    ],
                    [
                        319,
                        267
                    ],
                    [
                        320,
                        266
                    ],
                    [
                        322,
                        266
                    ],
                    [
                        323,
                        265
                    ],
                    [
                        334,
                        265
                    ],
                    [
                        334,
                        262
                    ],
                    [
                        333,
                        262
                    ],
                    [
                        332,
                        261
                    ],
                    [
                        332,
                        257
                    ],
                    [
                        333,
                        256
                    ],
                    [
                        336,
                        256
                    ],
                    [
                        337,
                        257
                    ],
                    [
                        337,
                        258
                    ],
                    [
                        338,
                        259
                    ],
                    [
                        338,
                        261
                    ],
                    [
                        341,
                        261
                    ],
                    [
                        342,
                        260
                    ],
                    [
                        343,
                        260
                    ],
                    [
                        343,
                        257
                    ],
                    [
                        345,
                        255
                    ],
                    [
                        349,
                        255
                    ],
                    [
                        349,
                        254
                    ],
                    [
                        350,
                        253
                    ],
                    [
                        351,
                        253
                    ],
                    [
                        351,
                        252
                    ],
                    [
                        352,
                        251
                    ],
                    [
                        353,
                        251
                    ],
                    [
                        354,
                        250
                    ],
                    [
                        354,
                        249
                    ],
                    [
                        353,
                        248
                    ],
                    [
                        353,
                        242
                    ],
                    [
                        352,
                        242
                    ],
                    [
                        351,
                        241
                    ],
                    [
                        351,
                        240
                    ],
                    [
                        352,
                        239
                    ],
                    [
                        353,
                        239
                    ],
                    [
                        353,
                        235
                    ],
                    [
                        354,
                        234
                    ],
                    [
                        354,
                        232
                    ],
                    [
                        355,
                        231
                    ],
                    [
                        356,
                        231
                    ],
                    [
                        356,
                        230
                    ],
                    [
                        357,
                        229
                    ],
                    [
                        358,
                        229
                    ],
                    [
                        358,
                        228
                    ],
                    [
                        359,
                        227
                    ],
                    [
                        360,
                        227
                    ],
                    [
                        360,
                        220
                    ],
                    [
                        361,
                        219
                    ],
                    [
                        361,
                        218
                    ],
                    [
                        362,
                        217
                    ],
                    [
                        363,
                        217
                    ],
                    [
                        363,
                        215
                    ],
                    [
                        364,
                        214
                    ],
                    [
                        365,
                        214
                    ],
                    [
                        365,
                        208
                    ],
                    [
                        366,
                        207
                    ],
                    [
                        366,
                        198
                    ],
                    [
                        367,
                        197
                    ],
                    [
                        368,
                        197
                    ],
                    [
                        368,
                        194
                    ],
                    [
                        367,
                        194
                    ],
                    [
                        366,
                        193
                    ],
                    [
                        366,
                        184
                    ],
                    [
                        367,
                        183
                    ],
                    [
                        368,
                        183
                    ],
                    [
                        368,
                        181
                    ],
                    [
                        367,
                        181
                    ],
                    [
                        366,
                        180
                    ],
                    [
                        366,
                        179
                    ],
                    [
                        365,
                        178
                    ],
                    [
                        365,
                        174
                    ],
                    [
                        364,
                        174
                    ],
                    [
                        363,
                        173
                    ],
                    [
                        363,
                        171
                    ],
                    [
                        362,
                        171
                    ],
                    [
                        361,
                        170
                    ],
                    [
                        361,
                        164
                    ],
                    [
                        360,
                        163
                    ],
                    [
                        360,
                        160
                    ],
                    [
                        357,
                        160
                    ],
                    [
                        356,
                        159
                    ],
                    [
                        356,
                        157
                    ],
                    [
                        355,
                        157
                    ],
                    [
                        354,
                        156
                    ],
                    [
                        354,
                        152
                    ],
                    [
                        353,
                        151
                    ],
                    [
                        353,
                        150
                    ],
                    [
                        352,
                        150
                    ],
                    [
                        351,
                        149
                    ],
                    [
                        351,
                        148
                    ],
                    [
                        350,
                        148
                    ],
                    [
                        349,
                        147
                    ],
                    [
                        349,
                        145
                    ],
                    [
                        348,
                        144
                    ],
                    [
                        348,
                        143
                    ],
                    [
                        347,
                        143
                    ],
                    [
                        346,
                        142
                    ],
                    [
                        345,
                        142
                    ],
                    [
                        344,
                        141
                    ],
                    [
                        344,
                        140
                    ],
                    [
                        343,
                        139
                    ],
                    [
                        343,
                        136
                    ],
                    [
                        342,
                        136
                    ],
                    [
                        341,
                        135
                    ],
                    [
                        341,
                        133
                    ],
                    [
                        338,
                        133
                    ],
                    [
                        337,
                        132
                    ],
                    [
                        337,
                        131
                    ],
                    [
                        336,
                        130
                    ],
                    [
                        335,
                        130
                    ],
                    [
                        334,
                        129
                    ],
                    [
                        334,
                        128
                    ],
                    [
                        333,
                        128
                    ],
                    [
                        332,
                        127
                    ],
                    [
                        332,
                        126
                    ],
                    [
                        330,
                        126
                    ],
                    [
                        329,
                        125
                    ],
                    [
                        328,
                        125
                    ],
                    [
                        327,
                        124
                    ],
                    [
                        327,
                        123
                    ],
                    [
                        326,
                        122
                    ],
                    [
                        326,
                        121
                    ],
                    [
                        325,
                        121
                    ],
                    [
                        324,
                        120
                    ],
                    [
                        324,
                        119
                    ],
                    [
                        323,
                        119
                    ],
                    [
                        322,
                        118
                    ],
                    [
                        322,
                        116
                    ],
                    [
                        321,
                        116
                    ],
                    [
                        320,
                        115
                    ],
                    [
                        320,
                        114
                    ],
                    [
                        319,
                        113
                    ],
                    [
                        316,
                        113
                    ],
                    [
                        315,
                        112
                    ],
                    [
                        315,
                        111
                    ],
                    [
                        314,
                        110
                    ],
                    [
                        314,
                        109
                    ],
                    [
                        313,
                        109
                    ],
                    [
                        312,
                        108
                    ],
                    [
                        311,
                        108
                    ],
                    [
                        310,
                        107
                    ],
                    [
                        310,
                        104
                    ],
                    [
                        309,
                        103
                    ],
                    [
                        309,
                        102
                    ],
                    [
                        308,
                        102
                    ],
                    [
                        307,
                        101
                    ],
                    [
                        306,
                        101
                    ],
                    [
                        305,
                        100
                    ],
                    [
                        305,
                        99
                    ],
                    [
                        304,
                        99
                    ],
                    [
                        303,
                        98
                    ],
                    [
                        303,
                        97
                    ],
                    [
                        302,
                        96
                    ],
                    [
                        301,
                        96
                    ],
                    [
                        300,
                        95
                    ],
                    [
                        300,
                        92
                    ],
                    [
                        299,
                        92
                    ],
                    [
                        297,
                        90
                    ],
                    [
                        297,
                        89
                    ],
                    [
                        296,
                        89
                    ],
                    [
                        295,
                        88
                    ],
                    [
                        295,
                        87
                    ],
                    [
                        294,
                        87
                    ],
                    [
                        293,
                        86
                    ],
                    [
                        293,
                        84
                    ],
                    [
                        292,
                        83
                    ],
                    [
                        292,
                        82
                    ],
                    [
                        291,
                        82
                    ],
                    [
                        290,
                        81
                    ],
                    [
                        290,
                        80
                    ],
                    [
                        289,
                        80
                    ],
                    [
                        288,
                        79
                    ],
                    [
                        287,
                        79
                    ],
                    [
                        286,
                        78
                    ],
                    [
                        286,
                        77
                    ],
                    [
                        285,
                        76
                    ],
                    [
                        285,
                        74
                    ],
                    [
                        284,
                        74
                    ],
                    [
                        283,
                        73
                    ],
                    [
                        283,
                        72
                    ],
                    [
                        282,
                        72
                    ],
                    [
                        281,
                        71
                    ],
                    [
                        281,
                        70
                    ],
                    [
                        279,
                        70
                    ],
                    [
                        278,
                        69
                    ],
                    [
                        278,
                        68
                    ],
                    [
                        274,
                        68
                    ],
                    [
                        273,
                        67
                    ],
                    [
                        272,
                        67
                    ],
                    [
                        271,
                        66
                    ],
                    [
                        271,
                        65
                    ],
                    [
                        269,
                        65
                    ],
                    [
                        268,
                        64
                    ],
                    [
                        268,
                        63
                    ],
                    [
                        265,
                        63
                    ],
                    [
                        263,
                        61
                    ],
                    [
                        263,
                        60
                    ],
                    [
                        262,
                        60
                    ],
                    [
                        261,
                        59
                    ],
                    [
                        261,
                        58
                    ],
                    [
                        260,
                        58
                    ],
                    [
                        258,
                        56
                    ],
                    [
                        258,
                        55
                    ],
                    [
                        257,
                        55
                    ],
                    [
                        256,
                        54
                    ],
                    [
                        256,
                        53
                    ],
                    [
                        255,
                        53
                    ],
                    [
                        254,
                        52
                    ],
                    [
                        254,
                        51
                    ],
                    [
                        253,
                        51
                    ],
                    [
                        252,
                        50
                    ],
                    [
                        252,
                        48
                    ],
                    [
                        250,
                        48
                    ],
                    [
                        249,
                        47
                    ],
                    [
                        249,
                        46
                    ],
                    [
                        248,
                        46
                    ],
                    [
                        247,
                        45
                    ],
                    [
                        245,
                        45
                    ],
                    [
                        244,
                        44
                    ],
                    [
                        244,
                        43
                    ],
                    [
                        243,
                        43
                    ],
                    [
                        242,
                        42
                    ],
                    [
                        242,
                        41
                    ],
                    [
                        241,
                        40
                    ],
                    [
                        238,
                        40
                    ],
                    [
                        237,
                        39
                    ],
                    [
                        237,
                        38
                    ],
                    [
                        236,
                        38
                    ],
                    [
                        235,
                        37
                    ],
                    [
                        235,
                        36
                    ],
                    [
                        234,
                        35
                    ],
                    [
                        234,
                        34
                    ],
                    [
                        233,
                        34
                    ],
                    [
                        232,
                        33
                    ],
                    [
                        231,
                        33
                    ],
                    [
                        230,
                        32
                    ],
                    [
                        230,
                        31
                    ],
                    [
                        226,
                        31
                    ],
                    [
                        225,
                        30
                    ],
                    [
                        225,
                        29
                    ],
                    [
                        224,
                        28
                    ],
                    [
                        219,
                        28
                    ],
                    [
                        218,
                        27
                    ],
                    [
                        218,
                        26
                    ],
                    [
                        214,
                        26
                    ],
                    [
                        213,
                        25
                    ],
                    [
                        213,
                        24
                    ],
                    [
                        209,
                        24
                    ],
                    [
                        208,
                        23
                    ],
                    [
                        206,
                        23
                    ],
                    [
                        205,
                        22
                    ],
                    [
                        205,
                        21
                    ],
                    [
                        197,
                        21
                    ],
                    [
                        196,
                        20
                    ],
                    [
                        196,
                        19
                    ],
                    [
                        194,
                        19
                    ],
                    [
                        193,
                        18
                    ],
                    [
                        193,
                        17
                    ]
                ]
            ],
            "group_id": null,
            "shape_type": "polygon",
            "flags": {}
        }
    ],
    "imagePath": "0.9796_good_tile_55_37_1.png",
    "imageData": null,
    "imageHeight": 224,
    "imageWidth": 224
}