{
    "version": "4.5.9",
    "flags": {},
    "shapes": [
        {
            "label": "foreground",
            "points": [
                [
                    [
                        25,
                        16
                    ],
                    [
                        24,
                        17
                    ],
                    [
                        23,
                        17
                    ],
                    [
                        18,
                        22
                    ],
                    [
                        18,
                        23
                    ],
                    [
                        17,
                        24
                    ],
                    [
                        17,
                        25
                    ],
                    [
                        16,
                        26
                    ],
                    [
                        16,
                        28
                    ],
                    [
                        15,
                        29
                    ],
                    [
                        15,
                        31
                    ],
                    [
                        16,
                        32
                    ],
                    [
                        16,
                        34
                    ],
                    [
                        17,
                        35
                    ],
                    [
                        17,
                        36
                    ],
                    [
                        18,
                        37
                    ],
                    [
                        18,
                        40
                    ],
                    [
                        19,
                        41
                    ],
                    [
                        19,
                        43
                    ],
                    [
                        22,
                        46
                    ],
                    [
                        30,
                        46
                    ],
                    [
                        31,
                        45
                    ],
                    [
                        33,
                        45
                    ],
                    [
                        36,
                        42
                    ],
                    [
                        38,
                        42
                    ],
                    [
                        40,
                        40
                    ],
                    [
                        40,
                        37
                    ],
                    [
                        41,
                        36
                    ],
                    [
                        41,
                        35
                    ],
                    [
                        42,
                        34
                    ],
                    [
                        40,
                        32
                    ],
                    [
                        40,
                        27
                    ],
                    [
                        42,
                        25
                    ],
                    [
                        44,
                        25
                    ],
                    [
                        44,
                        24
                    ],
                    [
                        40,
                        20
                    ],
                    [
                        38,
                        20
                    ],
                    [
                        36,
                        18
                    ],
                    [
                        35,
                        18
                    ],
                    [
                        33,
                        16
                    ]
                ]
            ],
            "group_id": null,
            "shape_type": "polygon",
            "flags": {}
        }
    ],
    "imagePath": "0.9842_good_tile_11_17_6.png",
    "imageData": null,
    "imageHeight": 224,
    "imageWidth": 224
}