{
    "version": "4.5.9",
    "flags": {},
    "shapes": [
        {
            "label": "foreground",
            "points": [
                [
                    [
                        24,
                        18
                    ],
                    [
                        23,
                        19
                    ],
                    [
                        21,
                        19
                    ],
                    [
                        20,
                        20
                    ],
                    [
                        19,
                        20
                    ],
                    [
                        14,
                        25
                    ],
                    [
                        14,
                        26
                    ],
                    [
                        12,
                        28
                    ],
                    [
                        12,
                        32
                    ],
                    [
                        11,
                        33
                    ],
                    [
                        11,
                        38
                    ],
                    [
                        10,
                        39
                    ],
                    [
                        10,
                        49
                    ],
                    [
                        11,
                        50
                    ],
                    [
                        11,
                        51
                    ],
                    [
                        12,
                        52
                    ],
                    [
                        12,
                        53
                    ],
                    [
                        15,
                        56
                    ],
                    [
                        15,
                        57
                    ],
                    [
                        20,
                        62
                    ],
                    [
                        21,
                        62
                    ],
                    [
                        22,
                        63
                    ],
                    [
                        23,
                        63
                    ],
                    [
                        24,
                        64
                    ],
                    [
                        25,
                        64
                    ],
                    [
                        27,
                        66
                    ],
                    [
                        30,
                        66
                    ],
                    [
                        31,
                        65
                    ],
                    [
                        37,
                        65
                    ],
                    [
                        38,
                        64
                    ],
                    [
                        40,
                        64
                    ],
                    [
                        42,
                        62
                    ],
                    [
                        42,
                        61
                    ],
                    [
                        45,
                        58
                    ],
                    [
                        45,
                        57
                    ],
                    [
                        46,
                        56
                    ],
                    [
                        46,
                        55
                    ],
                    [
                        47,
                        54
                    ],
                    [
                        47,
                        52
                    ],
                    [
                        48,
                        51
                    ],
                    [
                        48,
                        48
                    ],
                    [
                        49,
                        47
                    ],
                    [
                        49,
                        40
                    ],
                    [
                        48,
                        39
                    ],
                    [
                        48,
                        36
                    ],
                    [
                        47,
                        35
                    ],
                    [
                        47,
                        34
                    ],
                    [
                        46,
                        33
                    ],
                    [
                        46,
                        32
                    ],
                    [
                        44,
                        30
                    ],
                    [
                        44,
                        29
                    ],
                    [
                        40,
                        25
                    ],
                    [
                        40,
                        24
                    ],
                    [
                        39,
                        24
                    ],
                    [
                        38,
                        23
                    ],
                    [
                        37,
                        23
                    ],
                    [
                        36,
                        22
                    ],
                    [
                        35,
                        22
                    ],
                    [
                        34,
                        21
                    ],
                    [
                        33,
                        21
                    ],
                    [
                        32,
                        20
                    ],
                    [
                        31,
                        20
                    ],
                    [
                        30,
                        19
                    ],
                    [
                        27,
                        19
                    ],
                    [
                        26,
                        18
                    ]
                ]
            ],
            "group_id": null,
            "shape_type": "polygon",
            "flags": {}
        }
    ],
    "imagePath": "0.9869_good_tile_23_21_1.png",
    "imageData": null,
    "imageHeight": 224,
    "imageWidth": 224
}