{
    "version": "4.5.9",
    "flags": {},
    "shapes": [
        {
            "label": "foreground",
            "points": [
                [
                    [
                        34,
                        22
                    ],
                    [
                        33,
                        23
                    ],
                    [
                        30,
                        23
                    ],
                    [
                        28,
                        25
                    ],
                    [
                        27,
                        25
                    ],
                    [
                        26,
                        26
                    ],
                    [
                        24,
                        26
                    ],
                    [
                        23,
                        27
                    ],
                    [
                        23,
                        28
                    ],
                    [
                        22,
                        29
                    ],
                    [
                        22,
                        31
                    ],
                    [
                        21,
                        32
                    ],
                    [
                        21,
                        33
                    ],
                    [
                        19,
                        35
                    ],
                    [
                        19,
                        40
                    ],
                    [
                        18,
                        41
                    ],
                    [
                        18,
                        48
                    ],
                    [
                        19,
                        49
                    ],
                    [
                        19,
                        52
                    ],
                    [
                        20,
                        53
                    ],
                    [
                        20,
                        56
                    ],
                    [
                        21,
                        57
                    ],
                    [
                        21,
                        59
                    ],
                    [
                        24,
                        62
                    ],
                    [
                        24,
                        64
                    ],
                    [
                        27,
                        67
                    ],
                    [
                        28,
                        67
                    ],
                    [
                        29,
                        68
                    ],
                    [
                        29,
                        69
                    ],
                    [
                        32,
                        72
                    ],
                    [
                        32,
                        73
                    ],
                    [
                        34,
                        75
                    ],
                    [
                        35,
                        75
                    ],
                    [
                        39,
                        79
                    ],
                    [
                        42,
                        79
                    ],
                    [
                        43,
                        78
                    ],
                    [
                        45,
                        80
                    ],
                    [
                        45,
                        81
                    ],
                    [
                        47,
                        83
                    ],
                    [
                        49,
                        83
                    ],
                    [
                        51,
                        85
                    ],
                    [
                        53,
                        85
                    ],
                    [
                        56,
                        88
                    ],
                    [
                        56,
                        89
                    ],
                    [
                        58,
                        91
                    ],
                    [
                        60,
                        91
                    ],
                    [
                        61,
                        92
                    ],
                    [
                        67,
                        92
                    ],
                    [
                        68,
                        91
                    ],
                    [
                        70,
                        91
                    ],
                    [
                        71,
                        92
                    ],
                    [
                        72,
                        92
                    ],
                    [
                        73,
                        91
                    ],
                    [
                        74,
                        91
                    ],
                    [
                        75,
                        90
                    ],
                    [
                        75,
                        86
                    ],
                    [
                        78,
                        83
                    ],
                    [
                        78,
                        82
                    ],
                    [
                        77,
                        81
                    ],
                    [
                        77,
                        79
                    ],
                    [
                        78,
                        78
                    ],
                    [
                        78,
                        72
                    ],
                    [
                        81,
                        69
                    ],
                    [
                        84,
                        69
                    ],
                    [
                        85,
                        68
                    ],
                    [
                        85,
                        66
                    ],
                    [
                        87,
                        64
                    ],
                    [
                        88,
                        64
                    ],
                    [
                        92,
                        60
                    ],
                    [
                        92,
                        57
                    ],
                    [
                        91,
                        56
                    ],
                    [
                        91,
                        55
                    ],
                    [
                        90,
                        54
                    ],
                    [
                        90,
                        52
                    ],
                    [
                        91,
                        51
                    ],
                    [
                        90,
                        50
                    ],
                    [
                        90,
                        49
                    ],
                    [
                        89,
                        48
                    ],
                    [
                        89,
                        46
                    ],
                    [
                        88,
                        45
                    ],
                    [
                        88,
                        43
                    ],
                    [
                        87,
                        42
                    ],
                    [
                        85,
                        42
                    ],
                    [
                        84,
                        41
                    ],
                    [
                        83,
                        41
                    ],
                    [
                        82,
                        40
                    ],
                    [
                        81,
                        40
                    ],
                    [
                        79,
                        38
                    ],
                    [
                        79,
                        37
                    ],
                    [
                        78,
                        36
                    ],
                    [
                        78,
                        33
                    ],
                    [
                        77,
                        32
                    ],
                    [
                        78,
                        31
                    ],
                    [
                        78,
                        29
                    ],
                    [
                        76,
                        29
                    ],
                    [
                        74,
                        31
                    ],
                    [
                        68,
                        31
                    ],
                    [
                        67,
                        30
                    ],
                    [
                        66,
                        30
                    ],
                    [
                        65,
                        29
                    ],
                    [
                        65,
                        28
                    ],
                    [
                        64,
                        27
                    ],
                    [
                        62,
                        27
                    ],
                    [
                        61,
                        26
                    ],
                    [
                        60,
                        26
                    ],
                    [
                        59,
                        25
                    ],
                    [
                        58,
                        25
                    ],
                    [
                        57,
                        26
                    ],
                    [
                        54,
                        26
                    ],
                    [
                        50,
                        22
                    ],
                    [
                        44,
                        22
                    ],
                    [
                        43,
                        23
                    ],
                    [
                        42,
                        22
                    ]
                ]
            ],
            "group_id": null,
            "shape_type": "polygon",
            "flags": {}
        }
    ],
    "imagePath": "0.9859_good_tile_41_35_1.png",
    "imageData": null,
    "imageHeight": 224,
    "imageWidth": 224
}