{
    "version": "4.5.9",
    "flags": {},
    "shapes": [
        {
            "label": "foreground",
            "points": [
                [
                    [
                        26,
                        15
                    ],
                    [
                        25,
                        16
                    ],
                    [
                        20,
                        16
                    ],
                    [
                        19,
                        17
                    ],
                    [
                        18,
                        17
                    ],
                    [
                        16,
                        19
                    ],
                    [
                        16,
                        27
                    ],
                    [
                        15,
                        28
                    ],
                    [
                        15,
                        30
                    ],
                    [
                        14,
                        31
                    ],
                    [
                        14,
                        32
                    ],
                    [
                        13,
                        33
                    ],
                    [
                        13,
                        34
                    ],
                    [
                        12,
                        35
                    ],
                    [
                        12,
                        38
                    ],
                    [
                        13,
                        39
                    ],
                    [
                        13,
                        40
                    ],
                    [
                        14,
                        41
                    ],
                    [
                        14,
                        43
                    ],
                    [
                        15,
                        44
                    ],
                    [
                        16,
                        44
                    ],
                    [
                        17,
                        45
                    ],
                    [
                        19,
                        45
                    ],
                    [
                        20,
                        46
                    ],
                    [
                        25,
                        46
                    ],
                    [
                        26,
                        45
                    ],
                    [
                        28,
                        45
                    ],
                    [
                        31,
                        42
                    ],
                    [
                        32,
                        42
                    ],
                    [
                        36,
                        38
                    ],
                    [
                        37,
                        38
                    ],
                    [
                        40,
                        35
                    ],
                    [
                        40,
                        32
                    ],
                    [
                        41,
                        31
                    ],
                    [
                        41,
                        30
                    ],
                    [
                        40,
                        29
                    ],
                    [
                        40,
                        23
                    ],
                    [
                        39,
                        22
                    ],
                    [
                        39,
                        20
                    ],
                    [
                        38,
                        19
                    ],
                    [
                        38,
                        18
                    ],
                    [
                        35,
                        15
                    ]
                ]
            ],
            "group_id": null,
            "shape_type": "polygon",
            "flags": {}
        }
    ],
    "imagePath": "0.9825_good_tile_41_35_6.png",
    "imageData": null,
    "imageHeight": 224,
    "imageWidth": 224
}