{
    "version": "4.5.9",
    "flags": {},
    "shapes": [
        {
            "label": "foreground",
            "points": [
                [
                    [
                        50,
                        20
                    ],
                    [
                        49,
                        21
                    ],
                    [
                        45,
                        21
                    ],
                    [
                        44,
                        22
                    ],
                    [
                        42,
                        22
                    ],
                    [
                        41,
                        23
                    ],
                    [
                        40,
                        23
                    ],
                    [
                        39,
                        24
                    ],
                    [
                        38,
                        24
                    ],
                    [
                        37,
                        25
                    ],
                    [
                        36,
                        25
                    ],
                    [
                        35,
                        26
                    ],
                    [
                        34,
                        26
                    ],
                    [
                        26,
                        34
                    ],
                    [
                        26,
                        35
                    ],
                    [
                        24,
                        37
                    ],
                    [
                        24,
                        38
                    ],
                    [
                        23,
                        39
                    ],
                    [
                        23,
                        40
                    ],
                    [
                        21,
                        42
                    ],
                    [
                        21,
                        44
                    ],
                    [
                        20,
                        45
                    ],
                    [
                        20,
                        47
                    ],
                    [
                        19,
                        48
                    ],
                    [
                        19,
                        52
                    ],
                    [
                        18,
                        53
                    ],
                    [
                        18,
                        64
                    ],
                    [
                        19,
                        65
                    ],
                    [
                        19,
                        68
                    ],
                    [
                        20,
                        69
                    ],
                    [
                        20,
                        70
                    ],
                    [
                        21,
                        71
                    ],
                    [
                        21,
                        73
                    ],
                    [
                        23,
                        75
                    ],
                    [
                        23,
                        76
                    ],
                    [
                        24,
                        77
                    ],
                    [
                        24,
                        78
                    ],
                    [
                        25,
                        79
                    ],
                    [
                        25,
                        80
                    ],
                    [
                        27,
                        82
                    ],
                    [
                        27,
                        83
                    ],
                    [
                        34,
                        90
                    ],
                    [
                        35,
                        90
                    ],
                    [
                        38,
                        93
                    ],
                    [
                        39,
                        93
                    ],
                    [
                        40,
                        94
                    ],
                    [
                        41,
                        94
                    ],
                    [
                        42,
                        95
                    ],
                    [
                        43,
                        95
                    ],
                    [
                        44,
                        96
                    ],
                    [
                        45,
                        96
                    ],
                    [
                        46,
                        97
                    ],
                    [
                        47,
                        97
                    ],
                    [
                        48,
                        98
                    ],
                    [
                        50,
                        98
                    ],
                    [
                        51,
                        99
                    ],
                    [
                        55,
                        99
                    ],
                    [
                        56,
                        100
                    ],
                    [
                        67,
                        100
                    ],
                    [
                        68,
                        99
                    ],
                    [
                        71,
                        99
                    ],
                    [
                        72,
                        98
                    ],
                    [
                        73,
                        98
                    ],
                    [
                        74,
                        97
                    ],
                    [
                        75,
                        97
                    ],
                    [
                        76,
                        96
                    ],
                    [
                        77,
                        96
                    ],
                    [
                        79,
                        94
                    ],
                    [
                        80,
                        94
                    ],
                    [
                        88,
                        86
                    ],
                    [
                        88,
                        85
                    ],
                    [
                        89,
                        84
                    ],
                    [
                        89,
                        83
                    ],
                    [
                        90,
                        82
                    ],
                    [
                        90,
                        81
                    ],
                    [
                        91,
                        80
                    ],
                    [
                        91,
                        79
                    ],
                    [
                        92,
                        78
                    ],
                    [
                        92,
                        76
                    ],
                    [
                        93,
                        75
                    ],
                    [
                        93,
                        71
                    ],
                    [
                        94,
                        70
                    ],
                    [
                        94,
                        59
                    ],
                    [
                        93,
                        58
                    ],
                    [
                        93,
                        54
                    ],
                    [
                        92,
                        53
                    ],
                    [
                        92,
                        51
                    ],
                    [
                        91,
                        50
                    ],
                    [
                        91,
                        47
                    ],
                    [
                        90,
                        46
                    ],
                    [
                        90,
                        45
                    ],
                    [
                        89,
                        44
                    ],
                    [
                        89,
                        43
                    ],
                    [
                        87,
                        41
                    ],
                    [
                        87,
                        40
                    ],
                    [
                        85,
                        38
                    ],
                    [
                        85,
                        37
                    ],
                    [
                        83,
                        35
                    ],
                    [
                        83,
                        34
                    ],
                    [
                        77,
                        28
                    ],
                    [
                        76,
                        28
                    ],
                    [
                        75,
                        27
                    ],
                    [
                        74,
                        27
                    ],
                    [
                        72,
                        25
                    ],
                    [
                        71,
                        25
                    ],
                    [
                        70,
                        24
                    ],
                    [
                        69,
                        24
                    ],
                    [
                        68,
                        23
                    ],
                    [
                        67,
                        23
                    ],
                    [
                        66,
                        22
                    ],
                    [
                        63,
                        22
                    ],
                    [
                        62,
                        21
                    ],
                    [
                        59,
                        21
                    ],
                    [
                        58,
                        20
                    ]
                ]
            ],
            "group_id": null,
            "shape_type": "polygon",
            "flags": {}
        }
    ],
    "imagePath": "0.9803_good_tile_55_37_0.png",
    "imageData": null,
    "imageHeight": 224,
    "imageWidth": 224
}