{
    "version": "4.5.9",
    "flags": {},
    "shapes": [
        {
            "label": "foreground",
            "points": [
                [
                    [
                        39,
                        19
                    ],
                    [
                        38,
                        20
                    ],
                    [
                        38,
                        23
                    ],
                    [
                        36,
                        25
                    ],
                    [
                        34,
                        25
                    ],
                    [
                        33,
                        26
                    ],
                    [
                        30,
                        26
                    ],
                    [
                        29,
                        25
                    ],
                    [
                        28,
                        25
                    ],
                    [
                        27,
                        24
                    ],
                    [
                        21,
                        24
                    ],
                    [
                        21,
                        26
                    ],
                    [
                        23,
                        26
                    ],
                    [
                        24,
                        27
                    ],
                    [
                        24,
                        28
                    ],
                    [
                        25,
                        29
                    ],
                    [
                        25,
                        30
                    ],
                    [
                        26,
                        31
                    ],
                    [
                        26,
                        45
                    ],
                    [
                        27,
                        46
                    ],
                    [
                        27,
                        49
                    ],
                    [
                        28,
                        50
                    ],
                    [
                        28,
                        51
                    ],
                    [
                        30,
                        53
                    ],
                    [
                        30,
                        54
                    ],
                    [
                        35,
                        59
                    ],
                    [
                        36,
                        59
                    ],
                    [
                        37,
                        60
                    ],
                    [
                        38,
                        60
                    ],
                    [
                        40,
                        62
                    ],
                    [
                        41,
                        62
                    ],
                    [
                        42,
                        63
                    ],
                    [
                        43,
                        63
                    ],
                    [
                        45,
                        65
                    ],
                    [
                        46,
                        65
                    ],
                    [
                        51,
                        70
                    ],
                    [
                        51,
                        71
                    ],
                    [
                        52,
                        72
                    ],
                    [
                        52,
                        73
                    ],
                    [
                        53,
                        74
                    ],
                    [
                        53,
                        75
                    ],
                    [
                        54,
                        76
                    ],
                    [
                        54,
                        77
                    ],
                    [
                        57,
                        80
                    ],
                    [
                        59,
                        80
                    ],
                    [
                        60,
                        81
                    ],
                    [
                        65,
                        81
                    ],
                    [
                        67,
                        79
                    ],
                    [
                        67,
                        77
                    ],
                    [
                        66,
                        76
                    ],
                    [
                        66,
                        75
                    ],
                    [
                        65,
                        74
                    ],
                    [
                        65,
                        73
                    ],
                    [
                        61,
                        69
                    ],
                    [
                        60,
                        69
                    ],
                    [
                        58,
                        67
                    ],
                    [
                        58,
                        66
                    ],
                    [
                        56,
                        64
                    ],
                    [
                        56,
                        63
                    ],
                    [
                        55,
                        62
                    ],
                    [
                        55,
                        48
                    ],
                    [
                        54,
                        47
                    ],
                    [
                        54,
                        44
                    ],
                    [
                        53,
                        43
                    ],
                    [
                        53,
                        41
                    ],
                    [
                        52,
                        40
                    ],
                    [
                        52,
                        39
                    ],
                    [
                        51,
                        38
                    ],
                    [
                        51,
                        37
                    ],
                    [
                        50,
                        36
                    ],
                    [
                        50,
                        35
                    ],
                    [
                        49,
                        34
                    ],
                    [
                        49,
                        33
                    ],
                    [
                        47,
                        31
                    ],
                    [
                        47,
                        30
                    ],
                    [
                        46,
                        29
                    ],
                    [
                        46,
                        27
                    ],
                    [
                        45,
                        27
                    ],
                    [
                        44,
                        26
                    ],
                    [
                        43,
                        26
                    ],
                    [
                        42,
                        25
                    ],
                    [
                        42,
                        24
                    ],
                    [
                        41,
                        23
                    ],
                    [
                        41,
                        20
                    ],
                    [
                        40,
                        19
                    ]
                ]
            ],
            "group_id": null,
            "shape_type": "polygon",
            "flags": {}
        }
    ],
    "imagePath": "0.9937_good_tile_11_17_5.png",
    "imageData": null,
    "imageHeight": 224,
    "imageWidth": 224
}