{
    "version": "4.5.9",
    "flags": {},
    "shapes": [
        {
            "label": "foreground",
            "points": [
                [
                    [
                        28,
                        16
                    ],
                    [
                        27,
                        17
                    ],
                    [
                        26,
                        17
                    ],
                    [
                        26,
                        19
                    ],
                    [
                        25,
                        20
                    ],
                    [
                        25,
                        23
                    ],
                    [
                        26,
                        24
                    ],
                    [
                        26,
                        26
                    ],
                    [
                        27,
                        27
                    ],
                    [
                        27,
                        30
                    ],
                    [
                        28,
                        31
                    ],
                    [
                        28,
                        32
                    ],
                    [
                        29,
                        33
                    ],
                    [
                        29,
                        35
                    ],
                    [
                        28,
                        36
                    ],
                    [
                        28,
                        37
                    ],
                    [
                        27,
                        38
                    ],
                    [
                        27,
                        39
                    ],
                    [
                        26,
                        40
                    ],
                    [
                        26,
                        41
                    ],
                    [
                        19,
                        48
                    ],
                    [
                        19,
                        49
                    ],
                    [
                        18,
                        50
                    ],
                    [
                        18,
                        51
                    ],
                    [
                        16,
                        53
                    ],
                    [
                        16,
                        54
                    ],
                    [
                        15,
                        55
                    ],
                    [
                        15,
                        62
                    ],
                    [
                        14,
                        63
                    ],
                    [
                        14,
                        66
                    ],
                    [
                        13,
                        67
                    ],
                    [
                        13,
                        70
                    ],
                    [
                        14,
                        71
                    ],
                    [
                        14,
                        72
                    ],
                    [
                        15,
                        73
                    ],
                    [
                        15,
                        74
                    ],
                    [
                        16,
                        75
                    ],
                    [
                        17,
                        75
                    ],
                    [
                        19,
                        77
                    ],
                    [
                        20,
                        77
                    ],
                    [
                        23,
                        80
                    ],
                    [
                        24,
                        80
                    ],
                    [
                        25,
                        81
                    ],
                    [
                        26,
                        81
                    ],
                    [
                        27,
                        82
                    ],
                    [
                        30,
                        82
                    ],
                    [
                        31,
                        83
                    ],
                    [
                        33,
                        83
                    ],
                    [
                        34,
                        82
                    ],
                    [
                        38,
                        82
                    ],
                    [
                        39,
                        81
                    ],
                    [
                        40,
                        81
                    ],
                    [
                        43,
                        78
                    ],
                    [
                        44,
                        78
                    ],
                    [
                        44,
                        77
                    ],
                    [
                        46,
                        75
                    ],
                    [
                        46,
                        74
                    ],
                    [
                        47,
                        73
                    ],
                    [
                        47,
                        72
                    ],
                    [
                        48,
                        71
                    ],
                    [
                        48,
                        69
                    ],
                    [
                        49,
                        68
                    ],
                    [
                        49,
                        63
                    ],
                    [
                        50,
                        62
                    ],
                    [
                        50,
                        60
                    ],
                    [
                        49,
                        59
                    ],
                    [
                        49,
                        46
                    ],
                    [
                        48,
                        45
                    ],
                    [
                        48,
                        43
                    ],
                    [
                        45,
                        40
                    ],
                    [
                        45,
                        38
                    ],
                    [
                        44,
                        37
                    ],
                    [
                        44,
                        35
                    ],
                    [
                        45,
                        34
                    ],
                    [
                        45,
                        30
                    ],
                    [
                        48,
                        27
                    ],
                    [
                        49,
                        27
                    ],
                    [
                        50,
                        26
                    ],
                    [
                        49,
                        26
                    ],
                    [
                        48,
                        25
                    ],
                    [
                        46,
                        25
                    ],
                    [
                        45,
                        26
                    ],
                    [
                        41,
                        26
                    ],
                    [
                        40,
                        25
                    ],
                    [
                        39,
                        25
                    ],
                    [
                        37,
                        23
                    ],
                    [
                        37,
                        22
                    ],
                    [
                        33,
                        18
                    ],
                    [
                        32,
                        18
                    ],
                    [
                        31,
                        17
                    ],
                    [
                        29,
                        17
                    ]
                ]
            ],
            "group_id": null,
            "shape_type": "polygon",
            "flags": {}
        }
    ],
    "imagePath": "0.9975_good_tile_23_21_0.png",
    "imageData": null,
    "imageHeight": 224,
    "imageWidth": 224
}