{
    "version": "4.5.9",
    "flags": {},
    "shapes": [
        {
            "label": "foreground",
            "points": [
                [
                    [
                        25,
                        15
                    ],
                    [
                        24,
                        16
                    ],
                    [
                        21,
                        16
                    ],
                    [
                        20,
                        17
                    ],
                    [
                        19,
                        17
                    ],
                    [
                        17,
                        19
                    ],
                    [
                        17,
                        21
                    ],
                    [
                        16,
                        22
                    ],
                    [
                        16,
                        24
                    ],
                    [
                        15,
                        25
                    ],
                    [
                        15,
                        26
                    ],
                    [
                        14,
                        27
                    ],
                    [
                        14,
                        40
                    ],
                    [
                        15,
                        41
                    ],
                    [
                        15,
                        45
                    ],
                    [
                        16,
                        46
                    ],
                    [
                        16,
                        47
                    ],
                    [
                        17,
                        48
                    ],
                    [
                        17,
                        49
                    ],
                    [
                        18,
                        50
                    ],
                    [
                        19,
                        50
                    ],
                    [
                        21,
                        52
                    ],
                    [
                        28,
                        52
                    ],
                    [
                        29,
                        51
                    ],
                    [
                        30,
                        51
                    ],
                    [
                        36,
                        45
                    ],
                    [
                        36,
                        44
                    ],
                    [
                        37,
                        43
                    ],
                    [
                        37,
                        42
                    ],
                    [
                        39,
                        40
                    ],
                    [
                        39,
                        38
                    ],
                    [
                        40,
                        37
                    ],
                    [
                        40,
                        31
                    ],
                    [
                        41,
                        30
                    ],
                    [
                        41,
                        28
                    ],
                    [
                        40,
                        27
                    ],
                    [
                        40,
                        25
                    ],
                    [
                        39,
                        24
                    ],
                    [
                        39,
                        23
                    ],
                    [
                        38,
                        22
                    ],
                    [
                        38,
                        21
                    ],
                    [
                        34,
                        17
                    ],
                    [
                        33,
                        17
                    ],
                    [
                        32,
                        16
                    ],
                    [
                        31,
                        16
                    ],
                    [
                        30,
                        15
                    ]
                ]
            ],
            "group_id": null,
            "shape_type": "polygon",
            "flags": {}
        }
    ],
    "imagePath": "0.9998_good_tile_11_17_4.png",
    "imageData": null,
    "imageHeight": 224,
    "imageWidth": 224
}