{
    "version": "4.5.9",
    "flags": {},
    "shapes": [
        {
            "label": "foreground",
            "points": [
                [
                    [
                        26,
                        17
                    ],
                    [
                        25,
                        18
                    ],
                    [
                        24,
                        18
                    ],
                    [
                        23,
                        19
                    ],
                    [
                        22,
                        19
                    ],
                    [
                        21,
                        20
                    ],
                    [
                        20,
                        20
                    ],
                    [
                        19,
                        21
                    ],
                    [
                        18,
                        21
                    ],
                    [
                        18,
                        22
                    ],
                    [
                        16,
                        24
                    ],
                    [
                        16,
                        25
                    ],
                    [
                        15,
                        26
                    ],
                    [
                        15,
                        32
                    ],
                    [
                        14,
                        33
                    ],
                    [
                        15,
                        34
                    ],
                    [
                        15,
                        37
                    ],
                    [
                        16,
                        38
                    ],
                    [
                        16,
                        39
                    ],
                    [
                        23,
                        46
                    ],
                    [
                        24,
                        46
                    ],
                    [
                        25,
                        47
                    ],
                    [
                        26,
                        47
                    ],
                    [
                        27,
                        48
                    ],
                    [
                        35,
                        48
                    ],
                    [
                        36,
                        47
                    ],
                    [
                        40,
                        47
                    ],
                    [
                        41,
                        46
                    ],
                    [
                        42,
                        46
                    ],
                    [
                        49,
                        39
                    ],
                    [
                        52,
                        39
                    ],
                    [
                        53,
                        38
                    ],
                    [
                        53,
                        36
                    ],
                    [
                        51,
                        34
                    ],
                    [
                        51,
                        27
                    ],
                    [
                        48,
                        24
                    ],
                    [
                        46,
                        24
                    ],
                    [
                        43,
                        21
                    ],
                    [
                        42,
                        21
                    ],
                    [
                        41,
                        20
                    ],
                    [
                        40,
                        20
                    ],
                    [
                        38,
                        18
                    ],
                    [
                        35,
                        18
                    ],
                    [
                        34,
                        17
                    ]
                ]
            ],
            "group_id": null,
            "shape_type": "polygon",
            "flags": {}
        }
    ],
    "imagePath": "0.9994_good_tile_23_21_4.png",
    "imageData": null,
    "imageHeight": 224,
    "imageWidth": 224
}