{
    "version": "4.5.9",
    "flags": {},
    "shapes": [
        {
            "label": "foreground",
            "points": [
                [
                    [
                        24,
                        11
                    ],
                    [
                        23,
                        12
                    ],
                    [
                        20,
                        12
                    ],
                    [
                        19,
                        13
                    ],
                    [
                        18,
                        13
                    ],
                    [
                        16,
                        15
                    ],
                    [
                        15,
                        15
                    ],
                    [
                        13,
                        17
                    ],
                    [
                        13,
                        18
                    ],
                    [
                        12,
                        19
                    ],
                    [
                        12,
                        20
                    ],
                    [
                        11,
                        21
                    ],
                    [
                        11,
                        22
                    ],
                    [
                        10,
                        23
                    ],
                    [
                        10,
                        27
                    ],
                    [
                        11,
                        28
                    ],
                    [
                        11,
                        34
                    ],
                    [
                        17,
                        40
                    ],
                    [
                        18,
                        40
                    ],
                    [
                        19,
                        41
                    ],
                    [
                        22,
                        41
                    ],
                    [
                        23,
                        42
                    ],
                    [
                        25,
                        42
                    ],
                    [
                        26,
                        43
                    ],
                    [
                        29,
                        43
                    ],
                    [
                        30,
                        42
                    ],
                    [
                        31,
                        42
                    ],
                    [
                        32,
                        41
                    ],
                    [
                        33,
                        41
                    ],
                    [
                        35,
                        39
                    ],
                    [
                        36,
                        39
                    ],
                    [
                        37,
                        38
                    ],
                    [
                        38,
                        38
                    ],
                    [
                        38,
                        37
                    ],
                    [
                        39,
                        36
                    ],
                    [
                        39,
                        34
                    ],
                    [
                        40,
                        33
                    ],
                    [
                        40,
                        32
                    ],
                    [
                        41,
                        31
                    ],
                    [
                        41,
                        29
                    ],
                    [
                        42,
                        28
                    ],
                    [
                        42,
                        20
                    ],
                    [
                        41,
                        19
                    ],
                    [
                        41,
                        18
                    ],
                    [
                        36,
                        13
                    ],
                    [
                        34,
                        13
                    ],
                    [
                        33,
                        12
                    ],
                    [
                        31,
                        12
                    ],
                    [
                        30,
                        11
                    ]
                ]
            ],
            "group_id": null,
            "shape_type": "polygon",
            "flags": {}
        }
    ],
    "imagePath": "0.9932_good_tile_41_35_4.png",
    "imageData": null,
    "imageHeight": 224,
    "imageWidth": 224
}