{
    "version": "4.5.9",
    "flags": {},
    "shapes": [
        {
            "label": "foreground",
            "points": [
                [
                    [
                        71,
                        23
                    ],
                    [
                        70,
                        24
                    ],
                    [
                        66,
                        24
                    ],
                    [
                        65,
                        25
                    ],
                    [
                        63,
                        25
                    ],
                    [
                        62,
                        26
                    ],
                    [
                        61,
                        26
                    ],
                    [
                        59,
                        28
                    ],
                    [
                        58,
                        28
                    ],
                    [
                        55,
                        31
                    ],
                    [
                        54,
                        31
                    ],
                    [
                        51,
                        34
                    ],
                    [
                        50,
                        34
                    ],
                    [
                        49,
                        35
                    ],
                    [
                        48,
                        35
                    ],
                    [
                        46,
                        37
                    ],
                    [
                        45,
                        37
                    ],
                    [
                        44,
                        38
                    ],
                    [
                        44,
                        39
                    ],
                    [
                        36,
                        47
                    ],
                    [
                        35,
                        47
                    ],
                    [
                        33,
                        49
                    ],
                    [
                        33,
                        50
                    ],
                    [
                        32,
                        51
                    ],
                    [
                        31,
                        51
                    ],
                    [
                        29,
                        53
                    ],
                    [
                        29,
                        54
                    ],
                    [
                        27,
                        56
                    ],
                    [
                        27,
                        57
                    ],
                    [
                        25,
                        59
                    ],
                    [
                        25,
                        60
                    ],
                    [
                        24,
                        61
                    ],
                    [
                        24,
                        62
                    ],
                    [
                        23,
                        63
                    ],
                    [
                        23,
                        66
                    ],
                    [
                        22,
                        67
                    ],
                    [
                        22,
                        70
                    ],
                    [
                        21,
                        71
                    ],
                    [
                        21,
                        75
                    ],
                    [
                        20,
                        76
                    ],
                    [
                        20,
                        86
                    ],
                    [
                        21,
                        87
                    ],
                    [
                        21,
                        91
                    ],
                    [
                        22,
                        92
                    ],
                    [
                        22,
                        93
                    ],
                    [
                        23,
                        94
                    ],
                    [
                        23,
                        96
                    ],
                    [
                        25,
                        98
                    ],
                    [
                        25,
                        99
                    ],
                    [
                        27,
                        101
                    ],
                    [
                        27,
                        103
                    ],
                    [
                        28,
                        104
                    ],
                    [
                        28,
                        105
                    ],
                    [
                        30,
                        107
                    ],
                    [
                        30,
                        108
                    ],
                    [
                        32,
                        110
                    ],
                    [
                        32,
                        111
                    ],
                    [
                        38,
                        117
                    ],
                    [
                        39,
                        117
                    ],
                    [
                        42,
                        120
                    ],
                    [
                        42,
                        121
                    ],
                    [
                        46,
                        125
                    ],
                    [
                        46,
                        126
                    ],
                    [
                        48,
                        128
                    ],
                    [
                        51,
                        128
                    ],
                    [
                        52,
                        127
                    ],
                    [
                        53,
                        127
                    ],
                    [
                        54,
                        126
                    ],
                    [
                        57,
                        129
                    ],
                    [
                        57,
                        131
                    ],
                    [
                        56,
                        132
                    ],
                    [
                        56,
                        133
                    ],
                    [
                        58,
                        133
                    ],
                    [
                        59,
                        132
                    ],
                    [
                        60,
                        132
                    ],
                    [
                        61,
                        131
                    ],
                    [
                        66,
                        131
                    ],
                    [
                        71,
                        126
                    ],
                    [
                        73,
                        128
                    ],
                    [
                        74,
                        128
                    ],
                    [
                        74,
                        126
                    ],
                    [
                        77,
                        123
                    ],
                    [
                        78,
                        123
                    ],
                    [
                        81,
                        120
                    ],
                    [
                        81,
                        118
                    ],
                    [
                        84,
                        115
                    ],
                    [
                        84,
                        114
                    ],
                    [
                        85,
                        113
                    ],
                    [
                        86,
                        113
                    ],
                    [
                        92,
                        107
                    ],
                    [
                        93,
                        107
                    ],
                    [
                        94,
                        106
                    ],
                    [
                        94,
                        105
                    ],
                    [
                        95,
                        104
                    ],
                    [
                        95,
                        103
                    ],
                    [
                        100,
                        98
                    ],
                    [
                        101,
                        98
                    ],
                    [
                        104,
                        95
                    ],
                    [
                        104,
                        94
                    ],
                    [
                        106,
                        92
                    ],
                    [
                        106,
                        90
                    ],
                    [
                        107,
                        89
                    ],
                    [
                        107,
                        88
                    ],
                    [
                        108,
                        87
                    ],
                    [
                        108,
                        86
                    ],
                    [
                        109,
                        85
                    ],
                    [
                        109,
                        83
                    ],
                    [
                        110,
                        82
                    ],
                    [
                        110,
                        79
                    ],
                    [
                        111,
                        78
                    ],
                    [
                        110,
                        77
                    ],
                    [
                        111,
                        76
                    ],
                    [
                        110,
                        75
                    ],
                    [
                        110,
                        73
                    ],
                    [
                        111,
                        72
                    ],
                    [
                        111,
                        71
                    ],
                    [
                        110,
                        70
                    ],
                    [
                        110,
                        65
                    ],
                    [
                        111,
                        64
                    ],
                    [
                        110,
                        63
                    ],
                    [
                        110,
                        56
                    ],
                    [
                        109,
                        55
                    ],
                    [
                        109,
                        51
                    ],
                    [
                        108,
                        50
                    ],
                    [
                        108,
                        49
                    ],
                    [
                        104,
                        45
                    ],
                    [
                        104,
                        44
                    ],
                    [
                        103,
                        43
                    ],
                    [
                        103,
                        40
                    ],
                    [
                        104,
                        39
                    ],
                    [
                        105,
                        39
                    ],
                    [
                        105,
                        38
                    ],
                    [
                        104,
                        37
                    ],
                    [
                        103,
                        37
                    ],
                    [
                        102,
                        38
                    ],
                    [
                        98,
                        38
                    ],
                    [
                        96,
                        36
                    ],
                    [
                        95,
                        36
                    ],
                    [
                        92,
                        33
                    ],
                    [
                        91,
                        33
                    ],
                    [
                        90,
                        32
                    ],
                    [
                        90,
                        31
                    ],
                    [
                        89,
                        30
                    ],
                    [
                        89,
                        28
                    ],
                    [
                        88,
                        28
                    ],
                    [
                        87,
                        29
                    ],
                    [
                        85,
                        29
                    ],
                    [
                        82,
                        26
                    ],
                    [
                        80,
                        26
                    ],
                    [
                        78,
                        24
                    ],
                    [
                        77,
                        24
                    ],
                    [
                        76,
                        23
                    ]
                ]
            ],
            "group_id": null,
            "shape_type": "polygon",
            "flags": {}
        }
    ],
    "imagePath": "0.9978_good_tile_11_17_1.png",
    "imageData": null,
    "imageHeight": 224,
    "imageWidth": 224
}