{
    "version": "4.5.9",
    "flags": {},
    "shapes": [
        {
            "label": "foreground",
            "points": [
                [
                    [
                        33,
                        18
                    ],
                    [
                        32,
                        19
                    ],
                    [
                        31,
                        19
                    ],
                    [
                        30,
                        20
                    ],
                    [
                        28,
                        20
                    ],
                    [
                        26,
                        22
                    ],
                    [
                        26,
                        23
                    ],
                    [
                        21,
                        28
                    ],
                    [
                        21,
                        29
                    ],
                    [
                        19,
                        31
                    ],
                    [
                        19,
                        32
                    ],
                    [
                        18,
                        33
                    ],
                    [
                        18,
                        34
                    ],
                    [
                        17,
                        35
                    ],
                    [
                        17,
                        40
                    ],
                    [
                        16,
                        41
                    ],
                    [
                        16,
                        46
                    ],
                    [
                        17,
                        47
                    ],
                    [
                        17,
                        49
                    ],
                    [
                        18,
                        50
                    ],
                    [
                        18,
                        51
                    ],
                    [
                        22,
                        55
                    ],
                    [
                        23,
                        55
                    ],
                    [
                        25,
                        57
                    ],
                    [
                        27,
                        57
                    ],
                    [
                        28,
                        58
                    ],
                    [
                        39,
                        58
                    ],
                    [
                        40,
                        57
                    ],
                    [
                        44,
                        57
                    ],
                    [
                        45,
                        56
                    ],
                    [
                        46,
                        56
                    ],
                    [
                        48,
                        54
                    ],
                    [
                        49,
                        54
                    ],
                    [
                        53,
                        50
                    ],
                    [
                        53,
                        49
                    ],
                    [
                        54,
                        48
                    ],
                    [
                        54,
                        47
                    ],
                    [
                        55,
                        46
                    ],
                    [
                        55,
                        45
                    ],
                    [
                        56,
                        44
                    ],
                    [
                        56,
                        43
                    ],
                    [
                        55,
                        42
                    ],
                    [
                        55,
                        34
                    ],
                    [
                        54,
                        33
                    ],
                    [
                        54,
                        32
                    ],
                    [
                        53,
                        31
                    ],
                    [
                        53,
                        28
                    ],
                    [
                        52,
                        27
                    ],
                    [
                        52,
                        26
                    ],
                    [
                        50,
                        24
                    ],
                    [
                        50,
                        23
                    ],
                    [
                        48,
                        21
                    ],
                    [
                        46,
                        21
                    ],
                    [
                        45,
                        20
                    ],
                    [
                        44,
                        20
                    ],
                    [
                        43,
                        19
                    ],
                    [
                        39,
                        19
                    ],
                    [
                        38,
                        18
                    ]
                ]
            ],
            "group_id": null,
            "shape_type": "polygon",
            "flags": {}
        }
    ],
    "imagePath": "0.9988_good_tile_11_17_3.png",
    "imageData": null,
    "imageHeight": 224,
    "imageWidth": 224
}