{
    "version": "4.5.9",
    "flags": {},
    "shapes": [
        {
            "label": "foreground",
            "points": [
                [
                    [
                        27,
                        17
                    ],
                    [
                        25,
                        19
                    ],
                    [
                        25,
                        20
                    ],
                    [
                        26,
                        21
                    ],
                    [
                        26,
                        23
                    ],
                    [
                        25,
                        24
                    ],
                    [
                        25,
                        26
                    ],
                    [
                        22,
                        29
                    ],
                    [
                        22,
                        33
                    ],
                    [
                        23,
                        34
                    ],
                    [
                        23,
                        37
                    ],
                    [
                        24,
                        38
                    ],
                    [
                        24,
                        39
                    ],
                    [
                        21,
                        42
                    ],
                    [
                        21,
                        43
                    ],
                    [
                        19,
                        45
                    ],
                    [
                        19,
                        50
                    ],
                    [
                        20,
                        51
                    ],
                    [
                        20,
                        56
                    ],
                    [
                        19,
                        57
                    ],
                    [
                        19,
                        63
                    ],
                    [
                        18,
                        64
                    ],
                    [
                        18,
                        67
                    ],
                    [
                        19,
                        68
                    ],
                    [
                        19,
                        75
                    ],
                    [
                        20,
                        76
                    ],
                    [
                        20,
                        80
                    ],
                    [
                        21,
                        81
                    ],
                    [
                        21,
                        83
                    ],
                    [
                        24,
                        86
                    ],
                    [
                        24,
                        87
                    ],
                    [
                        28,
                        91
                    ],
                    [
                        28,
                        92
                    ],
                    [
                        29,
                        93
                    ],
                    [
                        35,
                        93
                    ],
                    [
                        36,
                        92
                    ],
                    [
                        38,
                        92
                    ],
                    [
                        39,
                        91
                    ],
                    [
                        47,
                        91
                    ],
                    [
                        48,
                        90
                    ],
                    [
                        49,
                        90
                    ],
                    [
                        50,
                        89
                    ],
                    [
                        56,
                        89
                    ],
                    [
                        57,
                        90
                    ],
                    [
                        58,
                        90
                    ],
                    [
                        59,
                        89
                    ],
                    [
                        61,
                        89
                    ],
                    [
                        62,
                        88
                    ],
                    [
                        63,
                        88
                    ],
                    [
                        66,
                        85
                    ],
                    [
                        66,
                        83
                    ],
                    [
                        67,
                        82
                    ],
                    [
                        67,
                        81
                    ],
                    [
                        68,
                        80
                    ],
                    [
                        68,
                        78
                    ],
                    [
                        69,
                        77
                    ],
                    [
                        69,
                        76
                    ],
                    [
                        68,
                        75
                    ],
                    [
                        68,
                        70
                    ],
                    [
                        67,
                        69
                    ],
                    [
                        67,
                        62
                    ],
                    [
                        66,
                        61
                    ],
                    [
                        66,
                        60
                    ],
                    [
                        57,
                        51
                    ],
                    [
                        57,
                        50
                    ],
                    [
                        52,
                        45
                    ],
                    [
                        52,
                        44
                    ],
                    [
                        49,
                        41
                    ],
                    [
                        49,
                        40
                    ],
                    [
                        48,
                        39
                    ],
                    [
                        48,
                        38
                    ],
                    [
                        45,
                        35
                    ],
                    [
                        45,
                        34
                    ],
                    [
                        44,
                        33
                    ],
                    [
                        45,
                        32
                    ],
                    [
                        45,
                        31
                    ],
                    [
                        44,
                        31
                    ],
                    [
                        43,
                        30
                    ],
                    [
                        42,
                        30
                    ],
                    [
                        40,
                        28
                    ],
                    [
                        40,
                        27
                    ],
                    [
                        38,
                        25
                    ],
                    [
                        38,
                        23
                    ],
                    [
                        35,
                        20
                    ],
                    [
                        34,
                        20
                    ],
                    [
                        33,
                        19
                    ],
                    [
                        31,
                        19
                    ],
                    [
                        30,
                        18
                    ],
                    [
                        29,
                        18
                    ],
                    [
                        28,
                        17
                    ]
                ]
            ],
            "group_id": null,
            "shape_type": "polygon",
            "flags": {}
        }
    ],
    "imagePath": "0.9950_good_tile_41_35_0.png",
    "imageData": null,
    "imageHeight": 224,
    "imageWidth": 224
}