{
    "version": "4.5.9",
    "flags": {},
    "shapes": [
        {
            "label": "foreground",
            "points": [
                [
                    [
                        40,
                        14
                    ],
                    [
                        37,
                        17
                    ],
                    [
                        36,
                        17
                    ],
                    [
                        32,
                        21
                    ],
                    [
                        25,
                        21
                    ],
                    [
                        24,
                        22
                    ],
                    [
                        21,
                        22
                    ],
                    [
                        14,
                        29
                    ],
                    [
                        14,
                        30
                    ],
                    [
                        13,
                        31
                    ],
                    [
                        13,
                        33
                    ],
                    [
                        12,
                        34
                    ],
                    [
                        12,
                        41
                    ],
                    [
                        13,
                        42
                    ],
                    [
                        13,
                        43
                    ],
                    [
                        14,
                        44
                    ],
                    [
                        14,
                        45
                    ],
                    [
                        15,
                        46
                    ],
                    [
                        15,
                        47
                    ],
                    [
                        20,
                        52
                    ],
                    [
                        22,
                        52
                    ],
                    [
                        23,
                        53
                    ],
                    [
                        24,
                        53
                    ],
                    [
                        25,
                        54
                    ],
                    [
                        33,
                        54
                    ],
                    [
                        34,
                        53
                    ],
                    [
                        35,
                        53
                    ],
                    [
                        36,
                        52
                    ],
                    [
                        38,
                        52
                    ],
                    [
                        40,
                        50
                    ],
                    [
                        40,
                        49
                    ],
                    [
                        41,
                        48
                    ],
                    [
                        41,
                        47
                    ],
                    [
                        42,
                        46
                    ],
                    [
                        42,
                        36
                    ],
                    [
                        41,
                        35
                    ],
                    [
                        41,
                        30
                    ],
                    [
                        40,
                        29
                    ],
                    [
                        40,
                        23
                    ],
                    [
                        41,
                        22
                    ],
                    [
                        41,
                        19
                    ],
                    [
                        42,
                        18
                    ],
                    [
                        42,
                        17
                    ],
                    [
                        43,
                        16
                    ],
                    [
                        43,
                        15
                    ],
                    [
                        42,
                        14
                    ]
                ]
            ],
            "group_id": null,
            "shape_type": "polygon",
            "flags": {}
        }
    ],
    "imagePath": "0.9947_good_tile_57_31_2.png",
    "imageData": null,
    "imageHeight": 224,
    "imageWidth": 224
}