{
    "image_height": 1024,
    "images_width": 1024,
    "images_path": "tile_41_17.png",
    "bboxes": [
        {
            "attributions": {
                "group": 0
            },
            "id": 0,
            "label": "Single_cell",
            "x_max": 0.6845703125,
            "x_min": 0.4921875,
            "y_max": 1.0009765625,
            "y_min": 0.8447265625,
            "prob": "0.839"
        },
        {
            "attributions": {
                "group": 0
            },
            "id": 1,
            "label": "Single_cell",
            "x_max": 0.162109375,
            "x_min": -0.001953125,
            "y_max": 0.97265625,
            "y_min": 0.83203125,
            "prob": "0.827"
        },
        {
            "attributions": {
                "group": 0
            },
            "id": 2,
            "label": "Single_cell",
            "x_max": 0.4892578125,
            "x_min": 0.3720703125,
            "y_max": 0.837890625,
            "y_min": 0.7216796875,
            "prob": "0.815"
        },
        {
            "attributions": {
                "group": 0
            },
            "id": 3,
            "label": "Single_cell",
            "x_max": 0.70703125,
            "x_min": 0.53515625,
            "y_max": 0.126953125,
            "y_min": 0.0673828125,
            "prob": "0.798"
        },
        {
            "attributions": {
                "group": 0
            },
            "id": 4,
            "label": "Single_cell",
            "x_max": 0.7607421875,
            "x_min": 0.6591796875,
            "y_max": 0.599609375,
            "y_min": 0.4619140625,
            "prob": "0.779"
        },
        {
            "attributions": {
                "group": 0
            },
            "id": 5,
            "label": "Single_cell",
            "x_max": 0.28125,
            "x_min": 0.20703125,
            "y_max": 0.1259765625,
            "y_min": 0.048828125,
            "prob": "0.754"
        },
        {
            "attributions": {
                "group": 0
            },
            "id": 6,
            "label": "Single_cell",
            "x_max": 0.9990234375,
            "x_min": 0.8974609375,
            "y_max": 0.7705078125,
            "y_min": 0.677734375,
            "prob": "0.752"
        },
        {
            "attributions": {
                "group": 0
            },
            "id": 7,
            "label": "Single_cell",
            "x_max": 0.568359375,
            "x_min": 0.443359375,
            "y_max": 0.0947265625,
            "y_min": -0.001953125,
            "prob": "0.745"
        },
        {
            "attributions": {
                "group": 0
            },
            "id": 8,
            "label": "Single_cell",
            "x_max": 0.6904296875,
            "x_min": 0.63671875,
            "y_max": 0.171875,
            "y_min": 0.1181640625,
            "prob": "0.725"
        },
        {
            "attributions": {
                "group": 0
            },
            "id": 9,
            "label": "Single_cell",
            "x_max": 0.7578125,
            "x_min": 0.697265625,
            "y_max": 0.181640625,
            "y_min": 0.1044921875,
            "prob": "0.686"
        },
        {
            "attributions": {
                "group": 0
            },
            "id": 10,
            "label": "Single_cell",
            "x_max": 0.1533203125,
            "x_min": 0.0478515625,
            "y_max": 0.810546875,
            "y_min": 0.673828125,
            "prob": "0.686"
        }
    ]
}