{
    "image_height": 1024,
    "images_width": 1024,
    "images_path": "tile_60_33.png",
    "bboxes": [
        {
            "attributions": {
                "group": 0
            },
            "id": 0,
            "label": "Single_cell",
            "x_max": 0.51953125,
            "x_min": 0.4052734375,
            "y_max": 0.1494140625,
            "y_min": 0.0068359375,
            "prob": "0.840"
        },
        {
            "attributions": {
                "group": 0
            },
            "id": 1,
            "label": "Single_cell",
            "x_max": 0.619140625,
            "x_min": 0.517578125,
            "y_max": 0.8955078125,
            "y_min": 0.77734375,
            "prob": "0.777"
        },
        {
            "attributions": {
                "group": 0
            },
            "id": 2,
            "label": "Single_cell",
            "x_max": 0.9921875,
            "x_min": 0.9052734375,
            "y_max": 0.58203125,
            "y_min": 0.4970703125,
            "prob": "0.770"
        },
        {
            "attributions": {
                "group": 0
            },
            "id": 3,
            "label": "Single_cell",
            "x_max": 0.9169921875,
            "x_min": 0.8583984375,
            "y_max": 0.771484375,
            "y_min": 0.716796875,
            "prob": "0.764"
        },
        {
            "attributions": {
                "group": 0
            },
            "id": 4,
            "label": "Single_cell",
            "x_max": 0.7216796875,
            "x_min": 0.6494140625,
            "y_max": 0.8037109375,
            "y_min": 0.7392578125,
            "prob": "0.759"
        },
        {
            "attributions": {
                "group": 0
            },
            "id": 5,
            "label": "Single_cell",
            "x_max": 0.525390625,
            "x_min": 0.384765625,
            "y_max": 0.5517578125,
            "y_min": 0.427734375,
            "prob": "0.726"
        },
        {
            "attributions": {
                "group": 0
            },
            "id": 6,
            "label": "Single_cell",
            "x_max": 0.8623046875,
            "x_min": 0.818359375,
            "y_max": 0.755859375,
            "y_min": 0.7080078125,
            "prob": "0.726"
        },
        {
            "attributions": {
                "group": 0
            },
            "id": 7,
            "label": "Single_cell",
            "x_max": 0.9521484375,
            "x_min": 0.8505859375,
            "y_max": 0.2392578125,
            "y_min": 0.1318359375,
            "prob": "0.684"
        },
        {
            "attributions": {
                "group": 0
            },
            "id": 8,
            "label": "Single_cell",
            "x_max": 0.1142578125,
            "x_min": 0.0693359375,
            "y_max": 0.9462890625,
            "y_min": 0.908203125,
            "prob": "0.654"
        },
        {
            "attributions": {
                "group": 0
            },
            "id": 9,
            "label": "Single_cell",
            "x_max": 0.75390625,
            "x_min": 0.6962890625,
            "y_max": 0.92578125,
            "y_min": 0.8701171875,
            "prob": "0.651"
        },
        {
            "attributions": {
                "group": 0
            },
            "id": 10,
            "label": "Single_cell",
            "x_max": 0.8359375,
            "x_min": 0.7412109375,
            "y_max": 0.1767578125,
            "y_min": 0.0849609375,
            "prob": "0.617"
        },
        {
            "attributions": {
                "group": 0
            },
            "id": 11,
            "label": "Single_cell",
            "x_max": 0.404296875,
            "x_min": 0.3486328125,
            "y_max": 0.146484375,
            "y_min": 0.091796875,
            "prob": "0.612"
        },
        {
            "attributions": {
                "group": 0
            },
            "id": 12,
            "label": "Single_cell",
            "x_max": 0.7255859375,
            "x_min": 0.6474609375,
            "y_max": 0.052734375,
            "y_min": 0.0,
            "prob": "0.597"
        },
        {
            "attributions": {
                "group": 0
            },
            "id": 13,
            "label": "Single_cell",
            "x_max": 0.5732421875,
            "x_min": 0.4970703125,
            "y_max": 1.0009765625,
            "y_min": 0.88671875,
            "prob": "0.571"
        },
        {
            "attributions": {
                "group": 0
            },
            "id": 14,
            "label": "Single_cell",
            "x_max": 0.7998046875,
            "x_min": 0.662109375,
            "y_max": 0.4365234375,
            "y_min": 0.3115234375,
            "prob": "0.568"
        },
        {
            "attributions": {
                "group": 0
            },
            "id": 15,
            "label": "Single_cell",
            "x_max": 0.630859375,
            "x_min": 0.564453125,
            "y_max": 0.1669921875,
            "y_min": 0.080078125,
            "prob": "0.562"
        },
        {
            "attributions": {
                "group": 0
            },
            "id": 16,
            "label": "Single_cell",
            "x_max": 1.0,
            "x_min": 0.9091796875,
            "y_max": 0.4853515625,
            "y_min": 0.3046875,
            "prob": "0.518"
        },
        {
            "attributions": {
                "group": 0
            },
            "id": 17,
            "label": "Single_cell",
            "x_max": 0.3759765625,
            "x_min": 0.318359375,
            "y_max": 0.8212890625,
            "y_min": 0.7724609375,
            "prob": "0.402"
        },
        {
            "attributions": {
                "group": 0
            },
            "id": 18,
            "label": "Single_cell",
            "x_max": 0.3408203125,
            "x_min": 0.28125,
            "y_max": 0.759765625,
            "y_min": 0.6865234375,
            "prob": "0.373"
        },
        {
            "attributions": {
                "group": 0
            },
            "id": 19,
            "label": "Single_cell",
            "x_max": 0.408203125,
            "x_min": 0.3642578125,
            "y_max": 0.177734375,
            "y_min": 0.1416015625,
            "prob": "0.360"
        }
    ]
}