{
    "image_height": 1024,
    "images_width": 1024,
    "images_path": "tile_49_55.png",
    "bboxes": [
        {
            "attributions": {
                "group": 0
            },
            "id": 0,
            "label": "Single_cell",
            "x_max": 0.703125,
            "x_min": 0.6005859375,
            "y_max": 0.9794921875,
            "y_min": 0.8740234375,
            "prob": "0.787"
        },
        {
            "attributions": {
                "group": 0
            },
            "id": 1,
            "label": "Single_cell",
            "x_max": 0.982421875,
            "x_min": 0.8515625,
            "y_max": 0.341796875,
            "y_min": 0.2236328125,
            "prob": "0.784"
        },
        {
            "attributions": {
                "group": 0
            },
            "id": 2,
            "label": "Single_cell",
            "x_max": 0.1943359375,
            "x_min": 0.041015625,
            "y_max": 0.3671875,
            "y_min": 0.291015625,
            "prob": "0.784"
        },
        {
            "attributions": {
                "group": 0
            },
            "id": 3,
            "label": "Single_cell",
            "x_max": 0.134765625,
            "x_min": 0.0712890625,
            "y_max": 0.490234375,
            "y_min": 0.4169921875,
            "prob": "0.765"
        },
        {
            "attributions": {
                "group": 0
            },
            "id": 4,
            "label": "Single_cell",
            "x_max": 0.8310546875,
            "x_min": 0.7626953125,
            "y_max": 0.8740234375,
            "y_min": 0.80859375,
            "prob": "0.745"
        },
        {
            "attributions": {
                "group": 0
            },
            "id": 5,
            "label": "Single_cell",
            "x_max": 0.228515625,
            "x_min": 0.1318359375,
            "y_max": 0.2998046875,
            "y_min": 0.08203125,
            "prob": "0.736"
        },
        {
            "attributions": {
                "group": 0
            },
            "id": 6,
            "label": "Single_cell",
            "x_max": 0.201171875,
            "x_min": 0.1318359375,
            "y_max": 0.7744140625,
            "y_min": 0.7099609375,
            "prob": "0.733"
        },
        {
            "attributions": {
                "group": 0
            },
            "id": 7,
            "label": "Single_cell",
            "x_max": 0.6025390625,
            "x_min": 0.52734375,
            "y_max": 0.693359375,
            "y_min": 0.6220703125,
            "prob": "0.712"
        },
        {
            "attributions": {
                "group": 0
            },
            "id": 8,
            "label": "Single_cell",
            "x_max": 0.4306640625,
            "x_min": 0.1884765625,
            "y_max": 0.32421875,
            "y_min": 0.23046875,
            "prob": "0.685"
        },
        {
            "attributions": {
                "group": 0
            },
            "id": 9,
            "label": "Single_cell",
            "x_max": 0.1943359375,
            "x_min": 0.044921875,
            "y_max": 0.05078125,
            "y_min": 0.0,
            "prob": "0.533"
        }
    ]
}