{
    "version": "4.5.9",
    "flags": {},
    "shapes": [
        {
            "label": "foreground",
            "points": [
                [
                    [
                        25,
                        14
                    ],
                    [
                        23,
                        16
                    ],
                    [
                        22,
                        16
                    ],
                    [
                        20,
                        18
                    ],
                    [
                        19,
                        18
                    ],
                    [
                        15,
                        22
                    ],
                    [
                        14,
                        22
                    ],
                    [
                        11,
                        25
                    ],
                    [
                        9,
                        25
                    ],
                    [
                        8,
                        24
                    ],
                    [
                        8,
                        26
                    ],
                    [
                        10,
                        28
                    ],
                    [
                        10,
                        29
                    ],
                    [
                        9,
                        30
                    ],
                    [
                        9,
                        31
                    ],
                    [
                        10,
                        32
                    ],
                    [
                        10,
                        39
                    ],
                    [
                        14,
                        43
                    ],
                    [
                        14,
                        44
                    ],
                    [
                        15,
                        45
                    ],
                    [
                        15,
                        46
                    ],
                    [
                        17,
                        48
                    ],
                    [
                        17,
                        49
                    ],
                    [
                        22,
                        54
                    ],
                    [
                        26,
                        54
                    ],
                    [
                        27,
                        55
                    ],
                    [
                        29,
                        55
                    ],
                    [
                        30,
                        56
                    ],
                    [
                        31,
                        56
                    ],
                    [
                        32,
                        57
                    ],
                    [
                        33,
                        56
                    ],
                    [
                        34,
                        56
                    ],
                    [
                        40,
                        50
                    ],
                    [
                        42,
                        50
                    ],
                    [
                        43,
                        49
                    ],
                    [
                        44,
                        49
                    ],
                    [
                        45,
                        48
                    ],
                    [
                        46,
                        49
                    ],
                    [
                        46,
                        51
                    ],
                    [
                        47,
                        52
                    ],
                    [
                        49,
                        52
                    ],
                    [
                        51,
                        50
                    ],
                    [
                        51,
                        48
                    ],
                    [
                        52,
                        47
                    ],
                    [
                        52,
                        40
                    ],
                    [
                        53,
                        39
                    ],
                    [
                        53,
                        35
                    ],
                    [
                        50,
                        32
                    ],
                    [
                        50,
                        29
                    ],
                    [
                        49,
                        28
                    ],
                    [
                        49,
                        26
                    ],
                    [
                        44,
                        21
                    ],
                    [
                        43,
                        21
                    ],
                    [
                        40,
                        18
                    ],
                    [
                        39,
                        18
                    ],
                    [
                        38,
                        17
                    ],
                    [
                        36,
                        17
                    ],
                    [
                        35,
                        16
                    ],
                    [
                        34,
                        16
                    ],
                    [
                        33,
                        15
                    ],
                    [
                        32,
                        15
                    ],
                    [
                        31,
                        14
                    ]
                ]
            ],
            "group_id": null,
            "shape_type": "polygon",
            "flags": {}
        }
    ],
    "imagePath": "0.3955_good_tile_13_50_10.png",
    "imageData": null,
    "imageHeight": 224,
    "imageWidth": 224
}