{
    "version": "4.5.9",
    "flags": {},
    "shapes": [
        {
            "label": "foreground",
            "points": [
                [
                    [
                        38,
                        19
                    ],
                    [
                        38,
                        22
                    ],
                    [
                        37,
                        23
                    ],
                    [
                        36,
                        23
                    ],
                    [
                        36,
                        26
                    ],
                    [
                        35,
                        27
                    ],
                    [
                        30,
                        27
                    ],
                    [
                        29,
                        26
                    ],
                    [
                        29,
                        25
                    ],
                    [
                        27,
                        25
                    ],
                    [
                        26,
                        24
                    ],
                    [
                        25,
                        24
                    ],
                    [
                        24,
                        23
                    ],
                    [
                        24,
                        26
                    ],
                    [
                        25,
                        27
                    ],
                    [
                        25,
                        28
                    ],
                    [
                        26,
                        29
                    ],
                    [
                        26,
                        33
                    ],
                    [
                        27,
                        34
                    ],
                    [
                        27,
                        37
                    ],
                    [
                        28,
                        37
                    ],
                    [
                        29,
                        38
                    ],
                    [
                        29,
                        56
                    ],
                    [
                        30,
                        57
                    ],
                    [
                        30,
                        61
                    ],
                    [
                        31,
                        62
                    ],
                    [
                        31,
                        64
                    ],
                    [
                        32,
                        65
                    ],
                    [
                        32,
                        70
                    ],
                    [
                        33,
                        70
                    ],
                    [
                        34,
                        71
                    ],
                    [
                        34,
                        78
                    ],
                    [
                        35,
                        79
                    ],
                    [
                        35,
                        88
                    ],
                    [
                        36,
                        89
                    ],
                    [
                        36,
                        100
                    ],
                    [
                        37,
                        100
                    ],
                    [
                        38,
                        101
                    ],
                    [
                        38,
                        107
                    ],
                    [
                        39,
                        108
                    ],
                    [
                        39,
                        119
                    ],
                    [
                        40,
                        120
                    ],
                    [
                        40,
                        125
                    ],
                    [
                        41,
                        126
                    ],
                    [
                        41,
                        127
                    ],
                    [
                        42,
                        127
                    ],
                    [
                        43,
                        128
                    ],
                    [
                        43,
                        130
                    ],
                    [
                        44,
                        131
                    ],
                    [
                        45,
                        131
                    ],
                    [
                        46,
                        132
                    ],
                    [
                        47,
                        132
                    ],
                    [
                        49,
                        134
                    ],
                    [
                        49,
                        135
                    ],
                    [
                        50,
                        136
                    ],
                    [
                        50,
                        137
                    ],
                    [
                        51,
                        138
                    ],
                    [
                        51,
                        141
                    ],
                    [
                        52,
                        141
                    ],
                    [
                        53,
                        142
                    ],
                    [
                        53,
                        145
                    ],
                    [
                        55,
                        147
                    ],
                    [
                        55,
                        149
                    ],
                    [
                        56,
                        149
                    ],
                    [
                        57,
                        150
                    ],
                    [
                        57,
                        151
                    ],
                    [
                        58,
                        152
                    ],
                    [
                        58,
                        154
                    ],
                    [
                        59,
                        155
                    ],
                    [
                        59,
                        156
                    ],
                    [
                        60,
                        157
                    ],
                    [
                        60,
                        159
                    ],
                    [
                        61,
                        159
                    ],
                    [
                        62,
                        160
                    ],
                    [
                        62,
                        161
                    ],
                    [
                        63,
                        162
                    ],
                    [
                        63,
                        164
                    ],
                    [
                        64,
                        165
                    ],
                    [
                        64,
                        166
                    ],
                    [
                        65,
                        167
                    ],
                    [
                        65,
                        169
                    ],
                    [
                        66,
                        169
                    ],
                    [
                        67,
                        170
                    ],
                    [
                        67,
                        171
                    ],
                    [
                        68,
                        172
                    ],
                    [
                        68,
                        173
                    ],
                    [
                        69,
                        174
                    ],
                    [
                        69,
                        175
                    ],
                    [
                        70,
                        176
                    ],
                    [
                        70,
                        179
                    ],
                    [
                        71,
                        179
                    ],
                    [
                        73,
                        181
                    ],
                    [
                        73,
                        183
                    ],
                    [
                        74,
                        184
                    ],
                    [
                        74,
                        185
                    ],
                    [
                        75,
                        185
                    ],
                    [
                        76,
                        186
                    ],
                    [
                        76,
                        189
                    ],
                    [
                        78,
                        191
                    ],
                    [
                        78,
                        193
                    ],
                    [
                        79,
                        194
                    ],
                    [
                        79,
                        197
                    ],
                    [
                        80,
                        197
                    ],
                    [
                        81,
                        198
                    ],
                    [
                        81,
                        199
                    ],
                    [
                        82,
                        200
                    ],
                    [
                        82,
                        203
                    ],
                    [
                        83,
                        204
                    ],
                    [
                        83,
                        206
                    ],
                    [
                        84,
                        207
                    ],
                    [
                        84,
                        208
                    ],
                    [
                        85,
                        208
                    ],
                    [
                        86,
                        209
                    ],
                    [
                        86,
                        212
                    ],
                    [
                        87,
                        213
                    ],
                    [
                        87,
                        215
                    ],
                    [
                        88,
                        216
                    ],
                    [
                        88,
                        220
                    ],
                    [
                        89,
                        220
                    ],
                    [
                        90,
                        221
                    ],
                    [
                        90,
                        222
                    ],
                    [
                        92,
                        224
                    ],
                    [
                        92,
                        225
                    ],
                    [
                        93,
                        226
                    ],
                    [
                        93,
                        227
                    ],
                    [
                        95,
                        227
                    ],
                    [
                        96,
                        228
                    ],
                    [
                        96,
                        230
                    ],
                    [
                        97,
                        230
                    ],
                    [
                        98,
                        231
                    ],
                    [
                        98,
                        232
                    ],
                    [
                        99,
                        232
                    ],
                    [
                        100,
                        233
                    ],
                    [
                        100,
                        234
                    ],
                    [
                        103,
                        237
                    ],
                    [
                        104,
                        237
                    ],
                    [
                        105,
                        238
                    ],
                    [
                        105,
                        239
                    ],
                    [
                        106,
                        240
                    ],
                    [
                        109,
                        240
                    ],
                    [
                        111,
                        242
                    ],
                    [
                        114,
                        242
                    ],
                    [
                        115,
                        243
                    ],
                    [
                        115,
                        244
                    ],
                    [
                        117,
                        246
                    ],
                    [
                        118,
                        246
                    ],
                    [
                        119,
                        247
                    ],
                    [
                        119,
                        248
                    ],
                    [
                        120,
                        248
                    ],
                    [
                        122,
                        250
                    ],
                    [
                        124,
                        250
                    ],
                    [
                        125,
                        251
                    ],
                    [
                        130,
                        251
                    ],
                    [
                        131,
                        252
                    ],
                    [
                        131,
                        253
                    ],
                    [
                        133,
                        253
                    ],
                    [
                        134,
                        254
                    ],
                    [
                        134,
                        255
                    ],
                    [
                        135,
                        255
                    ],
                    [
                        136,
                        256
                    ],
                    [
                        138,
                        256
                    ],
                    [
                        139,
                        257
                    ],
                    [
                        139,
                        258
                    ],
                    [
                        140,
                        259
                    ],
                    [
                        144,
                        259
                    ],
                    [
                        145,
                        260
                    ],
                    [
                        148,
                        260
                    ],
                    [
                        150,
                        258
                    ],
                    [
                        152,
                        258
                    ],
                    [
                        153,
                        259
                    ],
                    [
                        154,
                        259
                    ],
                    [
                        155,
                        258
                    ],
                    [
                        156,
                        258
                    ],
                    [
                        156,
                        257
                    ],
                    [
                        157,
                        256
                    ],
                    [
                        158,
                        256
                    ],
                    [
                        158,
                        255
                    ],
                    [
                        159,
                        254
                    ],
                    [
                        160,
                        254
                    ],
                    [
                        161,
                        253
                    ],
                    [
                        163,
                        253
                    ],
                    [
                        163,
                        252
                    ],
                    [
                        164,
                        251
                    ],
                    [
                        165,
                        251
                    ],
                    [
                        165,
                        250
                    ],
                    [
                        167,
                        248
                    ],
                    [
                        167,
                        247
                    ],
                    [
                        168,
                        246
                    ],
                    [
                        171,
                        246
                    ],
                    [
                        173,
                        244
                    ],
                    [
                        173,
                        243
                    ],
                    [
                        174,
                        242
                    ],
                    [
                        175,
                        242
                    ],
                    [
                        176,
                        241
                    ],
                    [
                        176,
                        240
                    ],
                    [
                        177,
                        239
                    ],
                    [
                        177,
                        237
                    ],
                    [
                        178,
                        236
                    ],
                    [
                        179,
                        236
                    ],
                    [
                        180,
                        235
                    ],
                    [
                        180,
                        233
                    ],
                    [
                        181,
                        232
                    ],
                    [
                        181,
                        231
                    ],
                    [
                        182,
                        230
                    ],
                    [
                        182,
                        228
                    ],
                    [
                        183,
                        227
                    ],
                    [
                        184,
                        227
                    ],
                    [
                        184,
                        205
                    ],
                    [
                        183,
                        205
                    ],
                    [
                        182,
                        204
                    ],
                    [
                        182,
                        198
                    ],
                    [
                        181,
                        197
                    ],
                    [
                        181,
                        190
                    ],
                    [
                        180,
                        189
                    ],
                    [
                        180,
                        184
                    ],
                    [
                        179,
                        183
                    ],
                    [
                        179,
                        180
                    ],
                    [
                        178,
                        180
                    ],
                    [
                        177,
                        179
                    ],
                    [
                        177,
                        177
                    ],
                    [
                        176,
                        176
                    ],
                    [
                        176,
                        175
                    ],
                    [
                        175,
                        174
                    ],
                    [
                        175,
                        172
                    ],
                    [
                        174,
                        172
                    ],
                    [
                        173,
                        171
                    ],
                    [
                        173,
                        170
                    ],
                    [
                        172,
                        169
                    ],
                    [
                        172,
                        167
                    ],
                    [
                        171,
                        166
                    ],
                    [
                        171,
                        165
                    ],
                    [
                        170,
                        164
                    ],
                    [
                        169,
                        164
                    ],
                    [
                        168,
                        163
                    ],
                    [
                        168,
                        160
                    ],
                    [
                        167,
                        159
                    ],
                    [
                        167,
                        158
                    ],
                    [
                        166,
                        157
                    ],
                    [
                        166,
                        156
                    ],
                    [
                        165,
                        155
                    ],
                    [
                        165,
                        153
                    ],
                    [
                        164,
                        153
                    ],
                    [
                        163,
                        152
                    ],
                    [
                        163,
                        150
                    ],
                    [
                        162,
                        149
                    ],
                    [
                        162,
                        146
                    ],
                    [
                        161,
                        145
                    ],
                    [
                        161,
                        142
                    ],
                    [
                        160,
                        141
                    ],
                    [
                        160,
                        137
                    ],
                    [
                        159,
                        137
                    ],
                    [
                        158,
                        136
                    ],
                    [
                        158,
                        133
                    ],
                    [
                        157,
                        132
                    ],
                    [
                        157,
                        129
                    ],
                    [
                        156,
                        128
                    ],
                    [
                        156,
                        120
                    ],
                    [
                        155,
                        120
                    ],
                    [
                        154,
                        119
                    ],
                    [
                        154,
                        118
                    ],
                    [
                        153,
                        117
                    ],
                    [
                        153,
                        115
                    ],
                    [
                        151,
                        113
                    ],
                    [
                        151,
                        112
                    ],
                    [
                        150,
                        112
                    ],
                    [
                        149,
                        111
                    ],
                    [
                        149,
                        110
                    ],
                    [
                        148,
                        109
                    ],
                    [
                        148,
                        108
                    ],
                    [
                        147,
                        107
                    ],
                    [
                        147,
                        106
                    ],
                    [
                        146,
                        105
                    ],
                    [
                        145,
                        105
                    ],
                    [
                        143,
                        103
                    ],
                    [
                        143,
                        101
                    ],
                    [
                        141,
                        99
                    ],
                    [
                        141,
                        98
                    ],
                    [
                        140,
                        98
                    ],
                    [
                        139,
                        97
                    ],
                    [
                        139,
                        94
                    ],
                    [
                        137,
                        92
                    ],
                    [
                        137,
                        91
                    ],
                    [
                        136,
                        91
                    ],
                    [
                        135,
                        90
                    ],
                    [
                        135,
                        89
                    ],
                    [
                        134,
                        88
                    ],
                    [
                        134,
                        86
                    ],
                    [
                        133,
                        85
                    ],
                    [
                        133,
                        82
                    ],
                    [
                        132,
                        81
                    ],
                    [
                        132,
                        80
                    ],
                    [
                        131,
                        80
                    ],
                    [
                        129,
                        78
                    ],
                    [
                        129,
                        77
                    ],
                    [
                        128,
                        76
                    ],
                    [
                        128,
                        74
                    ],
                    [
                        127,
                        73
                    ],
                    [
                        127,
                        71
                    ],
                    [
                        124,
                        71
                    ],
                    [
                        123,
                        72
                    ],
                    [
                        120,
                        72
                    ],
                    [
                        119,
                        71
                    ],
                    [
                        117,
                        71
                    ],
                    [
                        116,
                        70
                    ],
                    [
                        115,
                        70
                    ],
                    [
                        114,
                        69
                    ],
                    [
                        114,
                        68
                    ],
                    [
                        112,
                        68
                    ],
                    [
                        111,
                        67
                    ],
                    [
                        110,
                        67
                    ],
                    [
                        109,
                        66
                    ],
                    [
                        107,
                        66
                    ],
                    [
                        105,
                        64
                    ],
                    [
                        105,
                        63
                    ],
                    [
                        104,
                        62
                    ],
                    [
                        103,
                        62
                    ],
                    [
                        102,
                        61
                    ],
                    [
                        101,
                        61
                    ],
                    [
                        99,
                        59
                    ],
                    [
                        99,
                        58
                    ],
                    [
                        97,
                        58
                    ],
                    [
                        94,
                        55
                    ],
                    [
                        92,
                        55
                    ],
                    [
                        91,
                        54
                    ],
                    [
                        91,
                        53
                    ],
                    [
                        89,
                        51
                    ],
                    [
                        88,
                        51
                    ],
                    [
                        87,
                        50
                    ],
                    [
                        87,
                        49
                    ],
                    [
                        85,
                        47
                    ],
                    [
                        84,
                        47
                    ],
                    [
                        82,
                        45
                    ],
                    [
                        82,
                        44
                    ],
                    [
                        81,
                        43
                    ],
                    [
                        79,
                        43
                    ],
                    [
                        76,
                        40
                    ],
                    [
                        76,
                        39
                    ],
                    [
                        75,
                        38
                    ],
                    [
                        74,
                        38
                    ],
                    [
                        73,
                        37
                    ],
                    [
                        72,
                        37
                    ],
                    [
                        71,
                        36
                    ],
                    [
                        71,
                        35
                    ],
                    [
                        70,
                        34
                    ],
                    [
                        68,
                        34
                    ],
                    [
                        66,
                        32
                    ],
                    [
                        64,
                        32
                    ],
                    [
                        63,
                        31
                    ],
                    [
                        63,
                        30
                    ],
                    [
                        62,
                        30
                    ],
                    [
                        61,
                        29
                    ],
                    [
                        58,
                        29
                    ],
                    [
                        57,
                        28
                    ],
                    [
                        55,
                        28
                    ],
                    [
                        54,
                        27
                    ],
                    [
                        53,
                        27
                    ],
                    [
                        52,
                        26
                    ],
                    [
                        52,
                        25
                    ],
                    [
                        50,
                        25
                    ],
                    [
                        49,
                        24
                    ],
                    [
                        48,
                        24
                    ],
                    [
                        47,
                        23
                    ],
                    [
                        46,
                        23
                    ],
                    [
                        44,
                        21
                    ],
                    [
                        44,
                        20
                    ],
                    [
                        43,
                        20
                    ],
                    [
                        42,
                        19
                    ]
                ]
            ],
            "group_id": null,
            "shape_type": "polygon",
            "flags": {}
        }
    ],
    "imagePath": "0.3959_good_tile_27_49_2.png",
    "imageData": null,
    "imageHeight": 224,
    "imageWidth": 224
}