{
    "version": "4.5.9",
    "flags": {},
    "shapes": [
        {
            "label": "foreground",
            "points": [
                [
                    [
                        24,
                        17
                    ],
                    [
                        22,
                        19
                    ],
                    [
                        21,
                        19
                    ],
                    [
                        21,
                        22
                    ],
                    [
                        20,
                        23
                    ],
                    [
                        18,
                        23
                    ],
                    [
                        16,
                        25
                    ],
                    [
                        16,
                        27
                    ],
                    [
                        15,
                        28
                    ],
                    [
                        15,
                        32
                    ],
                    [
                        14,
                        33
                    ],
                    [
                        14,
                        38
                    ],
                    [
                        15,
                        39
                    ],
                    [
                        15,
                        40
                    ],
                    [
                        16,
                        41
                    ],
                    [
                        16,
                        43
                    ],
                    [
                        17,
                        44
                    ],
                    [
                        17,
                        46
                    ],
                    [
                        19,
                        46
                    ],
                    [
                        20,
                        47
                    ],
                    [
                        35,
                        47
                    ],
                    [
                        36,
                        46
                    ],
                    [
                        46,
                        46
                    ],
                    [
                        46,
                        45
                    ],
                    [
                        45,
                        44
                    ],
                    [
                        45,
                        40
                    ],
                    [
                        46,
                        39
                    ],
                    [
                        46,
                        36
                    ],
                    [
                        44,
                        34
                    ],
                    [
                        44,
                        33
                    ],
                    [
                        42,
                        31
                    ],
                    [
                        40,
                        31
                    ],
                    [
                        39,
                        30
                    ],
                    [
                        38,
                        30
                    ],
                    [
                        37,
                        29
                    ],
                    [
                        37,
                        28
                    ],
                    [
                        36,
                        27
                    ],
                    [
                        36,
                        26
                    ],
                    [
                        35,
                        25
                    ],
                    [
                        35,
                        22
                    ],
                    [
                        33,
                        20
                    ],
                    [
                        29,
                        20
                    ],
                    [
                        28,
                        19
                    ],
                    [
                        28,
                        17
                    ]
                ]
            ],
            "group_id": null,
            "shape_type": "polygon",
            "flags": {}
        }
    ],
    "imagePath": "0.7551_good_tile_22_32_4.png",
    "imageData": null,
    "imageHeight": 224,
    "imageWidth": 224
}