{
    "version": "4.5.9",
    "flags": {},
    "shapes": [
        {
            "label": "foreground",
            "points": [
                [
                    [
                        33,
                        3
                    ],
                    [
                        33,
                        4
                    ],
                    [
                        30,
                        7
                    ],
                    [
                        25,
                        7
                    ],
                    [
                        23,
                        9
                    ],
                    [
                        23,
                        12
                    ],
                    [
                        24,
                        12
                    ],
                    [
                        25,
                        11
                    ],
                    [
                        30,
                        11
                    ],
                    [
                        32,
                        13
                    ],
                    [
                        32,
                        18
                    ],
                    [
                        31,
                        19
                    ],
                    [
                        31,
                        20
                    ],
                    [
                        28,
                        23
                    ],
                    [
                        24,
                        23
                    ],
                    [
                        24,
                        26
                    ],
                    [
                        25,
                        27
                    ],
                    [
                        25,
                        28
                    ],
                    [
                        26,
                        28
                    ],
                    [
                        27,
                        29
                    ],
                    [
                        29,
                        29
                    ],
                    [
                        30,
                        28
                    ],
                    [
                        31,
                        28
                    ],
                    [
                        32,
                        29
                    ],
                    [
                        33,
                        28
                    ],
                    [
                        34,
                        28
                    ],
                    [
                        36,
                        26
                    ],
                    [
                        38,
                        26
                    ],
                    [
                        39,
                        27
                    ],
                    [
                        40,
                        27
                    ],
                    [
                        41,
                        26
                    ],
                    [
                        42,
                        27
                    ],
                    [
                        43,
                        27
                    ],
                    [
                        46,
                        30
                    ],
                    [
                        46,
                        32
                    ],
                    [
                        45,
                        33
                    ],
                    [
                        44,
                        33
                    ],
                    [
                        43,
                        32
                    ],
                    [
                        41,
                        32
                    ],
                    [
                        39,
                        34
                    ],
                    [
                        32,
                        34
                    ],
                    [
                        31,
                        35
                    ],
                    [
                        30,
                        35
                    ],
                    [
                        29,
                        36
                    ],
                    [
                        22,
                        36
                    ],
                    [
                        19,
                        39
                    ],
                    [
                        19,
                        44
                    ],
                    [
                        18,
                        45
                    ],
                    [
                        16,
                        43
                    ],
                    [
                        16,
                        42
                    ],
                    [
                        15,
                        42
                    ],
                    [
                        13,
                        44
                    ],
                    [
                        13,
                        46
                    ],
                    [
                        14,
                        47
                    ],
                    [
                        14,
                        48
                    ],
                    [
                        16,
                        50
                    ],
                    [
                        16,
                        52
                    ],
                    [
                        17,
                        53
                    ],
                    [
                        17,
                        54
                    ],
                    [
                        18,
                        54
                    ],
                    [
                        21,
                        57
                    ],
                    [
                        21,
                        58
                    ],
                    [
                        22,
                        59
                    ],
                    [
                        23,
                        59
                    ],
                    [
                        24,
                        60
                    ],
                    [
                        25,
                        60
                    ],
                    [
                        26,
                        61
                    ],
                    [
                        28,
                        61
                    ],
                    [
                        29,
                        60
                    ],
                    [
                        30,
                        61
                    ],
                    [
                        31,
                        61
                    ],
                    [
                        34,
                        64
                    ],
                    [
                        35,
                        64
                    ],
                    [
                        36,
                        65
                    ],
                    [
                        37,
                        65
                    ],
                    [
                        38,
                        66
                    ],
                    [
                        40,
                        66
                    ],
                    [
                        41,
                        65
                    ],
                    [
                        44,
                        65
                    ],
                    [
                        45,
                        64
                    ],
                    [
                        46,
                        64
                    ],
                    [
                        47,
                        63
                    ],
                    [
                        48,
                        63
                    ],
                    [
                        51,
                        60
                    ],
                    [
                        52,
                        60
                    ],
                    [
                        58,
                        54
                    ],
                    [
                        58,
                        48
                    ],
                    [
                        59,
                        47
                    ],
                    [
                        59,
                        42
                    ],
                    [
                        57,
                        40
                    ],
                    [
                        57,
                        36
                    ],
                    [
                        56,
                        35
                    ],
                    [
                        56,
                        31
                    ],
                    [
                        55,
                        30
                    ],
                    [
                        55,
                        29
                    ],
                    [
                        54,
                        28
                    ],
                    [
                        54,
                        27
                    ],
                    [
                        53,
                        26
                    ],
                    [
                        53,
                        25
                    ],
                    [
                        49,
                        21
                    ],
                    [
                        49,
                        20
                    ],
                    [
                        46,
                        17
                    ],
                    [
                        46,
                        16
                    ],
                    [
                        45,
                        15
                    ],
                    [
                        44,
                        15
                    ],
                    [
                        42,
                        13
                    ],
                    [
                        42,
                        12
                    ],
                    [
                        41,
                        11
                    ],
                    [
                        40,
                        11
                    ],
                    [
                        39,
                        10
                    ],
                    [
                        38,
                        10
                    ],
                    [
                        37,
                        9
                    ],
                    [
                        36,
                        9
                    ],
                    [
                        34,
                        7
                    ],
                    [
                        34,
                        6
                    ],
                    [
                        35,
                        5
                    ],
                    [
                        35,
                        3
                    ]
                ]
            ],
            "group_id": null,
            "shape_type": "polygon",
            "flags": {}
        }
    ],
    "imagePath": "0.8515_good_tile_13_50_13.png",
    "imageData": null,
    "imageHeight": 224,
    "imageWidth": 224
}