{
    "version": "4.5.9",
    "flags": {},
    "shapes": [
        {
            "label": "foreground",
            "points": [
                [
                    [
                        55,
                        12
                    ],
                    [
                        53,
                        14
                    ],
                    [
                        49,
                        14
                    ],
                    [
                        48,
                        15
                    ],
                    [
                        47,
                        15
                    ],
                    [
                        46,
                        16
                    ],
                    [
                        45,
                        16
                    ],
                    [
                        44,
                        17
                    ],
                    [
                        42,
                        17
                    ],
                    [
                        41,
                        18
                    ],
                    [
                        40,
                        18
                    ],
                    [
                        30,
                        28
                    ],
                    [
                        30,
                        29
                    ],
                    [
                        28,
                        31
                    ],
                    [
                        28,
                        32
                    ],
                    [
                        27,
                        33
                    ],
                    [
                        27,
                        34
                    ],
                    [
                        26,
                        35
                    ],
                    [
                        26,
                        36
                    ],
                    [
                        25,
                        37
                    ],
                    [
                        25,
                        39
                    ],
                    [
                        24,
                        40
                    ],
                    [
                        24,
                        41
                    ],
                    [
                        23,
                        42
                    ],
                    [
                        23,
                        44
                    ],
                    [
                        22,
                        45
                    ],
                    [
                        22,
                        46
                    ],
                    [
                        23,
                        47
                    ],
                    [
                        23,
                        50
                    ],
                    [
                        24,
                        51
                    ],
                    [
                        24,
                        52
                    ],
                    [
                        25,
                        53
                    ],
                    [
                        27,
                        53
                    ],
                    [
                        28,
                        54
                    ],
                    [
                        30,
                        54
                    ],
                    [
                        31,
                        55
                    ],
                    [
                        33,
                        55
                    ],
                    [
                        34,
                        54
                    ],
                    [
                        35,
                        54
                    ],
                    [
                        36,
                        55
                    ],
                    [
                        42,
                        55
                    ],
                    [
                        43,
                        54
                    ],
                    [
                        46,
                        54
                    ],
                    [
                        46,
                        51
                    ],
                    [
                        48,
                        49
                    ],
                    [
                        52,
                        49
                    ],
                    [
                        53,
                        50
                    ],
                    [
                        55,
                        50
                    ],
                    [
                        61,
                        56
                    ],
                    [
                        62,
                        56
                    ],
                    [
                        63,
                        57
                    ],
                    [
                        64,
                        57
                    ],
                    [
                        65,
                        58
                    ],
                    [
                        66,
                        58
                    ],
                    [
                        68,
                        60
                    ],
                    [
                        69,
                        60
                    ],
                    [
                        70,
                        61
                    ],
                    [
                        72,
                        61
                    ],
                    [
                        73,
                        62
                    ],
                    [
                        75,
                        62
                    ],
                    [
                        76,
                        63
                    ],
                    [
                        79,
                        63
                    ],
                    [
                        80,
                        64
                    ],
                    [
                        83,
                        64
                    ],
                    [
                        84,
                        65
                    ],
                    [
                        99,
                        65
                    ],
                    [
                        101,
                        67
                    ],
                    [
                        101,
                        68
                    ],
                    [
                        103,
                        70
                    ],
                    [
                        105,
                        70
                    ],
                    [
                        106,
                        71
                    ],
                    [
                        107,
                        71
                    ],
                    [
                        108,
                        70
                    ],
                    [
                        109,
                        70
                    ],
                    [
                        109,
                        66
                    ],
                    [
                        107,
                        64
                    ],
                    [
                        107,
                        63
                    ],
                    [
                        108,
                        62
                    ],
                    [
                        108,
                        61
                    ],
                    [
                        109,
                        60
                    ],
                    [
                        110,
                        60
                    ],
                    [
                        112,
                        58
                    ],
                    [
                        112,
                        57
                    ],
                    [
                        113,
                        56
                    ],
                    [
                        113,
                        54
                    ],
                    [
                        114,
                        53
                    ],
                    [
                        114,
                        49
                    ],
                    [
                        113,
                        48
                    ],
                    [
                        113,
                        38
                    ],
                    [
                        112,
                        37
                    ],
                    [
                        112,
                        34
                    ],
                    [
                        111,
                        33
                    ],
                    [
                        111,
                        32
                    ],
                    [
                        110,
                        31
                    ],
                    [
                        110,
                        29
                    ],
                    [
                        108,
                        27
                    ],
                    [
                        107,
                        27
                    ],
                    [
                        106,
                        26
                    ],
                    [
                        106,
                        25
                    ],
                    [
                        105,
                        24
                    ],
                    [
                        104,
                        24
                    ],
                    [
                        103,
                        23
                    ],
                    [
                        102,
                        23
                    ],
                    [
                        101,
                        22
                    ],
                    [
                        100,
                        22
                    ],
                    [
                        99,
                        21
                    ],
                    [
                        98,
                        21
                    ],
                    [
                        97,
                        20
                    ],
                    [
                        96,
                        20
                    ],
                    [
                        95,
                        19
                    ],
                    [
                        94,
                        19
                    ],
                    [
                        93,
                        18
                    ],
                    [
                        92,
                        18
                    ],
                    [
                        91,
                        17
                    ],
                    [
                        89,
                        17
                    ],
                    [
                        88,
                        16
                    ],
                    [
                        84,
                        16
                    ],
                    [
                        83,
                        15
                    ],
                    [
                        82,
                        15
                    ],
                    [
                        81,
                        14
                    ],
                    [
                        77,
                        14
                    ],
                    [
                        76,
                        13
                    ],
                    [
                        65,
                        13
                    ],
                    [
                        64,
                        12
                    ]
                ]
            ],
            "group_id": null,
            "shape_type": "polygon",
            "flags": {}
        }
    ],
    "imagePath": "0.8612_good_tile_27_49_1.png",
    "imageData": null,
    "imageHeight": 224,
    "imageWidth": 224
}