{
    "version": "4.5.9",
    "flags": {},
    "shapes": [
        {
            "label": "foreground",
            "points": [
                [
                    [
                        26,
                        17
                    ],
                    [
                        25,
                        18
                    ],
                    [
                        23,
                        18
                    ],
                    [
                        21,
                        20
                    ],
                    [
                        20,
                        20
                    ],
                    [
                        17,
                        23
                    ],
                    [
                        17,
                        24
                    ],
                    [
                        15,
                        26
                    ],
                    [
                        15,
                        28
                    ],
                    [
                        14,
                        29
                    ],
                    [
                        14,
                        39
                    ],
                    [
                        15,
                        40
                    ],
                    [
                        15,
                        42
                    ],
                    [
                        17,
                        44
                    ],
                    [
                        17,
                        45
                    ],
                    [
                        22,
                        50
                    ],
                    [
                        23,
                        50
                    ],
                    [
                        24,
                        51
                    ],
                    [
                        25,
                        51
                    ],
                    [
                        26,
                        52
                    ],
                    [
                        27,
                        52
                    ],
                    [
                        28,
                        53
                    ],
                    [
                        38,
                        53
                    ],
                    [
                        39,
                        52
                    ],
                    [
                        40,
                        52
                    ],
                    [
                        42,
                        50
                    ],
                    [
                        43,
                        50
                    ],
                    [
                        48,
                        45
                    ],
                    [
                        48,
                        44
                    ],
                    [
                        49,
                        43
                    ],
                    [
                        49,
                        42
                    ],
                    [
                        50,
                        41
                    ],
                    [
                        50,
                        39
                    ],
                    [
                        51,
                        38
                    ],
                    [
                        51,
                        35
                    ],
                    [
                        50,
                        34
                    ],
                    [
                        50,
                        32
                    ],
                    [
                        49,
                        31
                    ],
                    [
                        49,
                        30
                    ],
                    [
                        48,
                        29
                    ],
                    [
                        48,
                        28
                    ],
                    [
                        47,
                        27
                    ],
                    [
                        47,
                        26
                    ],
                    [
                        40,
                        19
                    ],
                    [
                        39,
                        19
                    ],
                    [
                        37,
                        17
                    ]
                ]
            ],
            "group_id": null,
            "shape_type": "polygon",
            "flags": {}
        }
    ],
    "imagePath": "0.8784_good_tile_11_48_7.png",
    "imageData": null,
    "imageHeight": 224,
    "imageWidth": 224
}