{
    "version": "4.5.9",
    "flags": {},
    "shapes": [
        {
            "label": "foreground",
            "points": [
                [
                    [
                        61,
                        26
                    ],
                    [
                        60,
                        27
                    ],
                    [
                        57,
                        27
                    ],
                    [
                        56,
                        28
                    ],
                    [
                        55,
                        28
                    ],
                    [
                        54,
                        29
                    ],
                    [
                        53,
                        29
                    ],
                    [
                        50,
                        32
                    ],
                    [
                        48,
                        32
                    ],
                    [
                        46,
                        34
                    ],
                    [
                        44,
                        34
                    ],
                    [
                        44,
                        35
                    ],
                    [
                        42,
                        37
                    ],
                    [
                        41,
                        37
                    ],
                    [
                        38,
                        40
                    ],
                    [
                        37,
                        40
                    ],
                    [
                        37,
                        41
                    ],
                    [
                        35,
                        43
                    ],
                    [
                        34,
                        43
                    ],
                    [
                        34,
                        44
                    ],
                    [
                        33,
                        45
                    ],
                    [
                        33,
                        46
                    ],
                    [
                        31,
                        48
                    ],
                    [
                        31,
                        50
                    ],
                    [
                        30,
                        51
                    ],
                    [
                        30,
                        52
                    ],
                    [
                        26,
                        56
                    ],
                    [
                        26,
                        57
                    ],
                    [
                        25,
                        58
                    ],
                    [
                        25,
                        61
                    ],
                    [
                        24,
                        62
                    ],
                    [
                        24,
                        64
                    ],
                    [
                        23,
                        65
                    ],
                    [
                        23,
                        67
                    ],
                    [
                        21,
                        69
                    ],
                    [
                        21,
                        70
                    ],
                    [
                        22,
                        71
                    ],
                    [
                        22,
                        80
                    ],
                    [
                        24,
                        82
                    ],
                    [
                        24,
                        85
                    ],
                    [
                        25,
                        86
                    ],
                    [
                        25,
                        88
                    ],
                    [
                        26,
                        89
                    ],
                    [
                        25,
                        90
                    ],
                    [
                        25,
                        93
                    ],
                    [
                        27,
                        95
                    ],
                    [
                        27,
                        96
                    ],
                    [
                        28,
                        97
                    ],
                    [
                        28,
                        98
                    ],
                    [
                        29,
                        99
                    ],
                    [
                        29,
                        100
                    ],
                    [
                        30,
                        101
                    ],
                    [
                        30,
                        102
                    ],
                    [
                        31,
                        103
                    ],
                    [
                        31,
                        105
                    ],
                    [
                        32,
                        106
                    ],
                    [
                        32,
                        108
                    ],
                    [
                        33,
                        109
                    ],
                    [
                        33,
                        110
                    ],
                    [
                        34,
                        111
                    ],
                    [
                        34,
                        112
                    ],
                    [
                        36,
                        114
                    ],
                    [
                        36,
                        115
                    ],
                    [
                        37,
                        116
                    ],
                    [
                        37,
                        117
                    ],
                    [
                        38,
                        118
                    ],
                    [
                        38,
                        124
                    ],
                    [
                        41,
                        127
                    ],
                    [
                        44,
                        127
                    ],
                    [
                        47,
                        124
                    ],
                    [
                        48,
                        124
                    ],
                    [
                        49,
                        123
                    ],
                    [
                        50,
                        123
                    ],
                    [
                        52,
                        121
                    ],
                    [
                        52,
                        117
                    ],
                    [
                        56,
                        113
                    ],
                    [
                        56,
                        112
                    ],
                    [
                        58,
                        110
                    ],
                    [
                        59,
                        110
                    ],
                    [
                        63,
                        106
                    ],
                    [
                        66,
                        106
                    ],
                    [
                        67,
                        105
                    ],
                    [
                        68,
                        105
                    ],
                    [
                        70,
                        103
                    ],
                    [
                        70,
                        101
                    ],
                    [
                        71,
                        100
                    ],
                    [
                        71,
                        99
                    ],
                    [
                        72,
                        98
                    ],
                    [
                        72,
                        95
                    ],
                    [
                        71,
                        94
                    ],
                    [
                        71,
                        92
                    ],
                    [
                        70,
                        91
                    ],
                    [
                        70,
                        85
                    ],
                    [
                        71,
                        84
                    ],
                    [
                        71,
                        80
                    ],
                    [
                        72,
                        79
                    ],
                    [
                        72,
                        77
                    ],
                    [
                        73,
                        76
                    ],
                    [
                        73,
                        74
                    ],
                    [
                        75,
                        72
                    ],
                    [
                        75,
                        69
                    ],
                    [
                        76,
                        68
                    ],
                    [
                        76,
                        67
                    ],
                    [
                        77,
                        66
                    ],
                    [
                        77,
                        55
                    ],
                    [
                        76,
                        54
                    ],
                    [
                        76,
                        51
                    ],
                    [
                        75,
                        50
                    ],
                    [
                        75,
                        46
                    ],
                    [
                        74,
                        45
                    ],
                    [
                        74,
                        44
                    ],
                    [
                        73,
                        43
                    ],
                    [
                        73,
                        42
                    ],
                    [
                        72,
                        41
                    ],
                    [
                        72,
                        39
                    ],
                    [
                        71,
                        38
                    ],
                    [
                        71,
                        36
                    ],
                    [
                        69,
                        34
                    ],
                    [
                        69,
                        33
                    ],
                    [
                        68,
                        32
                    ],
                    [
                        68,
                        31
                    ],
                    [
                        67,
                        30
                    ],
                    [
                        67,
                        28
                    ],
                    [
                        65,
                        26
                    ]
                ]
            ],
            "group_id": null,
            "shape_type": "polygon",
            "flags": {}
        }
    ],
    "imagePath": "0.8898_good_tile_46_24_2.png",
    "imageData": null,
    "imageHeight": 224,
    "imageWidth": 224
}