{
    "version": "4.5.9",
    "flags": {},
    "shapes": [
        {
            "label": "foreground",
            "points": [
                [
                    [
                        29,
                        16
                    ],
                    [
                        28,
                        17
                    ],
                    [
                        26,
                        17
                    ],
                    [
                        25,
                        18
                    ],
                    [
                        24,
                        18
                    ],
                    [
                        23,
                        19
                    ],
                    [
                        22,
                        19
                    ],
                    [
                        20,
                        21
                    ],
                    [
                        20,
                        22
                    ],
                    [
                        19,
                        23
                    ],
                    [
                        19,
                        24
                    ],
                    [
                        17,
                        26
                    ],
                    [
                        17,
                        28
                    ],
                    [
                        16,
                        29
                    ],
                    [
                        16,
                        30
                    ],
                    [
                        15,
                        31
                    ],
                    [
                        15,
                        35
                    ],
                    [
                        16,
                        36
                    ],
                    [
                        16,
                        38
                    ],
                    [
                        19,
                        41
                    ],
                    [
                        19,
                        42
                    ],
                    [
                        20,
                        42
                    ],
                    [
                        22,
                        44
                    ],
                    [
                        23,
                        44
                    ],
                    [
                        24,
                        45
                    ],
                    [
                        31,
                        45
                    ],
                    [
                        32,
                        44
                    ],
                    [
                        36,
                        44
                    ],
                    [
                        42,
                        38
                    ],
                    [
                        43,
                        38
                    ],
                    [
                        43,
                        37
                    ],
                    [
                        44,
                        36
                    ],
                    [
                        44,
                        35
                    ],
                    [
                        45,
                        34
                    ],
                    [
                        45,
                        29
                    ],
                    [
                        46,
                        28
                    ],
                    [
                        46,
                        26
                    ],
                    [
                        44,
                        24
                    ],
                    [
                        44,
                        23
                    ],
                    [
                        39,
                        18
                    ],
                    [
                        37,
                        18
                    ],
                    [
                        36,
                        17
                    ],
                    [
                        34,
                        17
                    ],
                    [
                        33,
                        16
                    ]
                ]
            ],
            "group_id": null,
            "shape_type": "polygon",
            "flags": {}
        }
    ],
    "imagePath": "0.8995_good_tile_27_49_5.png",
    "imageData": null,
    "imageHeight": 224,
    "imageWidth": 224
}