{
    "version": "4.5.9",
    "flags": {},
    "shapes": [
        {
            "label": "foreground",
            "points": [
                [
                    [
                        62,
                        19
                    ],
                    [
                        61,
                        20
                    ],
                    [
                        54,
                        20
                    ],
                    [
                        53,
                        21
                    ],
                    [
                        52,
                        21
                    ],
                    [
                        51,
                        22
                    ],
                    [
                        49,
                        22
                    ],
                    [
                        42,
                        29
                    ],
                    [
                        41,
                        29
                    ],
                    [
                        40,
                        30
                    ],
                    [
                        39,
                        30
                    ],
                    [
                        38,
                        31
                    ],
                    [
                        37,
                        31
                    ],
                    [
                        36,
                        32
                    ],
                    [
                        35,
                        32
                    ],
                    [
                        33,
                        34
                    ],
                    [
                        32,
                        34
                    ],
                    [
                        31,
                        35
                    ],
                    [
                        28,
                        35
                    ],
                    [
                        27,
                        36
                    ],
                    [
                        27,
                        37
                    ],
                    [
                        25,
                        39
                    ],
                    [
                        23,
                        39
                    ],
                    [
                        21,
                        41
                    ],
                    [
                        20,
                        41
                    ],
                    [
                        18,
                        43
                    ],
                    [
                        18,
                        45
                    ],
                    [
                        17,
                        46
                    ],
                    [
                        17,
                        51
                    ],
                    [
                        18,
                        52
                    ],
                    [
                        18,
                        53
                    ],
                    [
                        21,
                        56
                    ],
                    [
                        21,
                        57
                    ],
                    [
                        26,
                        62
                    ],
                    [
                        27,
                        62
                    ],
                    [
                        33,
                        68
                    ],
                    [
                        35,
                        68
                    ],
                    [
                        36,
                        69
                    ],
                    [
                        42,
                        69
                    ],
                    [
                        43,
                        68
                    ],
                    [
                        45,
                        68
                    ],
                    [
                        46,
                        67
                    ],
                    [
                        48,
                        67
                    ],
                    [
                        49,
                        66
                    ],
                    [
                        51,
                        66
                    ],
                    [
                        52,
                        65
                    ],
                    [
                        54,
                        65
                    ],
                    [
                        55,
                        64
                    ],
                    [
                        56,
                        64
                    ],
                    [
                        57,
                        63
                    ],
                    [
                        58,
                        63
                    ],
                    [
                        63,
                        58
                    ],
                    [
                        63,
                        57
                    ],
                    [
                        65,
                        55
                    ],
                    [
                        65,
                        54
                    ],
                    [
                        66,
                        53
                    ],
                    [
                        66,
                        51
                    ],
                    [
                        67,
                        50
                    ],
                    [
                        67,
                        49
                    ],
                    [
                        71,
                        45
                    ],
                    [
                        71,
                        44
                    ],
                    [
                        73,
                        42
                    ],
                    [
                        73,
                        41
                    ],
                    [
                        74,
                        40
                    ],
                    [
                        74,
                        38
                    ],
                    [
                        76,
                        36
                    ],
                    [
                        76,
                        35
                    ],
                    [
                        77,
                        34
                    ],
                    [
                        77,
                        31
                    ],
                    [
                        76,
                        30
                    ],
                    [
                        76,
                        29
                    ],
                    [
                        73,
                        26
                    ],
                    [
                        73,
                        25
                    ],
                    [
                        72,
                        24
                    ],
                    [
                        72,
                        23
                    ],
                    [
                        68,
                        19
                    ]
                ]
            ],
            "group_id": null,
            "shape_type": "polygon",
            "flags": {}
        }
    ],
    "imagePath": "0.9377_good_tile_27_49_9.png",
    "imageData": null,
    "imageHeight": 224,
    "imageWidth": 224
}