{
    "version": "4.5.9",
    "flags": {},
    "shapes": [
        {
            "label": "foreground",
            "points": [
                [
                    [
                        52,
                        29
                    ],
                    [
                        51,
                        30
                    ],
                    [
                        47,
                        30
                    ],
                    [
                        46,
                        31
                    ],
                    [
                        44,
                        31
                    ],
                    [
                        43,
                        32
                    ],
                    [
                        38,
                        32
                    ],
                    [
                        37,
                        31
                    ],
                    [
                        31,
                        31
                    ],
                    [
                        29,
                        33
                    ],
                    [
                        29,
                        36
                    ],
                    [
                        28,
                        37
                    ],
                    [
                        28,
                        39
                    ],
                    [
                        27,
                        40
                    ],
                    [
                        27,
                        45
                    ],
                    [
                        26,
                        46
                    ],
                    [
                        26,
                        50
                    ],
                    [
                        25,
                        51
                    ],
                    [
                        25,
                        53
                    ],
                    [
                        26,
                        54
                    ],
                    [
                        26,
                        55
                    ],
                    [
                        25,
                        56
                    ],
                    [
                        25,
                        58
                    ],
                    [
                        26,
                        59
                    ],
                    [
                        26,
                        62
                    ],
                    [
                        27,
                        63
                    ],
                    [
                        27,
                        65
                    ],
                    [
                        28,
                        66
                    ],
                    [
                        28,
                        67
                    ],
                    [
                        29,
                        68
                    ],
                    [
                        29,
                        70
                    ],
                    [
                        30,
                        71
                    ],
                    [
                        30,
                        73
                    ],
                    [
                        32,
                        75
                    ],
                    [
                        32,
                        76
                    ],
                    [
                        36,
                        80
                    ],
                    [
                        36,
                        81
                    ],
                    [
                        40,
                        85
                    ],
                    [
                        41,
                        85
                    ],
                    [
                        43,
                        87
                    ],
                    [
                        44,
                        87
                    ],
                    [
                        45,
                        88
                    ],
                    [
                        46,
                        88
                    ],
                    [
                        47,
                        89
                    ],
                    [
                        48,
                        89
                    ],
                    [
                        52,
                        93
                    ],
                    [
                        53,
                        93
                    ],
                    [
                        54,
                        94
                    ],
                    [
                        58,
                        94
                    ],
                    [
                        59,
                        93
                    ],
                    [
                        62,
                        93
                    ],
                    [
                        63,
                        92
                    ],
                    [
                        65,
                        92
                    ],
                    [
                        66,
                        91
                    ],
                    [
                        67,
                        91
                    ],
                    [
                        68,
                        90
                    ],
                    [
                        70,
                        90
                    ],
                    [
                        71,
                        89
                    ],
                    [
                        72,
                        89
                    ],
                    [
                        78,
                        83
                    ],
                    [
                        78,
                        82
                    ],
                    [
                        80,
                        80
                    ],
                    [
                        80,
                        79
                    ],
                    [
                        82,
                        77
                    ],
                    [
                        82,
                        76
                    ],
                    [
                        83,
                        75
                    ],
                    [
                        83,
                        74
                    ],
                    [
                        84,
                        73
                    ],
                    [
                        84,
                        70
                    ],
                    [
                        85,
                        69
                    ],
                    [
                        85,
                        66
                    ],
                    [
                        86,
                        65
                    ],
                    [
                        86,
                        59
                    ],
                    [
                        87,
                        58
                    ],
                    [
                        87,
                        48
                    ],
                    [
                        86,
                        47
                    ],
                    [
                        86,
                        46
                    ],
                    [
                        84,
                        44
                    ],
                    [
                        84,
                        43
                    ],
                    [
                        83,
                        42
                    ],
                    [
                        83,
                        41
                    ],
                    [
                        77,
                        35
                    ],
                    [
                        76,
                        35
                    ],
                    [
                        75,
                        34
                    ],
                    [
                        74,
                        34
                    ],
                    [
                        73,
                        33
                    ],
                    [
                        72,
                        33
                    ],
                    [
                        71,
                        32
                    ],
                    [
                        68,
                        32
                    ],
                    [
                        67,
                        31
                    ],
                    [
                        63,
                        31
                    ],
                    [
                        62,
                        30
                    ],
                    [
                        60,
                        30
                    ],
                    [
                        59,
                        29
                    ]
                ]
            ],
            "group_id": null,
            "shape_type": "polygon",
            "flags": {}
        }
    ],
    "imagePath": "0.9606_good_tile_13_50_3.png",
    "imageData": null,
    "imageHeight": 224,
    "imageWidth": 224
}