{
    "version": "4.5.9",
    "flags": {},
    "shapes": [
        {
            "label": "foreground",
            "points": [
                [
                    [
                        31,
                        17
                    ],
                    [
                        30,
                        18
                    ],
                    [
                        27,
                        18
                    ],
                    [
                        26,
                        19
                    ],
                    [
                        25,
                        19
                    ],
                    [
                        23,
                        21
                    ],
                    [
                        22,
                        21
                    ],
                    [
                        18,
                        25
                    ],
                    [
                        18,
                        26
                    ],
                    [
                        17,
                        27
                    ],
                    [
                        17,
                        28
                    ],
                    [
                        16,
                        29
                    ],
                    [
                        16,
                        32
                    ],
                    [
                        15,
                        33
                    ],
                    [
                        15,
                        37
                    ],
                    [
                        16,
                        38
                    ],
                    [
                        16,
                        41
                    ],
                    [
                        17,
                        42
                    ],
                    [
                        17,
                        43
                    ],
                    [
                        18,
                        44
                    ],
                    [
                        18,
                        45
                    ],
                    [
                        21,
                        48
                    ],
                    [
                        21,
                        49
                    ],
                    [
                        22,
                        49
                    ],
                    [
                        24,
                        51
                    ],
                    [
                        25,
                        51
                    ],
                    [
                        26,
                        52
                    ],
                    [
                        27,
                        52
                    ],
                    [
                        28,
                        53
                    ],
                    [
                        37,
                        53
                    ],
                    [
                        38,
                        52
                    ],
                    [
                        41,
                        52
                    ],
                    [
                        43,
                        50
                    ],
                    [
                        44,
                        50
                    ],
                    [
                        49,
                        45
                    ],
                    [
                        49,
                        44
                    ],
                    [
                        50,
                        43
                    ],
                    [
                        50,
                        42
                    ],
                    [
                        51,
                        41
                    ],
                    [
                        51,
                        37
                    ],
                    [
                        52,
                        36
                    ],
                    [
                        52,
                        34
                    ],
                    [
                        51,
                        33
                    ],
                    [
                        51,
                        29
                    ],
                    [
                        50,
                        28
                    ],
                    [
                        50,
                        27
                    ],
                    [
                        49,
                        26
                    ],
                    [
                        49,
                        25
                    ],
                    [
                        44,
                        20
                    ],
                    [
                        43,
                        20
                    ],
                    [
                        42,
                        19
                    ],
                    [
                        41,
                        19
                    ],
                    [
                        40,
                        18
                    ],
                    [
                        37,
                        18
                    ],
                    [
                        36,
                        17
                    ]
                ]
            ],
            "group_id": null,
            "shape_type": "polygon",
            "flags": {}
        }
    ],
    "imagePath": "0.9770_good_tile_11_48_4.png",
    "imageData": null,
    "imageHeight": 224,
    "imageWidth": 224
}