{
    "version": "4.5.9",
    "flags": {},
    "shapes": [
        {
            "label": "foreground",
            "points": [
                [
                    [
                        25,
                        17
                    ],
                    [
                        23,
                        19
                    ],
                    [
                        21,
                        19
                    ],
                    [
                        17,
                        23
                    ],
                    [
                        17,
                        24
                    ],
                    [
                        15,
                        26
                    ],
                    [
                        15,
                        28
                    ],
                    [
                        14,
                        29
                    ],
                    [
                        14,
                        39
                    ],
                    [
                        15,
                        40
                    ],
                    [
                        15,
                        41
                    ],
                    [
                        16,
                        42
                    ],
                    [
                        16,
                        43
                    ],
                    [
                        18,
                        45
                    ],
                    [
                        18,
                        46
                    ],
                    [
                        20,
                        48
                    ],
                    [
                        21,
                        48
                    ],
                    [
                        22,
                        49
                    ],
                    [
                        23,
                        49
                    ],
                    [
                        24,
                        50
                    ],
                    [
                        25,
                        50
                    ],
                    [
                        26,
                        51
                    ],
                    [
                        27,
                        51
                    ],
                    [
                        28,
                        52
                    ],
                    [
                        30,
                        52
                    ],
                    [
                        31,
                        53
                    ],
                    [
                        33,
                        53
                    ],
                    [
                        34,
                        54
                    ],
                    [
                        35,
                        54
                    ],
                    [
                        39,
                        50
                    ],
                    [
                        40,
                        50
                    ],
                    [
                        43,
                        47
                    ],
                    [
                        43,
                        46
                    ],
                    [
                        45,
                        44
                    ],
                    [
                        45,
                        43
                    ],
                    [
                        46,
                        42
                    ],
                    [
                        46,
                        41
                    ],
                    [
                        47,
                        40
                    ],
                    [
                        47,
                        30
                    ],
                    [
                        46,
                        29
                    ],
                    [
                        46,
                        28
                    ],
                    [
                        45,
                        27
                    ],
                    [
                        45,
                        26
                    ],
                    [
                        44,
                        25
                    ],
                    [
                        44,
                        24
                    ],
                    [
                        41,
                        21
                    ],
                    [
                        40,
                        21
                    ],
                    [
                        37,
                        18
                    ],
                    [
                        36,
                        18
                    ],
                    [
                        35,
                        17
                    ]
                ]
            ],
            "group_id": null,
            "shape_type": "polygon",
            "flags": {}
        }
    ],
    "imagePath": "0.9775_good_tile_11_48_6.png",
    "imageData": null,
    "imageHeight": 224,
    "imageWidth": 224
}