{
    "version": "4.5.9",
    "flags": {},
    "shapes": [
        {
            "label": "foreground",
            "points": [
                [
                    [
                        52,
                        5
                    ],
                    [
                        51,
                        6
                    ],
                    [
                        48,
                        6
                    ],
                    [
                        46,
                        8
                    ],
                    [
                        45,
                        7
                    ],
                    [
                        43,
                        7
                    ],
                    [
                        42,
                        8
                    ],
                    [
                        35,
                        8
                    ],
                    [
                        34,
                        9
                    ],
                    [
                        33,
                        9
                    ],
                    [
                        32,
                        10
                    ],
                    [
                        31,
                        10
                    ],
                    [
                        31,
                        11
                    ],
                    [
                        28,
                        14
                    ],
                    [
                        28,
                        18
                    ],
                    [
                        29,
                        19
                    ],
                    [
                        28,
                        20
                    ],
                    [
                        28,
                        23
                    ],
                    [
                        29,
                        24
                    ],
                    [
                        29,
                        30
                    ],
                    [
                        28,
                        31
                    ],
                    [
                        28,
                        36
                    ],
                    [
                        27,
                        37
                    ],
                    [
                        27,
                        39
                    ],
                    [
                        26,
                        40
                    ],
                    [
                        26,
                        41
                    ],
                    [
                        22,
                        45
                    ],
                    [
                        21,
                        45
                    ],
                    [
                        20,
                        46
                    ],
                    [
                        20,
                        48
                    ],
                    [
                        19,
                        49
                    ],
                    [
                        19,
                        50
                    ],
                    [
                        18,
                        51
                    ],
                    [
                        18,
                        52
                    ],
                    [
                        14,
                        56
                    ],
                    [
                        13,
                        55
                    ],
                    [
                        9,
                        55
                    ],
                    [
                        10,
                        56
                    ],
                    [
                        11,
                        56
                    ],
                    [
                        14,
                        59
                    ],
                    [
                        14,
                        71
                    ],
                    [
                        15,
                        72
                    ],
                    [
                        15,
                        73
                    ],
                    [
                        19,
                        77
                    ],
                    [
                        19,
                        78
                    ],
                    [
                        21,
                        80
                    ],
                    [
                        21,
                        81
                    ],
                    [
                        23,
                        83
                    ],
                    [
                        23,
                        84
                    ],
                    [
                        24,
                        84
                    ],
                    [
                        25,
                        85
                    ],
                    [
                        27,
                        85
                    ],
                    [
                        29,
                        87
                    ],
                    [
                        33,
                        87
                    ],
                    [
                        34,
                        88
                    ],
                    [
                        35,
                        88
                    ],
                    [
                        37,
                        90
                    ],
                    [
                        38,
                        90
                    ],
                    [
                        39,
                        91
                    ],
                    [
                        42,
                        91
                    ],
                    [
                        43,
                        90
                    ],
                    [
                        45,
                        90
                    ],
                    [
                        46,
                        89
                    ],
                    [
                        49,
                        89
                    ],
                    [
                        50,
                        88
                    ],
                    [
                        53,
                        88
                    ],
                    [
                        54,
                        87
                    ],
                    [
                        56,
                        87
                    ],
                    [
                        57,
                        88
                    ],
                    [
                        58,
                        87
                    ],
                    [
                        61,
                        87
                    ],
                    [
                        62,
                        86
                    ],
                    [
                        63,
                        86
                    ],
                    [
                        64,
                        85
                    ],
                    [
                        64,
                        84
                    ],
                    [
                        66,
                        82
                    ],
                    [
                        67,
                        82
                    ],
                    [
                        69,
                        80
                    ],
                    [
                        69,
                        79
                    ],
                    [
                        72,
                        76
                    ],
                    [
                        72,
                        74
                    ],
                    [
                        73,
                        73
                    ],
                    [
                        73,
                        70
                    ],
                    [
                        74,
                        69
                    ],
                    [
                        74,
                        62
                    ],
                    [
                        73,
                        61
                    ],
                    [
                        73,
                        59
                    ],
                    [
                        72,
                        58
                    ],
                    [
                        72,
                        57
                    ],
                    [
                        71,
                        56
                    ],
                    [
                        71,
                        55
                    ],
                    [
                        69,
                        53
                    ],
                    [
                        69,
                        52
                    ],
                    [
                        68,
                        51
                    ],
                    [
                        68,
                        50
                    ],
                    [
                        65,
                        47
                    ],
                    [
                        65,
                        44
                    ],
                    [
                        66,
                        43
                    ],
                    [
                        75,
                        43
                    ],
                    [
                        75,
                        39
                    ],
                    [
                        71,
                        35
                    ],
                    [
                        71,
                        34
                    ],
                    [
                        70,
                        33
                    ],
                    [
                        70,
                        32
                    ],
                    [
                        69,
                        31
                    ],
                    [
                        69,
                        29
                    ],
                    [
                        67,
                        27
                    ],
                    [
                        67,
                        26
                    ],
                    [
                        63,
                        22
                    ],
                    [
                        63,
                        20
                    ],
                    [
                        62,
                        19
                    ],
                    [
                        62,
                        18
                    ],
                    [
                        60,
                        16
                    ],
                    [
                        60,
                        15
                    ],
                    [
                        57,
                        12
                    ],
                    [
                        57,
                        9
                    ],
                    [
                        56,
                        9
                    ],
                    [
                        55,
                        10
                    ],
                    [
                        54,
                        9
                    ],
                    [
                        54,
                        6
                    ],
                    [
                        53,
                        5
                    ]
                ]
            ],
            "group_id": null,
            "shape_type": "polygon",
            "flags": {}
        }
    ],
    "imagePath": "0.9879_good_tile_13_50_0.png",
    "imageData": null,
    "imageHeight": 224,
    "imageWidth": 224
}