{
    "version": "4.5.9",
    "flags": {},
    "shapes": [
        {
            "label": "foreground",
            "points": [
                [
                    [
                        25,
                        16
                    ],
                    [
                        24,
                        17
                    ],
                    [
                        22,
                        17
                    ],
                    [
                        21,
                        18
                    ],
                    [
                        20,
                        18
                    ],
                    [
                        15,
                        23
                    ],
                    [
                        15,
                        25
                    ],
                    [
                        14,
                        26
                    ],
                    [
                        14,
                        30
                    ],
                    [
                        13,
                        31
                    ],
                    [
                        13,
                        34
                    ],
                    [
                        14,
                        35
                    ],
                    [
                        14,
                        38
                    ],
                    [
                        15,
                        39
                    ],
                    [
                        15,
                        40
                    ],
                    [
                        16,
                        41
                    ],
                    [
                        16,
                        42
                    ],
                    [
                        19,
                        45
                    ],
                    [
                        19,
                        46
                    ],
                    [
                        20,
                        47
                    ],
                    [
                        21,
                        47
                    ],
                    [
                        22,
                        48
                    ],
                    [
                        23,
                        48
                    ],
                    [
                        25,
                        50
                    ],
                    [
                        27,
                        50
                    ],
                    [
                        28,
                        51
                    ],
                    [
                        30,
                        51
                    ],
                    [
                        32,
                        53
                    ],
                    [
                        32,
                        54
                    ],
                    [
                        33,
                        54
                    ],
                    [
                        33,
                        53
                    ],
                    [
                        35,
                        51
                    ],
                    [
                        36,
                        51
                    ],
                    [
                        38,
                        49
                    ],
                    [
                        39,
                        49
                    ],
                    [
                        43,
                        45
                    ],
                    [
                        43,
                        44
                    ],
                    [
                        45,
                        42
                    ],
                    [
                        45,
                        40
                    ],
                    [
                        46,
                        39
                    ],
                    [
                        46,
                        37
                    ],
                    [
                        47,
                        36
                    ],
                    [
                        47,
                        29
                    ],
                    [
                        46,
                        28
                    ],
                    [
                        46,
                        26
                    ],
                    [
                        45,
                        25
                    ],
                    [
                        45,
                        24
                    ],
                    [
                        40,
                        19
                    ],
                    [
                        39,
                        19
                    ],
                    [
                        37,
                        17
                    ],
                    [
                        35,
                        17
                    ],
                    [
                        34,
                        16
                    ]
                ]
            ],
            "group_id": null,
            "shape_type": "polygon",
            "flags": {}
        }
    ],
    "imagePath": "0.9978_good_tile_13_50_4.png",
    "imageData": null,
    "imageHeight": 224,
    "imageWidth": 224
}