{
    "version": "4.5.9",
    "flags": {},
    "shapes": [
        {
            "label": "foreground",
            "points": [
                [
                    [
                        34,
                        15
                    ],
                    [
                        33,
                        16
                    ],
                    [
                        32,
                        16
                    ],
                    [
                        31,
                        17
                    ],
                    [
                        29,
                        17
                    ],
                    [
                        28,
                        18
                    ],
                    [
                        27,
                        18
                    ],
                    [
                        26,
                        19
                    ],
                    [
                        25,
                        19
                    ],
                    [
                        24,
                        20
                    ],
                    [
                        22,
                        20
                    ],
                    [
                        17,
                        25
                    ],
                    [
                        17,
                        26
                    ],
                    [
                        16,
                        27
                    ],
                    [
                        16,
                        29
                    ],
                    [
                        15,
                        30
                    ],
                    [
                        15,
                        33
                    ],
                    [
                        16,
                        34
                    ],
                    [
                        16,
                        44
                    ],
                    [
                        19,
                        47
                    ],
                    [
                        20,
                        47
                    ],
                    [
                        21,
                        48
                    ],
                    [
                        22,
                        48
                    ],
                    [
                        23,
                        49
                    ],
                    [
                        24,
                        49
                    ],
                    [
                        25,
                        50
                    ],
                    [
                        26,
                        50
                    ],
                    [
                        27,
                        51
                    ],
                    [
                        33,
                        51
                    ],
                    [
                        34,
                        50
                    ],
                    [
                        38,
                        50
                    ],
                    [
                        39,
                        49
                    ],
                    [
                        40,
                        49
                    ],
                    [
                        49,
                        40
                    ],
                    [
                        49,
                        38
                    ],
                    [
                        50,
                        37
                    ],
                    [
                        50,
                        35
                    ],
                    [
                        51,
                        34
                    ],
                    [
                        51,
                        26
                    ],
                    [
                        50,
                        25
                    ],
                    [
                        50,
                        24
                    ],
                    [
                        49,
                        23
                    ],
                    [
                        49,
                        22
                    ],
                    [
                        47,
                        20
                    ],
                    [
                        47,
                        19
                    ],
                    [
                        46,
                        19
                    ],
                    [
                        44,
                        17
                    ],
                    [
                        43,
                        17
                    ],
                    [
                        42,
                        16
                    ],
                    [
                        41,
                        16
                    ],
                    [
                        40,
                        15
                    ]
                ]
            ],
            "group_id": null,
            "shape_type": "polygon",
            "flags": {}
        }
    ],
    "imagePath": "0.9998_good_tile_13_50_8.png",
    "imageData": null,
    "imageHeight": 224,
    "imageWidth": 224
}