{
    "version": "4.5.9",
    "flags": {},
    "shapes": [
        {
            "label": "foreground",
            "points": [
                [
                    [
                        36,
                        24
                    ],
                    [
                        35,
                        25
                    ],
                    [
                        35,
                        29
                    ],
                    [
                        34,
                        30
                    ],
                    [
                        33,
                        30
                    ],
                    [
                        31,
                        32
                    ],
                    [
                        31,
                        36
                    ],
                    [
                        29,
                        38
                    ],
                    [
                        29,
                        39
                    ],
                    [
                        27,
                        41
                    ],
                    [
                        27,
                        42
                    ],
                    [
                        26,
                        43
                    ],
                    [
                        26,
                        46
                    ],
                    [
                        25,
                        47
                    ],
                    [
                        25,
                        48
                    ],
                    [
                        24,
                        49
                    ],
                    [
                        24,
                        52
                    ],
                    [
                        23,
                        53
                    ],
                    [
                        23,
                        62
                    ],
                    [
                        24,
                        63
                    ],
                    [
                        24,
                        69
                    ],
                    [
                        25,
                        70
                    ],
                    [
                        25,
                        73
                    ],
                    [
                        26,
                        74
                    ],
                    [
                        26,
                        75
                    ],
                    [
                        27,
                        76
                    ],
                    [
                        27,
                        78
                    ],
                    [
                        28,
                        79
                    ],
                    [
                        28,
                        80
                    ],
                    [
                        30,
                        82
                    ],
                    [
                        30,
                        83
                    ],
                    [
                        31,
                        84
                    ],
                    [
                        31,
                        87
                    ],
                    [
                        36,
                        92
                    ],
                    [
                        37,
                        92
                    ],
                    [
                        45,
                        100
                    ],
                    [
                        46,
                        100
                    ],
                    [
                        47,
                        101
                    ],
                    [
                        48,
                        101
                    ],
                    [
                        50,
                        103
                    ],
                    [
                        51,
                        103
                    ],
                    [
                        52,
                        104
                    ],
                    [
                        53,
                        104
                    ],
                    [
                        54,
                        105
                    ],
                    [
                        55,
                        105
                    ],
                    [
                        56,
                        106
                    ],
                    [
                        57,
                        106
                    ],
                    [
                        58,
                        107
                    ],
                    [
                        61,
                        107
                    ],
                    [
                        62,
                        106
                    ],
                    [
                        64,
                        106
                    ],
                    [
                        65,
                        107
                    ],
                    [
                        68,
                        107
                    ],
                    [
                        69,
                        108
                    ],
                    [
                        71,
                        108
                    ],
                    [
                        72,
                        107
                    ],
                    [
                        74,
                        107
                    ],
                    [
                        75,
                        106
                    ],
                    [
                        76,
                        106
                    ],
                    [
                        78,
                        104
                    ],
                    [
                        78,
                        102
                    ],
                    [
                        79,
                        101
                    ],
                    [
                        79,
                        95
                    ],
                    [
                        80,
                        94
                    ],
                    [
                        80,
                        92
                    ],
                    [
                        81,
                        91
                    ],
                    [
                        81,
                        90
                    ],
                    [
                        82,
                        89
                    ],
                    [
                        82,
                        88
                    ],
                    [
                        83,
                        87
                    ],
                    [
                        83,
                        81
                    ],
                    [
                        82,
                        80
                    ],
                    [
                        82,
                        75
                    ],
                    [
                        83,
                        74
                    ],
                    [
                        83,
                        72
                    ],
                    [
                        84,
                        71
                    ],
                    [
                        84,
                        65
                    ],
                    [
                        83,
                        64
                    ],
                    [
                        83,
                        63
                    ],
                    [
                        82,
                        62
                    ],
                    [
                        82,
                        61
                    ],
                    [
                        81,
                        60
                    ],
                    [
                        81,
                        58
                    ],
                    [
                        80,
                        57
                    ],
                    [
                        80,
                        55
                    ],
                    [
                        79,
                        54
                    ],
                    [
                        79,
                        50
                    ],
                    [
                        78,
                        49
                    ],
                    [
                        78,
                        47
                    ],
                    [
                        77,
                        46
                    ],
                    [
                        77,
                        44
                    ],
                    [
                        76,
                        43
                    ],
                    [
                        76,
                        42
                    ],
                    [
                        75,
                        41
                    ],
                    [
                        75,
                        39
                    ],
                    [
                        74,
                        39
                    ],
                    [
                        73,
                        38
                    ],
                    [
                        72,
                        38
                    ],
                    [
                        66,
                        32
                    ],
                    [
                        66,
                        31
                    ],
                    [
                        65,
                        30
                    ],
                    [
                        58,
                        30
                    ],
                    [
                        57,
                        29
                    ],
                    [
                        50,
                        29
                    ],
                    [
                        49,
                        28
                    ],
                    [
                        47,
                        28
                    ],
                    [
                        46,
                        27
                    ],
                    [
                        42,
                        27
                    ],
                    [
                        39,
                        24
                    ]
                ]
            ],
            "group_id": null,
            "shape_type": "polygon",
            "flags": {}
        }
    ],
    "imagePath": "0.9947_good_tile_13_50_1.png",
    "imageData": null,
    "imageHeight": 224,
    "imageWidth": 224
}