{
    "version": "4.5.9",
    "flags": {},
    "shapes": [
        {
            "label": "foreground",
            "points": [
                [
                    [
                        44,
                        22
                    ],
                    [
                        43,
                        23
                    ],
                    [
                        41,
                        23
                    ],
                    [
                        40,
                        24
                    ],
                    [
                        38,
                        24
                    ],
                    [
                        37,
                        25
                    ],
                    [
                        36,
                        25
                    ],
                    [
                        35,
                        26
                    ],
                    [
                        34,
                        26
                    ],
                    [
                        33,
                        27
                    ],
                    [
                        32,
                        27
                    ],
                    [
                        28,
                        31
                    ],
                    [
                        28,
                        32
                    ],
                    [
                        25,
                        35
                    ],
                    [
                        25,
                        36
                    ],
                    [
                        23,
                        38
                    ],
                    [
                        23,
                        40
                    ],
                    [
                        21,
                        42
                    ],
                    [
                        21,
                        44
                    ],
                    [
                        20,
                        45
                    ],
                    [
                        20,
                        49
                    ],
                    [
                        19,
                        50
                    ],
                    [
                        19,
                        56
                    ],
                    [
                        20,
                        57
                    ],
                    [
                        20,
                        63
                    ],
                    [
                        21,
                        64
                    ],
                    [
                        21,
                        65
                    ],
                    [
                        23,
                        67
                    ],
                    [
                        23,
                        68
                    ],
                    [
                        24,
                        69
                    ],
                    [
                        24,
                        70
                    ],
                    [
                        25,
                        71
                    ],
                    [
                        25,
                        72
                    ],
                    [
                        26,
                        73
                    ],
                    [
                        26,
                        74
                    ],
                    [
                        27,
                        75
                    ],
                    [
                        28,
                        75
                    ],
                    [
                        30,
                        77
                    ],
                    [
                        30,
                        78
                    ],
                    [
                        31,
                        79
                    ],
                    [
                        31,
                        80
                    ],
                    [
                        33,
                        82
                    ],
                    [
                        34,
                        82
                    ],
                    [
                        35,
                        83
                    ],
                    [
                        35,
                        84
                    ],
                    [
                        38,
                        81
                    ],
                    [
                        41,
                        81
                    ],
                    [
                        42,
                        82
                    ],
                    [
                        45,
                        82
                    ],
                    [
                        46,
                        81
                    ],
                    [
                        55,
                        81
                    ],
                    [
                        56,
                        80
                    ],
                    [
                        57,
                        80
                    ],
                    [
                        58,
                        79
                    ],
                    [
                        60,
                        79
                    ],
                    [
                        61,
                        78
                    ],
                    [
                        63,
                        78
                    ],
                    [
                        64,
                        77
                    ],
                    [
                        65,
                        77
                    ],
                    [
                        66,
                        76
                    ],
                    [
                        67,
                        76
                    ],
                    [
                        68,
                        75
                    ],
                    [
                        69,
                        75
                    ],
                    [
                        74,
                        70
                    ],
                    [
                        74,
                        69
                    ],
                    [
                        75,
                        68
                    ],
                    [
                        75,
                        67
                    ],
                    [
                        76,
                        66
                    ],
                    [
                        76,
                        65
                    ],
                    [
                        77,
                        64
                    ],
                    [
                        77,
                        63
                    ],
                    [
                        78,
                        62
                    ],
                    [
                        78,
                        61
                    ],
                    [
                        79,
                        60
                    ],
                    [
                        79,
                        51
                    ],
                    [
                        78,
                        50
                    ],
                    [
                        78,
                        42
                    ],
                    [
                        77,
                        41
                    ],
                    [
                        77,
                        38
                    ],
                    [
                        76,
                        37
                    ],
                    [
                        76,
                        36
                    ],
                    [
                        75,
                        35
                    ],
                    [
                        75,
                        34
                    ],
                    [
                        70,
                        29
                    ],
                    [
                        70,
                        28
                    ],
                    [
                        69,
                        28
                    ],
                    [
                        68,
                        27
                    ],
                    [
                        67,
                        27
                    ],
                    [
                        66,
                        26
                    ],
                    [
                        65,
                        26
                    ],
                    [
                        63,
                        24
                    ],
                    [
                        62,
                        24
                    ],
                    [
                        61,
                        23
                    ],
                    [
                        59,
                        23
                    ],
                    [
                        58,
                        22
                    ]
                ]
            ],
            "group_id": null,
            "shape_type": "polygon",
            "flags": {}
        }
    ],
    "imagePath": "0.9989_good_tile_27_49_3.png",
    "imageData": null,
    "imageHeight": 224,
    "imageWidth": 224
}