{
    "version": "4.5.9",
    "flags": {},
    "shapes": [
        {
            "label": "foreground",
            "points": [
                [
                    [
                        50,
                        22
                    ],
                    [
                        49,
                        23
                    ],
                    [
                        35,
                        23
                    ],
                    [
                        34,
                        24
                    ],
                    [
                        29,
                        24
                    ],
                    [
                        28,
                        25
                    ],
                    [
                        27,
                        25
                    ],
                    [
                        21,
                        31
                    ],
                    [
                        21,
                        33
                    ],
                    [
                        20,
                        34
                    ],
                    [
                        20,
                        49
                    ],
                    [
                        19,
                        50
                    ],
                    [
                        19,
                        61
                    ],
                    [
                        18,
                        62
                    ],
                    [
                        18,
                        64
                    ],
                    [
                        19,
                        65
                    ],
                    [
                        19,
                        71
                    ],
                    [
                        20,
                        72
                    ],
                    [
                        20,
                        73
                    ],
                    [
                        21,
                        74
                    ],
                    [
                        21,
                        75
                    ],
                    [
                        23,
                        77
                    ],
                    [
                        23,
                        78
                    ],
                    [
                        26,
                        81
                    ],
                    [
                        26,
                        82
                    ],
                    [
                        28,
                        84
                    ],
                    [
                        28,
                        85
                    ],
                    [
                        30,
                        87
                    ],
                    [
                        30,
                        88
                    ],
                    [
                        31,
                        88
                    ],
                    [
                        37,
                        94
                    ],
                    [
                        40,
                        94
                    ],
                    [
                        41,
                        95
                    ],
                    [
                        42,
                        95
                    ],
                    [
                        43,
                        96
                    ],
                    [
                        47,
                        96
                    ],
                    [
                        48,
                        95
                    ],
                    [
                        50,
                        95
                    ],
                    [
                        51,
                        94
                    ],
                    [
                        53,
                        94
                    ],
                    [
                        54,
                        93
                    ],
                    [
                        55,
                        93
                    ],
                    [
                        56,
                        92
                    ],
                    [
                        56,
                        90
                    ],
                    [
                        57,
                        89
                    ],
                    [
                        58,
                        89
                    ],
                    [
                        59,
                        88
                    ],
                    [
                        59,
                        87
                    ],
                    [
                        61,
                        85
                    ],
                    [
                        61,
                        84
                    ],
                    [
                        67,
                        78
                    ],
                    [
                        68,
                        78
                    ],
                    [
                        69,
                        77
                    ],
                    [
                        69,
                        76
                    ],
                    [
                        73,
                        72
                    ],
                    [
                        73,
                        71
                    ],
                    [
                        75,
                        69
                    ],
                    [
                        75,
                        68
                    ],
                    [
                        76,
                        67
                    ],
                    [
                        76,
                        66
                    ],
                    [
                        77,
                        65
                    ],
                    [
                        77,
                        64
                    ],
                    [
                        81,
                        60
                    ],
                    [
                        81,
                        59
                    ],
                    [
                        83,
                        57
                    ],
                    [
                        83,
                        56
                    ],
                    [
                        84,
                        55
                    ],
                    [
                        84,
                        48
                    ],
                    [
                        83,
                        47
                    ],
                    [
                        83,
                        46
                    ],
                    [
                        82,
                        45
                    ],
                    [
                        82,
                        44
                    ],
                    [
                        81,
                        43
                    ],
                    [
                        81,
                        42
                    ],
                    [
                        74,
                        35
                    ],
                    [
                        73,
                        35
                    ],
                    [
                        71,
                        33
                    ],
                    [
                        71,
                        32
                    ],
                    [
                        69,
                        30
                    ],
                    [
                        69,
                        29
                    ],
                    [
                        67,
                        27
                    ],
                    [
                        66,
                        27
                    ],
                    [
                        65,
                        26
                    ],
                    [
                        65,
                        25
                    ],
                    [
                        64,
                        25
                    ],
                    [
                        63,
                        24
                    ],
                    [
                        59,
                        24
                    ],
                    [
                        58,
                        23
                    ],
                    [
                        57,
                        23
                    ],
                    [
                        56,
                        22
                    ]
                ]
            ],
            "group_id": null,
            "shape_type": "polygon",
            "flags": {}
        }
    ],
    "imagePath": "0.9987_good_tile_27_49_0.png",
    "imageData": null,
    "imageHeight": 224,
    "imageWidth": 224
}