{
    "version": "4.5.9",
    "flags": {},
    "shapes": [
        {
            "label": "foreground",
            "points": [
                [
                    [
                        32,
                        16
                    ],
                    [
                        31,
                        17
                    ],
                    [
                        28,
                        17
                    ],
                    [
                        26,
                        19
                    ],
                    [
                        25,
                        19
                    ],
                    [
                        24,
                        20
                    ],
                    [
                        24,
                        21
                    ],
                    [
                        22,
                        23
                    ],
                    [
                        22,
                        24
                    ],
                    [
                        19,
                        27
                    ],
                    [
                        19,
                        28
                    ],
                    [
                        18,
                        29
                    ],
                    [
                        18,
                        31
                    ],
                    [
                        16,
                        33
                    ],
                    [
                        16,
                        35
                    ],
                    [
                        15,
                        36
                    ],
                    [
                        15,
                        37
                    ],
                    [
                        14,
                        38
                    ],
                    [
                        14,
                        50
                    ],
                    [
                        15,
                        51
                    ],
                    [
                        15,
                        54
                    ],
                    [
                        16,
                        55
                    ],
                    [
                        16,
                        58
                    ],
                    [
                        18,
                        60
                    ],
                    [
                        18,
                        61
                    ],
                    [
                        19,
                        62
                    ],
                    [
                        19,
                        63
                    ],
                    [
                        20,
                        64
                    ],
                    [
                        20,
                        65
                    ],
                    [
                        21,
                        66
                    ],
                    [
                        21,
                        69
                    ],
                    [
                        22,
                        70
                    ],
                    [
                        22,
                        72
                    ],
                    [
                        23,
                        73
                    ],
                    [
                        23,
                        75
                    ],
                    [
                        24,
                        76
                    ],
                    [
                        24,
                        78
                    ],
                    [
                        25,
                        79
                    ],
                    [
                        25,
                        90
                    ],
                    [
                        26,
                        91
                    ],
                    [
                        26,
                        92
                    ],
                    [
                        27,
                        92
                    ],
                    [
                        28,
                        93
                    ],
                    [
                        31,
                        93
                    ],
                    [
                        32,
                        94
                    ],
                    [
                        37,
                        94
                    ],
                    [
                        38,
                        93
                    ],
                    [
                        40,
                        93
                    ],
                    [
                        42,
                        95
                    ],
                    [
                        43,
                        95
                    ],
                    [
                        45,
                        97
                    ],
                    [
                        49,
                        97
                    ],
                    [
                        49,
                        91
                    ],
                    [
                        50,
                        90
                    ],
                    [
                        50,
                        87
                    ],
                    [
                        51,
                        86
                    ],
                    [
                        51,
                        76
                    ],
                    [
                        50,
                        75
                    ],
                    [
                        50,
                        65
                    ],
                    [
                        51,
                        64
                    ],
                    [
                        51,
                        54
                    ],
                    [
                        52,
                        53
                    ],
                    [
                        52,
                        50
                    ],
                    [
                        51,
                        49
                    ],
                    [
                        51,
                        41
                    ],
                    [
                        50,
                        40
                    ],
                    [
                        50,
                        36
                    ],
                    [
                        49,
                        35
                    ],
                    [
                        49,
                        33
                    ],
                    [
                        48,
                        32
                    ],
                    [
                        48,
                        28
                    ],
                    [
                        49,
                        27
                    ],
                    [
                        49,
                        19
                    ],
                    [
                        48,
                        18
                    ],
                    [
                        47,
                        18
                    ],
                    [
                        46,
                        17
                    ],
                    [
                        40,
                        17
                    ],
                    [
                        39,
                        16
                    ]
                ]
            ],
            "group_id": null,
            "shape_type": "polygon",
            "flags": {}
        }
    ],
    "imagePath": "0.9981_good_tile_11_48_1.png",
    "imageData": null,
    "imageHeight": 224,
    "imageWidth": 224
}