{
    "version": "4.5.9",
    "flags": {},
    "shapes": [
        {
            "label": "foreground",
            "points": [
                [
                    [
                        28,
                        16
                    ],
                    [
                        27,
                        17
                    ],
                    [
                        23,
                        17
                    ],
                    [
                        22,
                        18
                    ],
                    [
                        21,
                        18
                    ],
                    [
                        16,
                        23
                    ],
                    [
                        16,
                        24
                    ],
                    [
                        15,
                        25
                    ],
                    [
                        15,
                        26
                    ],
                    [
                        14,
                        27
                    ],
                    [
                        14,
                        39
                    ],
                    [
                        15,
                        40
                    ],
                    [
                        15,
                        41
                    ],
                    [
                        16,
                        42
                    ],
                    [
                        16,
                        46
                    ],
                    [
                        18,
                        48
                    ],
                    [
                        18,
                        49
                    ],
                    [
                        19,
                        50
                    ],
                    [
                        20,
                        50
                    ],
                    [
                        21,
                        51
                    ],
                    [
                        23,
                        51
                    ],
                    [
                        25,
                        49
                    ],
                    [
                        26,
                        49
                    ],
                    [
                        29,
                        46
                    ],
                    [
                        30,
                        46
                    ],
                    [
                        32,
                        44
                    ],
                    [
                        33,
                        44
                    ],
                    [
                        34,
                        43
                    ],
                    [
                        35,
                        43
                    ],
                    [
                        36,
                        42
                    ],
                    [
                        39,
                        42
                    ],
                    [
                        41,
                        40
                    ],
                    [
                        41,
                        39
                    ],
                    [
                        42,
                        38
                    ],
                    [
                        42,
                        35
                    ],
                    [
                        43,
                        34
                    ],
                    [
                        43,
                        26
                    ],
                    [
                        41,
                        24
                    ],
                    [
                        41,
                        23
                    ],
                    [
                        40,
                        23
                    ],
                    [
                        39,
                        22
                    ],
                    [
                        39,
                        21
                    ],
                    [
                        36,
                        18
                    ],
                    [
                        35,
                        18
                    ],
                    [
                        34,
                        17
                    ],
                    [
                        33,
                        17
                    ],
                    [
                        32,
                        16
                    ]
                ]
            ],
            "group_id": null,
            "shape_type": "polygon",
            "flags": {}
        }
    ],
    "imagePath": "0.9998_good_tile_13_50_9.png",
    "imageData": null,
    "imageHeight": 224,
    "imageWidth": 224
}