{
    "version": "4.5.9",
    "flags": {},
    "shapes": [
        {
            "label": "foreground",
            "points": [
                [
                    [
                        39,
                        18
                    ],
                    [
                        38,
                        19
                    ],
                    [
                        37,
                        19
                    ],
                    [
                        36,
                        20
                    ],
                    [
                        36,
                        21
                    ],
                    [
                        35,
                        22
                    ],
                    [
                        35,
                        23
                    ],
                    [
                        34,
                        24
                    ],
                    [
                        31,
                        24
                    ],
                    [
                        30,
                        25
                    ],
                    [
                        29,
                        25
                    ],
                    [
                        29,
                        26
                    ],
                    [
                        28,
                        27
                    ],
                    [
                        28,
                        31
                    ],
                    [
                        25,
                        34
                    ],
                    [
                        25,
                        35
                    ],
                    [
                        24,
                        36
                    ],
                    [
                        24,
                        37
                    ],
                    [
                        23,
                        38
                    ],
                    [
                        23,
                        39
                    ],
                    [
                        20,
                        42
                    ],
                    [
                        19,
                        41
                    ],
                    [
                        19,
                        39
                    ],
                    [
                        18,
                        40
                    ],
                    [
                        18,
                        42
                    ],
                    [
                        20,
                        44
                    ],
                    [
                        20,
                        47
                    ],
                    [
                        21,
                        48
                    ],
                    [
                        21,
                        52
                    ],
                    [
                        22,
                        53
                    ],
                    [
                        22,
                        55
                    ],
                    [
                        28,
                        61
                    ],
                    [
                        29,
                        61
                    ],
                    [
                        31,
                        63
                    ],
                    [
                        32,
                        63
                    ],
                    [
                        35,
                        66
                    ],
                    [
                        36,
                        66
                    ],
                    [
                        38,
                        68
                    ],
                    [
                        39,
                        68
                    ],
                    [
                        40,
                        69
                    ],
                    [
                        41,
                        69
                    ],
                    [
                        50,
                        78
                    ],
                    [
                        52,
                        78
                    ],
                    [
                        53,
                        79
                    ],
                    [
                        61,
                        79
                    ],
                    [
                        63,
                        77
                    ],
                    [
                        63,
                        76
                    ],
                    [
                        67,
                        72
                    ],
                    [
                        67,
                        67
                    ],
                    [
                        68,
                        66
                    ],
                    [
                        68,
                        63
                    ],
                    [
                        70,
                        61
                    ],
                    [
                        70,
                        59
                    ],
                    [
                        69,
                        58
                    ],
                    [
                        69,
                        46
                    ],
                    [
                        68,
                        45
                    ],
                    [
                        68,
                        44
                    ],
                    [
                        67,
                        43
                    ],
                    [
                        67,
                        39
                    ],
                    [
                        66,
                        38
                    ],
                    [
                        66,
                        37
                    ],
                    [
                        64,
                        35
                    ],
                    [
                        64,
                        34
                    ],
                    [
                        59,
                        29
                    ],
                    [
                        59,
                        28
                    ],
                    [
                        57,
                        26
                    ],
                    [
                        56,
                        26
                    ],
                    [
                        53,
                        23
                    ],
                    [
                        52,
                        23
                    ],
                    [
                        51,
                        22
                    ],
                    [
                        50,
                        22
                    ],
                    [
                        47,
                        19
                    ],
                    [
                        46,
                        19
                    ],
                    [
                        45,
                        18
                    ],
                    [
                        43,
                        18
                    ],
                    [
                        42,
                        19
                    ],
                    [
                        41,
                        19
                    ],
                    [
                        40,
                        18
                    ]
                ]
            ],
            "group_id": null,
            "shape_type": "polygon",
            "flags": {}
        }
    ],
    "imagePath": "0.9949_good_tile_13_50_6.png",
    "imageData": null,
    "imageHeight": 224,
    "imageWidth": 224
}