{
    "version": "4.5.9",
    "flags": {},
    "shapes": [
        {
            "label": "foreground",
            "points": [
                [
                    [
                        27,
                        19
                    ],
                    [
                        27,
                        29
                    ],
                    [
                        26,
                        30
                    ],
                    [
                        26,
                        36
                    ],
                    [
                        25,
                        37
                    ],
                    [
                        25,
                        38
                    ],
                    [
                        22,
                        41
                    ],
                    [
                        20,
                        41
                    ],
                    [
                        19,
                        42
                    ],
                    [
                        18,
                        42
                    ],
                    [
                        18,
                        43
                    ],
                    [
                        16,
                        45
                    ],
                    [
                        16,
                        47
                    ],
                    [
                        14,
                        49
                    ],
                    [
                        14,
                        59
                    ],
                    [
                        15,
                        60
                    ],
                    [
                        15,
                        61
                    ],
                    [
                        17,
                        63
                    ],
                    [
                        17,
                        64
                    ],
                    [
                        18,
                        65
                    ],
                    [
                        19,
                        65
                    ],
                    [
                        23,
                        69
                    ],
                    [
                        25,
                        69
                    ],
                    [
                        26,
                        70
                    ],
                    [
                        27,
                        70
                    ],
                    [
                        28,
                        71
                    ],
                    [
                        29,
                        71
                    ],
                    [
                        30,
                        72
                    ],
                    [
                        34,
                        72
                    ],
                    [
                        35,
                        73
                    ],
                    [
                        36,
                        73
                    ],
                    [
                        37,
                        74
                    ],
                    [
                        39,
                        74
                    ],
                    [
                        40,
                        75
                    ],
                    [
                        43,
                        75
                    ],
                    [
                        44,
                        76
                    ],
                    [
                        48,
                        76
                    ],
                    [
                        49,
                        77
                    ],
                    [
                        52,
                        77
                    ],
                    [
                        53,
                        78
                    ],
                    [
                        54,
                        78
                    ],
                    [
                        55,
                        79
                    ],
                    [
                        56,
                        79
                    ],
                    [
                        57,
                        80
                    ],
                    [
                        61,
                        80
                    ],
                    [
                        63,
                        78
                    ],
                    [
                        64,
                        78
                    ],
                    [
                        64,
                        77
                    ],
                    [
                        65,
                        76
                    ],
                    [
                        65,
                        75
                    ],
                    [
                        66,
                        74
                    ],
                    [
                        66,
                        72
                    ],
                    [
                        67,
                        71
                    ],
                    [
                        67,
                        67
                    ],
                    [
                        68,
                        66
                    ],
                    [
                        68,
                        59
                    ],
                    [
                        67,
                        58
                    ],
                    [
                        67,
                        55
                    ],
                    [
                        68,
                        54
                    ],
                    [
                        68,
                        50
                    ],
                    [
                        69,
                        49
                    ],
                    [
                        69,
                        40
                    ],
                    [
                        70,
                        39
                    ],
                    [
                        70,
                        35
                    ],
                    [
                        69,
                        34
                    ],
                    [
                        69,
                        31
                    ],
                    [
                        68,
                        30
                    ],
                    [
                        68,
                        27
                    ],
                    [
                        67,
                        26
                    ],
                    [
                        66,
                        26
                    ],
                    [
                        63,
                        23
                    ],
                    [
                        62,
                        23
                    ],
                    [
                        61,
                        22
                    ],
                    [
                        50,
                        22
                    ],
                    [
                        49,
                        21
                    ],
                    [
                        47,
                        21
                    ],
                    [
                        46,
                        22
                    ],
                    [
                        43,
                        22
                    ],
                    [
                        42,
                        23
                    ],
                    [
                        37,
                        23
                    ],
                    [
                        36,
                        22
                    ],
                    [
                        35,
                        22
                    ],
                    [
                        34,
                        21
                    ],
                    [
                        32,
                        21
                    ],
                    [
                        31,
                        20
                    ],
                    [
                        30,
                        20
                    ],
                    [
                        29,
                        19
                    ]
                ]
            ],
            "group_id": null,
            "shape_type": "polygon",
            "flags": {}
        }
    ],
    "imagePath": "0.9906_good_tile_22_32_1.png",
    "imageData": null,
    "imageHeight": 224,
    "imageWidth": 224
}