{
    "version": "4.5.9",
    "flags": {},
    "shapes": [
        {
            "label": "foreground",
            "points": [
                [
                    [
                        29,
                        15
                    ],
                    [
                        26,
                        18
                    ],
                    [
                        24,
                        18
                    ],
                    [
                        23,
                        19
                    ],
                    [
                        22,
                        19
                    ],
                    [
                        20,
                        21
                    ],
                    [
                        19,
                        21
                    ],
                    [
                        17,
                        23
                    ],
                    [
                        17,
                        24
                    ],
                    [
                        16,
                        25
                    ],
                    [
                        16,
                        26
                    ],
                    [
                        15,
                        27
                    ],
                    [
                        15,
                        29
                    ],
                    [
                        14,
                        30
                    ],
                    [
                        14,
                        37
                    ],
                    [
                        17,
                        40
                    ],
                    [
                        17,
                        41
                    ],
                    [
                        18,
                        42
                    ],
                    [
                        18,
                        43
                    ],
                    [
                        22,
                        47
                    ],
                    [
                        23,
                        47
                    ],
                    [
                        26,
                        50
                    ],
                    [
                        28,
                        50
                    ],
                    [
                        29,
                        51
                    ],
                    [
                        30,
                        51
                    ],
                    [
                        31,
                        52
                    ],
                    [
                        35,
                        52
                    ],
                    [
                        36,
                        53
                    ],
                    [
                        37,
                        53
                    ],
                    [
                        38,
                        54
                    ],
                    [
                        38,
                        55
                    ],
                    [
                        40,
                        57
                    ],
                    [
                        40,
                        56
                    ],
                    [
                        41,
                        55
                    ],
                    [
                        41,
                        54
                    ],
                    [
                        43,
                        52
                    ],
                    [
                        44,
                        52
                    ],
                    [
                        45,
                        53
                    ],
                    [
                        46,
                        53
                    ],
                    [
                        49,
                        56
                    ],
                    [
                        49,
                        58
                    ],
                    [
                        50,
                        59
                    ],
                    [
                        54,
                        55
                    ],
                    [
                        56,
                        55
                    ],
                    [
                        57,
                        54
                    ],
                    [
                        59,
                        54
                    ],
                    [
                        61,
                        56
                    ],
                    [
                        61,
                        57
                    ],
                    [
                        62,
                        57
                    ],
                    [
                        63,
                        58
                    ],
                    [
                        65,
                        58
                    ],
                    [
                        65,
                        57
                    ],
                    [
                        64,
                        56
                    ],
                    [
                        64,
                        55
                    ],
                    [
                        63,
                        54
                    ],
                    [
                        63,
                        53
                    ],
                    [
                        61,
                        51
                    ],
                    [
                        60,
                        51
                    ],
                    [
                        58,
                        49
                    ],
                    [
                        54,
                        49
                    ],
                    [
                        52,
                        47
                    ],
                    [
                        52,
                        45
                    ],
                    [
                        51,
                        44
                    ],
                    [
                        51,
                        42
                    ],
                    [
                        52,
                        41
                    ],
                    [
                        52,
                        40
                    ],
                    [
                        51,
                        40
                    ],
                    [
                        49,
                        38
                    ],
                    [
                        49,
                        33
                    ],
                    [
                        50,
                        32
                    ],
                    [
                        50,
                        25
                    ],
                    [
                        49,
                        24
                    ],
                    [
                        48,
                        24
                    ],
                    [
                        46,
                        22
                    ],
                    [
                        45,
                        22
                    ],
                    [
                        43,
                        20
                    ],
                    [
                        42,
                        20
                    ],
                    [
                        41,
                        19
                    ],
                    [
                        40,
                        19
                    ],
                    [
                        39,
                        18
                    ],
                    [
                        38,
                        18
                    ],
                    [
                        36,
                        16
                    ],
                    [
                        32,
                        16
                    ],
                    [
                        31,
                        15
                    ]
                ]
            ],
            "group_id": null,
            "shape_type": "polygon",
            "flags": {}
        }
    ],
    "imagePath": "0.9920_good_tile_22_32_3.png",
    "imageData": null,
    "imageHeight": 224,
    "imageWidth": 224
}