{
    "version": "4.5.9",
    "flags": {},
    "shapes": [
        {
            "label": "foreground",
            "points": [
                [
                    [
                        46,
                        23
                    ],
                    [
                        45,
                        24
                    ],
                    [
                        39,
                        24
                    ],
                    [
                        38,
                        25
                    ],
                    [
                        37,
                        25
                    ],
                    [
                        36,
                        26
                    ],
                    [
                        34,
                        26
                    ],
                    [
                        30,
                        30
                    ],
                    [
                        29,
                        30
                    ],
                    [
                        23,
                        36
                    ],
                    [
                        23,
                        37
                    ],
                    [
                        22,
                        38
                    ],
                    [
                        22,
                        39
                    ],
                    [
                        21,
                        40
                    ],
                    [
                        21,
                        43
                    ],
                    [
                        22,
                        44
                    ],
                    [
                        22,
                        46
                    ],
                    [
                        23,
                        47
                    ],
                    [
                        23,
                        50
                    ],
                    [
                        24,
                        51
                    ],
                    [
                        24,
                        54
                    ],
                    [
                        25,
                        55
                    ],
                    [
                        25,
                        58
                    ],
                    [
                        26,
                        59
                    ],
                    [
                        26,
                        61
                    ],
                    [
                        27,
                        62
                    ],
                    [
                        27,
                        64
                    ],
                    [
                        28,
                        65
                    ],
                    [
                        28,
                        67
                    ],
                    [
                        29,
                        68
                    ],
                    [
                        29,
                        69
                    ],
                    [
                        30,
                        70
                    ],
                    [
                        30,
                        72
                    ],
                    [
                        31,
                        73
                    ],
                    [
                        31,
                        74
                    ],
                    [
                        32,
                        75
                    ],
                    [
                        32,
                        76
                    ],
                    [
                        41,
                        85
                    ],
                    [
                        42,
                        85
                    ],
                    [
                        43,
                        86
                    ],
                    [
                        44,
                        86
                    ],
                    [
                        45,
                        87
                    ],
                    [
                        48,
                        87
                    ],
                    [
                        49,
                        88
                    ],
                    [
                        50,
                        88
                    ],
                    [
                        51,
                        89
                    ],
                    [
                        54,
                        89
                    ],
                    [
                        55,
                        90
                    ],
                    [
                        62,
                        90
                    ],
                    [
                        63,
                        89
                    ],
                    [
                        66,
                        89
                    ],
                    [
                        67,
                        88
                    ],
                    [
                        70,
                        88
                    ],
                    [
                        71,
                        87
                    ],
                    [
                        72,
                        87
                    ],
                    [
                        73,
                        86
                    ],
                    [
                        75,
                        86
                    ],
                    [
                        78,
                        83
                    ],
                    [
                        78,
                        82
                    ],
                    [
                        80,
                        80
                    ],
                    [
                        80,
                        79
                    ],
                    [
                        81,
                        78
                    ],
                    [
                        81,
                        76
                    ],
                    [
                        82,
                        75
                    ],
                    [
                        82,
                        69
                    ],
                    [
                        83,
                        68
                    ],
                    [
                        83,
                        62
                    ],
                    [
                        82,
                        61
                    ],
                    [
                        82,
                        60
                    ],
                    [
                        81,
                        59
                    ],
                    [
                        81,
                        55
                    ],
                    [
                        80,
                        54
                    ],
                    [
                        80,
                        52
                    ],
                    [
                        79,
                        51
                    ],
                    [
                        79,
                        48
                    ],
                    [
                        77,
                        46
                    ],
                    [
                        77,
                        45
                    ],
                    [
                        76,
                        44
                    ],
                    [
                        76,
                        43
                    ],
                    [
                        74,
                        41
                    ],
                    [
                        74,
                        40
                    ],
                    [
                        73,
                        39
                    ],
                    [
                        73,
                        37
                    ],
                    [
                        68,
                        32
                    ],
                    [
                        67,
                        32
                    ],
                    [
                        64,
                        29
                    ],
                    [
                        63,
                        29
                    ],
                    [
                        61,
                        27
                    ],
                    [
                        60,
                        27
                    ],
                    [
                        59,
                        26
                    ],
                    [
                        58,
                        26
                    ],
                    [
                        57,
                        25
                    ],
                    [
                        54,
                        25
                    ],
                    [
                        53,
                        24
                    ],
                    [
                        48,
                        24
                    ],
                    [
                        47,
                        23
                    ]
                ]
            ],
            "group_id": null,
            "shape_type": "polygon",
            "flags": {}
        }
    ],
    "imagePath": "0.9980_good_tile_11_48_0.png",
    "imageData": null,
    "imageHeight": 224,
    "imageWidth": 224
}