{
    "version": "4.5.9",
    "flags": {},
    "shapes": [
        {
            "label": "foreground",
            "points": [
                [
                    [
                        15,
                        16
                    ],
                    [
                        15,
                        17
                    ],
                    [
                        14,
                        18
                    ],
                    [
                        15,
                        19
                    ],
                    [
                        15,
                        20
                    ],
                    [
                        16,
                        21
                    ],
                    [
                        16,
                        26
                    ],
                    [
                        15,
                        27
                    ],
                    [
                        15,
                        29
                    ],
                    [
                        18,
                        32
                    ],
                    [
                        18,
                        37
                    ],
                    [
                        21,
                        40
                    ],
                    [
                        21,
                        41
                    ],
                    [
                        30,
                        50
                    ],
                    [
                        31,
                        50
                    ],
                    [
                        34,
                        53
                    ],
                    [
                        35,
                        53
                    ],
                    [
                        38,
                        56
                    ],
                    [
                        40,
                        56
                    ],
                    [
                        41,
                        57
                    ],
                    [
                        42,
                        57
                    ],
                    [
                        45,
                        60
                    ],
                    [
                        46,
                        60
                    ],
                    [
                        51,
                        65
                    ],
                    [
                        52,
                        65
                    ],
                    [
                        53,
                        66
                    ],
                    [
                        54,
                        66
                    ],
                    [
                        56,
                        68
                    ],
                    [
                        56,
                        69
                    ],
                    [
                        57,
                        69
                    ],
                    [
                        66,
                        78
                    ],
                    [
                        67,
                        78
                    ],
                    [
                        68,
                        79
                    ],
                    [
                        68,
                        80
                    ],
                    [
                        69,
                        81
                    ],
                    [
                        69,
                        87
                    ],
                    [
                        71,
                        89
                    ],
                    [
                        71,
                        100
                    ],
                    [
                        72,
                        101
                    ],
                    [
                        72,
                        104
                    ],
                    [
                        73,
                        105
                    ],
                    [
                        73,
                        107
                    ],
                    [
                        74,
                        108
                    ],
                    [
                        74,
                        110
                    ],
                    [
                        75,
                        111
                    ],
                    [
                        75,
                        112
                    ],
                    [
                        77,
                        114
                    ],
                    [
                        77,
                        116
                    ],
                    [
                        78,
                        117
                    ],
                    [
                        78,
                        120
                    ],
                    [
                        80,
                        122
                    ],
                    [
                        80,
                        123
                    ],
                    [
                        81,
                        124
                    ],
                    [
                        81,
                        125
                    ],
                    [
                        82,
                        126
                    ],
                    [
                        82,
                        127
                    ],
                    [
                        83,
                        128
                    ],
                    [
                        83,
                        130
                    ],
                    [
                        84,
                        131
                    ],
                    [
                        84,
                        136
                    ],
                    [
                        85,
                        137
                    ],
                    [
                        85,
                        142
                    ],
                    [
                        86,
                        143
                    ],
                    [
                        86,
                        145
                    ],
                    [
                        87,
                        146
                    ],
                    [
                        87,
                        147
                    ],
                    [
                        88,
                        148
                    ],
                    [
                        88,
                        150
                    ],
                    [
                        89,
                        151
                    ],
                    [
                        89,
                        152
                    ],
                    [
                        90,
                        153
                    ],
                    [
                        90,
                        154
                    ],
                    [
                        91,
                        155
                    ],
                    [
                        91,
                        156
                    ],
                    [
                        95,
                        160
                    ],
                    [
                        96,
                        160
                    ],
                    [
                        97,
                        161
                    ],
                    [
                        104,
                        161
                    ],
                    [
                        105,
                        160
                    ],
                    [
                        106,
                        160
                    ],
                    [
                        107,
                        159
                    ],
                    [
                        108,
                        159
                    ],
                    [
                        109,
                        158
                    ],
                    [
                        110,
                        158
                    ],
                    [
                        113,
                        155
                    ],
                    [
                        114,
                        155
                    ],
                    [
                        115,
                        154
                    ],
                    [
                        116,
                        154
                    ],
                    [
                        119,
                        151
                    ],
                    [
                        119,
                        150
                    ],
                    [
                        120,
                        149
                    ],
                    [
                        120,
                        148
                    ],
                    [
                        119,
                        147
                    ],
                    [
                        119,
                        145
                    ],
                    [
                        118,
                        144
                    ],
                    [
                        118,
                        139
                    ],
                    [
                        117,
                        138
                    ],
                    [
                        117,
                        135
                    ],
                    [
                        116,
                        134
                    ],
                    [
                        116,
                        132
                    ],
                    [
                        115,
                        131
                    ],
                    [
                        115,
                        130
                    ],
                    [
                        112,
                        127
                    ],
                    [
                        112,
                        126
                    ],
                    [
                        111,
                        125
                    ],
                    [
                        111,
                        123
                    ],
                    [
                        110,
                        122
                    ],
                    [
                        110,
                        121
                    ],
                    [
                        109,
                        120
                    ],
                    [
                        109,
                        119
                    ],
                    [
                        107,
                        117
                    ],
                    [
                        107,
                        116
                    ],
                    [
                        105,
                        114
                    ],
                    [
                        105,
                        113
                    ],
                    [
                        99,
                        107
                    ],
                    [
                        99,
                        105
                    ],
                    [
                        98,
                        104
                    ],
                    [
                        98,
                        101
                    ],
                    [
                        97,
                        100
                    ],
                    [
                        97,
                        98
                    ],
                    [
                        96,
                        97
                    ],
                    [
                        96,
                        96
                    ],
                    [
                        94,
                        94
                    ],
                    [
                        94,
                        93
                    ],
                    [
                        93,
                        92
                    ],
                    [
                        93,
                        91
                    ],
                    [
                        88,
                        86
                    ],
                    [
                        88,
                        85
                    ],
                    [
                        87,
                        84
                    ],
                    [
                        86,
                        84
                    ],
                    [
                        84,
                        82
                    ],
                    [
                        84,
                        80
                    ],
                    [
                        83,
                        79
                    ],
                    [
                        83,
                        78
                    ],
                    [
                        81,
                        76
                    ],
                    [
                        80,
                        76
                    ],
                    [
                        78,
                        74
                    ],
                    [
                        78,
                        73
                    ],
                    [
                        74,
                        69
                    ],
                    [
                        74,
                        68
                    ],
                    [
                        73,
                        67
                    ],
                    [
                        73,
                        66
                    ],
                    [
                        72,
                        65
                    ],
                    [
                        71,
                        65
                    ],
                    [
                        70,
                        64
                    ],
                    [
                        69,
                        64
                    ],
                    [
                        68,
                        63
                    ],
                    [
                        67,
                        63
                    ],
                    [
                        57,
                        53
                    ],
                    [
                        56,
                        53
                    ],
                    [
                        52,
                        49
                    ],
                    [
                        51,
                        49
                    ],
                    [
                        50,
                        48
                    ],
                    [
                        49,
                        48
                    ],
                    [
                        46,
                        45
                    ],
                    [
                        45,
                        45
                    ],
                    [
                        44,
                        44
                    ],
                    [
                        43,
                        44
                    ],
                    [
                        42,
                        43
                    ],
                    [
                        42,
                        42
                    ],
                    [
                        41,
                        41
                    ],
                    [
                        40,
                        41
                    ],
                    [
                        35,
                        36
                    ],
                    [
                        34,
                        36
                    ],
                    [
                        31,
                        33
                    ],
                    [
                        31,
                        32
                    ],
                    [
                        30,
                        31
                    ],
                    [
                        30,
                        28
                    ],
                    [
                        29,
                        27
                    ],
                    [
                        29,
                        26
                    ],
                    [
                        28,
                        25
                    ],
                    [
                        24,
                        25
                    ],
                    [
                        22,
                        23
                    ],
                    [
                        22,
                        20
                    ],
                    [
                        21,
                        19
                    ],
                    [
                        21,
                        18
                    ],
                    [
                        20,
                        17
                    ],
                    [
                        19,
                        17
                    ],
                    [
                        18,
                        16
                    ]
                ]
            ],
            "group_id": null,
            "shape_type": "polygon",
            "flags": {}
        }
    ],
    "imagePath": "0.9942_good_tile_22_32_0.png",
    "imageData": null,
    "imageHeight": 224,
    "imageWidth": 224
}