{
    "version": "4.5.9",
    "flags": {},
    "shapes": [
        {
            "label": "foreground",
            "points": [
                [
                    [
                        25,
                        15
                    ],
                    [
                        24,
                        16
                    ],
                    [
                        21,
                        16
                    ],
                    [
                        16,
                        21
                    ],
                    [
                        16,
                        22
                    ],
                    [
                        15,
                        23
                    ],
                    [
                        15,
                        31
                    ],
                    [
                        16,
                        32
                    ],
                    [
                        16,
                        33
                    ],
                    [
                        20,
                        37
                    ],
                    [
                        22,
                        37
                    ],
                    [
                        23,
                        38
                    ],
                    [
                        30,
                        38
                    ],
                    [
                        32,
                        36
                    ],
                    [
                        33,
                        36
                    ],
                    [
                        34,
                        35
                    ],
                    [
                        36,
                        35
                    ],
                    [
                        37,
                        34
                    ],
                    [
                        37,
                        32
                    ],
                    [
                        38,
                        31
                    ],
                    [
                        38,
                        27
                    ],
                    [
                        37,
                        26
                    ],
                    [
                        37,
                        25
                    ],
                    [
                        36,
                        24
                    ],
                    [
                        36,
                        23
                    ],
                    [
                        35,
                        22
                    ],
                    [
                        35,
                        21
                    ],
                    [
                        32,
                        18
                    ],
                    [
                        32,
                        17
                    ],
                    [
                        31,
                        17
                    ],
                    [
                        30,
                        16
                    ],
                    [
                        28,
                        16
                    ],
                    [
                        27,
                        15
                    ]
                ]
            ],
            "group_id": null,
            "shape_type": "polygon",
            "flags": {}
        }
    ],
    "imagePath": "0.9965_good_tile_27_49_7.png",
    "imageData": null,
    "imageHeight": 224,
    "imageWidth": 224
}