{
    "version": "4.5.9",
    "flags": {},
    "shapes": [
        {
            "label": "foreground",
            "points": [
                [
                    [
                        50,
                        22
                    ],
                    [
                        49,
                        23
                    ],
                    [
                        46,
                        23
                    ],
                    [
                        45,
                        24
                    ],
                    [
                        42,
                        24
                    ],
                    [
                        41,
                        25
                    ],
                    [
                        40,
                        25
                    ],
                    [
                        39,
                        26
                    ],
                    [
                        38,
                        26
                    ],
                    [
                        37,
                        27
                    ],
                    [
                        36,
                        27
                    ],
                    [
                        32,
                        31
                    ],
                    [
                        31,
                        31
                    ],
                    [
                        22,
                        40
                    ],
                    [
                        22,
                        41
                    ],
                    [
                        21,
                        42
                    ],
                    [
                        21,
                        45
                    ],
                    [
                        20,
                        46
                    ],
                    [
                        20,
                        47
                    ],
                    [
                        21,
                        48
                    ],
                    [
                        21,
                        49
                    ],
                    [
                        23,
                        51
                    ],
                    [
                        23,
                        52
                    ],
                    [
                        24,
                        53
                    ],
                    [
                        24,
                        54
                    ],
                    [
                        25,
                        55
                    ],
                    [
                        25,
                        56
                    ],
                    [
                        27,
                        58
                    ],
                    [
                        28,
                        58
                    ],
                    [
                        27,
                        57
                    ],
                    [
                        27,
                        55
                    ],
                    [
                        28,
                        54
                    ],
                    [
                        29,
                        55
                    ],
                    [
                        29,
                        56
                    ],
                    [
                        30,
                        57
                    ],
                    [
                        30,
                        58
                    ],
                    [
                        33,
                        61
                    ],
                    [
                        33,
                        64
                    ],
                    [
                        34,
                        65
                    ],
                    [
                        35,
                        65
                    ],
                    [
                        39,
                        69
                    ],
                    [
                        40,
                        69
                    ],
                    [
                        43,
                        72
                    ],
                    [
                        44,
                        72
                    ],
                    [
                        45,
                        73
                    ],
                    [
                        46,
                        73
                    ],
                    [
                        47,
                        74
                    ],
                    [
                        53,
                        74
                    ],
                    [
                        54,
                        73
                    ],
                    [
                        55,
                        73
                    ],
                    [
                        56,
                        72
                    ],
                    [
                        58,
                        72
                    ],
                    [
                        59,
                        71
                    ],
                    [
                        61,
                        71
                    ],
                    [
                        63,
                        69
                    ],
                    [
                        64,
                        69
                    ],
                    [
                        75,
                        58
                    ],
                    [
                        75,
                        57
                    ],
                    [
                        76,
                        56
                    ],
                    [
                        76,
                        53
                    ],
                    [
                        77,
                        52
                    ],
                    [
                        77,
                        51
                    ],
                    [
                        79,
                        49
                    ],
                    [
                        79,
                        45
                    ],
                    [
                        78,
                        44
                    ],
                    [
                        78,
                        38
                    ],
                    [
                        77,
                        37
                    ],
                    [
                        77,
                        36
                    ],
                    [
                        76,
                        35
                    ],
                    [
                        76,
                        34
                    ],
                    [
                        75,
                        33
                    ],
                    [
                        75,
                        32
                    ],
                    [
                        73,
                        30
                    ],
                    [
                        73,
                        29
                    ],
                    [
                        69,
                        25
                    ],
                    [
                        68,
                        25
                    ],
                    [
                        67,
                        24
                    ],
                    [
                        63,
                        24
                    ],
                    [
                        62,
                        23
                    ],
                    [
                        60,
                        23
                    ],
                    [
                        59,
                        22
                    ]
                ]
            ],
            "group_id": null,
            "shape_type": "polygon",
            "flags": {}
        }
    ],
    "imagePath": "0.9999_good_tile_11_48_2.png",
    "imageData": null,
    "imageHeight": 224,
    "imageWidth": 224
}