{
    "image_height": 1024,
    "images_width": 1024,
    "images_path": "tile_12_30.png",
    "bboxes": [
        {
            "attributions": {
                "group": 0
            },
            "id": 0,
            "label": "Single_cell",
            "x_max": 0.9990234375,
            "x_min": 0.9052734375,
            "y_max": 0.2607421875,
            "y_min": 0.13671875,
            "prob": "0.823"
        },
        {
            "attributions": {
                "group": 0
            },
            "id": 1,
            "label": "Single_cell",
            "x_max": 1.0,
            "x_min": 0.861328125,
            "y_max": 0.6025390625,
            "y_min": 0.4990234375,
            "prob": "0.817"
        },
        {
            "attributions": {
                "group": 0
            },
            "id": 2,
            "label": "Single_cell",
            "x_max": 0.248046875,
            "x_min": 0.14453125,
            "y_max": 0.2197265625,
            "y_min": 0.1328125,
            "prob": "0.802"
        },
        {
            "attributions": {
                "group": 0
            },
            "id": 3,
            "label": "Single_cell",
            "x_max": 0.7041015625,
            "x_min": 0.5947265625,
            "y_max": 0.58984375,
            "y_min": 0.4912109375,
            "prob": "0.795"
        },
        {
            "attributions": {
                "group": 0
            },
            "id": 4,
            "label": "Single_cell",
            "x_max": 0.8544921875,
            "x_min": 0.7431640625,
            "y_max": 0.435546875,
            "y_min": 0.326171875,
            "prob": "0.791"
        },
        {
            "attributions": {
                "group": 0
            },
            "id": 5,
            "label": "Single_cell",
            "x_max": 0.16796875,
            "x_min": 0.0693359375,
            "y_max": 0.501953125,
            "y_min": 0.4248046875,
            "prob": "0.790"
        },
        {
            "attributions": {
                "group": 0
            },
            "id": 6,
            "label": "Single_cell",
            "x_max": 0.52734375,
            "x_min": 0.4130859375,
            "y_max": 0.6552734375,
            "y_min": 0.537109375,
            "prob": "0.785"
        },
        {
            "attributions": {
                "group": 0
            },
            "id": 7,
            "label": "Single_cell",
            "x_max": 0.173828125,
            "x_min": 0.072265625,
            "y_max": 0.4345703125,
            "y_min": 0.3251953125,
            "prob": "0.778"
        },
        {
            "attributions": {
                "group": 0
            },
            "id": 8,
            "label": "Single_cell",
            "x_max": 0.2216796875,
            "x_min": 0.1591796875,
            "y_max": 0.5849609375,
            "y_min": 0.5107421875,
            "prob": "0.757"
        },
        {
            "attributions": {
                "group": 0
            },
            "id": 9,
            "label": "Single_cell",
            "x_max": 0.6513671875,
            "x_min": 0.533203125,
            "y_max": 0.970703125,
            "y_min": 0.861328125,
            "prob": "0.752"
        },
        {
            "attributions": {
                "group": 0
            },
            "id": 10,
            "label": "Single_cell",
            "x_max": 0.37890625,
            "x_min": 0.3212890625,
            "y_max": 0.9736328125,
            "y_min": 0.9111328125,
            "prob": "0.627"
        },
        {
            "attributions": {
                "group": 0
            },
            "id": 11,
            "label": "Single_cell",
            "x_max": 0.1640625,
            "x_min": 0.09765625,
            "y_max": 0.337890625,
            "y_min": 0.2783203125,
            "prob": "0.585"
        },
        {
            "attributions": {
                "group": 0
            },
            "id": 12,
            "label": "Single_cell",
            "x_max": 0.4248046875,
            "x_min": 0.298828125,
            "y_max": 0.0673828125,
            "y_min": 0.0,
            "prob": "0.565"
        },
        {
            "attributions": {
                "group": 0
            },
            "id": 13,
            "label": "Single_cell",
            "x_max": 0.412109375,
            "x_min": 0.31640625,
            "y_max": 0.400390625,
            "y_min": 0.3212890625,
            "prob": "0.553"
        },
        {
            "attributions": {
                "group": 0
            },
            "id": 14,
            "label": "Single_cell",
            "x_max": 0.814453125,
            "x_min": 0.6826171875,
            "y_max": 0.037109375,
            "y_min": 0.0,
            "prob": "0.470"
        },
        {
            "attributions": {
                "group": 0
            },
            "id": 15,
            "label": "Single_cell",
            "x_max": 0.4091796875,
            "x_min": 0.3193359375,
            "y_max": 0.8525390625,
            "y_min": 0.724609375,
            "prob": "0.365"
        }
    ]
}