{
    "image_height": 1024,
    "images_width": 1024,
    "images_path": "tile_24_47.png",
    "bboxes": [
        {
            "attributions": {
                "group": 0
            },
            "id": 0,
            "label": "Single_cell",
            "x_max": 0.3876953125,
            "x_min": 0.291015625,
            "y_max": 0.4697265625,
            "y_min": 0.3818359375,
            "prob": "0.771"
        },
        {
            "attributions": {
                "group": 0
            },
            "id": 1,
            "label": "Single_cell",
            "x_max": 0.384765625,
            "x_min": 0.2548828125,
            "y_max": 0.1064453125,
            "y_min": 0.005859375,
            "prob": "0.758"
        },
        {
            "attributions": {
                "group": 0
            },
            "id": 2,
            "label": "Single_cell",
            "x_max": 0.505859375,
            "x_min": 0.4365234375,
            "y_max": 0.7109375,
            "y_min": 0.6455078125,
            "prob": "0.758"
        },
        {
            "attributions": {
                "group": 0
            },
            "id": 3,
            "label": "Single_cell",
            "x_max": 0.6962890625,
            "x_min": 0.623046875,
            "y_max": 0.9375,
            "y_min": 0.875,
            "prob": "0.732"
        },
        {
            "attributions": {
                "group": 0
            },
            "id": 4,
            "label": "Single_cell",
            "x_max": 0.3095703125,
            "x_min": 0.232421875,
            "y_max": 0.6181640625,
            "y_min": 0.5595703125,
            "prob": "0.712"
        },
        {
            "attributions": {
                "group": 0
            },
            "id": 5,
            "label": "Single_cell",
            "x_max": 0.28125,
            "x_min": 0.244140625,
            "y_max": 0.423828125,
            "y_min": 0.3759765625,
            "prob": "0.701"
        },
        {
            "attributions": {
                "group": 0
            },
            "id": 6,
            "label": "Single_cell",
            "x_max": 0.396484375,
            "x_min": 0.3388671875,
            "y_max": 0.2939453125,
            "y_min": 0.2353515625,
            "prob": "0.689"
        },
        {
            "attributions": {
                "group": 0
            },
            "id": 7,
            "label": "Single_cell",
            "x_max": 0.3388671875,
            "x_min": 0.2802734375,
            "y_max": 0.3916015625,
            "y_min": 0.333984375,
            "prob": "0.623"
        },
        {
            "attributions": {
                "group": 0
            },
            "id": 8,
            "label": "Single_cell",
            "x_max": 0.7392578125,
            "x_min": 0.6923828125,
            "y_max": 0.236328125,
            "y_min": 0.1865234375,
            "prob": "0.587"
        },
        {
            "attributions": {
                "group": 0
            },
            "id": 9,
            "label": "Single_cell",
            "x_max": 0.744140625,
            "x_min": 0.669921875,
            "y_max": 0.1953125,
            "y_min": 0.12109375,
            "prob": "0.553"
        },
        {
            "attributions": {
                "group": 0
            },
            "id": 10,
            "label": "Single_cell",
            "x_max": 0.849609375,
            "x_min": 0.7978515625,
            "y_max": 0.2392578125,
            "y_min": 0.1953125,
            "prob": "0.516"
        },
        {
            "attributions": {
                "group": 0
            },
            "id": 11,
            "label": "Single_cell",
            "x_max": 0.6884765625,
            "x_min": 0.583984375,
            "y_max": 0.32421875,
            "y_min": 0.220703125,
            "prob": "0.457"
        },
        {
            "attributions": {
                "group": 0
            },
            "id": 12,
            "label": "Single_cell",
            "x_max": 0.6650390625,
            "x_min": 0.6240234375,
            "y_max": 0.10546875,
            "y_min": 0.07421875,
            "prob": "0.433"
        },
        {
            "attributions": {
                "group": 0
            },
            "id": 13,
            "label": "Single_cell",
            "x_max": 0.9990234375,
            "x_min": 0.96484375,
            "y_max": 0.4296875,
            "y_min": 0.3193359375,
            "prob": "0.409"
        },
        {
            "attributions": {
                "group": 0
            },
            "id": 14,
            "label": "Single_cell",
            "x_max": 0.236328125,
            "x_min": 0.185546875,
            "y_max": 0.8544921875,
            "y_min": 0.79296875,
            "prob": "0.354"
        }
    ]
}