{
    "image_height": 1024,
    "images_width": 1024,
    "images_path": "tile_40_15.png",
    "bboxes": [
        {
            "attributions": {
                "group": 0
            },
            "id": 0,
            "label": "Single_cell",
            "x_max": 0.7041015625,
            "x_min": 0.5810546875,
            "y_max": 0.4443359375,
            "y_min": 0.3349609375,
            "prob": "0.848"
        },
        {
            "attributions": {
                "group": 0
            },
            "id": 1,
            "label": "Single_cell",
            "x_max": 0.26953125,
            "x_min": 0.16796875,
            "y_max": 0.744140625,
            "y_min": 0.6484375,
            "prob": "0.824"
        },
        {
            "attributions": {
                "group": 0
            },
            "id": 2,
            "label": "Single_cell",
            "x_max": 0.6865234375,
            "x_min": 0.587890625,
            "y_max": 0.8056640625,
            "y_min": 0.705078125,
            "prob": "0.810"
        },
        {
            "attributions": {
                "group": 0
            },
            "id": 3,
            "label": "Single_cell",
            "x_max": 0.1650390625,
            "x_min": 0.0576171875,
            "y_max": 0.5263671875,
            "y_min": 0.4150390625,
            "prob": "0.803"
        },
        {
            "attributions": {
                "group": 0
            },
            "id": 4,
            "label": "Single_cell",
            "x_max": 0.111328125,
            "x_min": 0.0224609375,
            "y_max": 0.693359375,
            "y_min": 0.603515625,
            "prob": "0.793"
        },
        {
            "attributions": {
                "group": 0
            },
            "id": 5,
            "label": "Single_cell",
            "x_max": 0.4541015625,
            "x_min": 0.34765625,
            "y_max": 0.8525390625,
            "y_min": 0.7421875,
            "prob": "0.789"
        },
        {
            "attributions": {
                "group": 0
            },
            "id": 6,
            "label": "Single_cell",
            "x_max": 0.8310546875,
            "x_min": 0.7490234375,
            "y_max": 0.8857421875,
            "y_min": 0.8125,
            "prob": "0.788"
        },
        {
            "attributions": {
                "group": 0
            },
            "id": 7,
            "label": "Single_cell",
            "x_max": 0.396484375,
            "x_min": 0.294921875,
            "y_max": 0.552734375,
            "y_min": 0.4638671875,
            "prob": "0.788"
        },
        {
            "attributions": {
                "group": 0
            },
            "id": 8,
            "label": "Single_cell",
            "x_max": 0.6533203125,
            "x_min": 0.5390625,
            "y_max": 0.6494140625,
            "y_min": 0.5546875,
            "prob": "0.786"
        },
        {
            "attributions": {
                "group": 0
            },
            "id": 9,
            "label": "Single_cell",
            "x_max": 0.8623046875,
            "x_min": 0.8173828125,
            "y_max": 0.8876953125,
            "y_min": 0.8408203125,
            "prob": "0.738"
        },
        {
            "attributions": {
                "group": 0
            },
            "id": 10,
            "label": "Single_cell",
            "x_max": 0.9384765625,
            "x_min": 0.84765625,
            "y_max": 0.1357421875,
            "y_min": 0.0380859375,
            "prob": "0.724"
        },
        {
            "attributions": {
                "group": 0
            },
            "id": 11,
            "label": "Single_cell",
            "x_max": 0.2783203125,
            "x_min": 0.1748046875,
            "y_max": 0.5517578125,
            "y_min": 0.3896484375,
            "prob": "0.640"
        },
        {
            "attributions": {
                "group": 0
            },
            "id": 12,
            "label": "Single_cell",
            "x_max": 0.7353515625,
            "x_min": 0.6328125,
            "y_max": 1.0,
            "y_min": 0.900390625,
            "prob": "0.616"
        },
        {
            "attributions": {
                "group": 0
            },
            "id": 13,
            "label": "Single_cell",
            "x_max": 0.390625,
            "x_min": 0.2783203125,
            "y_max": 0.205078125,
            "y_min": 0.1083984375,
            "prob": "0.582"
        },
        {
            "attributions": {
                "group": 0
            },
            "id": 14,
            "label": "Single_cell",
            "x_max": 0.3193359375,
            "x_min": 0.1923828125,
            "y_max": 0.431640625,
            "y_min": 0.3076171875,
            "prob": "0.487"
        },
        {
            "attributions": {
                "group": 0
            },
            "id": 15,
            "label": "Single_cell",
            "x_max": 0.376953125,
            "x_min": 0.2998046875,
            "y_max": 1.0,
            "y_min": 0.9248046875,
            "prob": "0.464"
        },
        {
            "attributions": {
                "group": 0
            },
            "id": 16,
            "label": "Single_cell",
            "x_max": 1.0,
            "x_min": 0.9677734375,
            "y_max": 0.8642578125,
            "y_min": 0.8056640625,
            "prob": "0.403"
        },
        {
            "attributions": {
                "group": 0
            },
            "id": 17,
            "label": "Single_cell",
            "x_max": 0.068359375,
            "x_min": 0.0,
            "y_max": 0.8212890625,
            "y_min": 0.712890625,
            "prob": "0.386"
        },
        {
            "attributions": {
                "group": 0
            },
            "id": 18,
            "label": "Single_cell",
            "x_max": 0.05078125,
            "x_min": 0.0,
            "y_max": 0.3681640625,
            "y_min": 0.2880859375,
            "prob": "0.356"
        }
    ]
}