{
    "image_height": 1024,
    "images_width": 1024,
    "images_path": "tile_37_21.png",
    "bboxes": [
        {
            "attributions": {
                "group": 0
            },
            "id": 0,
            "label": "Single_cell",
            "x_max": 0.9619140625,
            "x_min": 0.8447265625,
            "y_max": 0.6865234375,
            "y_min": 0.501953125,
            "prob": "0.836"
        },
        {
            "attributions": {
                "group": 0
            },
            "id": 1,
            "label": "Single_cell",
            "x_max": 0.1611328125,
            "x_min": 0.048828125,
            "y_max": 0.9345703125,
            "y_min": 0.8193359375,
            "prob": "0.771"
        },
        {
            "attributions": {
                "group": 0
            },
            "id": 2,
            "label": "Single_cell",
            "x_max": 0.1572265625,
            "x_min": 0.0908203125,
            "y_max": 0.4111328125,
            "y_min": 0.349609375,
            "prob": "0.748"
        },
        {
            "attributions": {
                "group": 0
            },
            "id": 3,
            "label": "Single_cell",
            "x_max": 0.2802734375,
            "x_min": 0.208984375,
            "y_max": 0.408203125,
            "y_min": 0.341796875,
            "prob": "0.746"
        },
        {
            "attributions": {
                "group": 0
            },
            "id": 4,
            "label": "Single_cell",
            "x_max": 0.8154296875,
            "x_min": 0.6943359375,
            "y_max": 0.6689453125,
            "y_min": 0.58203125,
            "prob": "0.728"
        },
        {
            "attributions": {
                "group": 0
            },
            "id": 5,
            "label": "Single_cell",
            "x_max": 0.2431640625,
            "x_min": 0.17578125,
            "y_max": 0.748046875,
            "y_min": 0.689453125,
            "prob": "0.720"
        },
        {
            "attributions": {
                "group": 0
            },
            "id": 6,
            "label": "Single_cell",
            "x_max": 0.181640625,
            "x_min": 0.1376953125,
            "y_max": 0.072265625,
            "y_min": 0.0322265625,
            "prob": "0.700"
        },
        {
            "attributions": {
                "group": 0
            },
            "id": 7,
            "label": "Single_cell",
            "x_max": 0.02734375,
            "x_min": 0.0,
            "y_max": 0.875,
            "y_min": 0.8427734375,
            "prob": "0.646"
        },
        {
            "attributions": {
                "group": 0
            },
            "id": 8,
            "label": "Single_cell",
            "x_max": 0.9990234375,
            "x_min": 0.947265625,
            "y_max": 0.2216796875,
            "y_min": 0.1171875,
            "prob": "0.585"
        },
        {
            "attributions": {
                "group": 0
            },
            "id": 9,
            "label": "Single_cell",
            "x_max": 0.1259765625,
            "x_min": 0.0703125,
            "y_max": 1.0,
            "y_min": 0.9794921875,
            "prob": "0.508"
        },
        {
            "attributions": {
                "group": 0
            },
            "id": 10,
            "label": "Single_cell",
            "x_max": 0.791015625,
            "x_min": 0.6650390625,
            "y_max": 0.7568359375,
            "y_min": 0.654296875,
            "prob": "0.491"
        },
        {
            "attributions": {
                "group": 0
            },
            "id": 11,
            "label": "Single_cell",
            "x_max": 0.8486328125,
            "x_min": 0.66796875,
            "y_max": 0.759765625,
            "y_min": 0.6064453125,
            "prob": "0.453"
        },
        {
            "attributions": {
                "group": 0
            },
            "id": 12,
            "label": "Single_cell",
            "x_max": 0.572265625,
            "x_min": 0.392578125,
            "y_max": 1.0009765625,
            "y_min": 0.8994140625,
            "prob": "0.333"
        }
    ]
}