{
    "image_height": 1024,
    "images_width": 1024,
    "images_path": "tile_43_35.png",
    "bboxes": [
        {
            "attributions": {
                "group": 0
            },
            "id": 0,
            "label": "Single_cell",
            "x_max": 0.35546875,
            "x_min": 0.2177734375,
            "y_max": 0.5693359375,
            "y_min": 0.4072265625,
            "prob": "0.788"
        },
        {
            "attributions": {
                "group": 0
            },
            "id": 1,
            "label": "Single_cell",
            "x_max": 0.58203125,
            "x_min": 0.5048828125,
            "y_max": 0.6103515625,
            "y_min": 0.48046875,
            "prob": "0.777"
        },
        {
            "attributions": {
                "group": 0
            },
            "id": 2,
            "label": "Single_cell",
            "x_max": 0.0537109375,
            "x_min": 0.0,
            "y_max": 0.083984375,
            "y_min": 0.017578125,
            "prob": "0.761"
        },
        {
            "attributions": {
                "group": 0
            },
            "id": 3,
            "label": "Single_cell",
            "x_max": 0.15625,
            "x_min": 0.0947265625,
            "y_max": 0.0654296875,
            "y_min": 0.0087890625,
            "prob": "0.753"
        },
        {
            "attributions": {
                "group": 0
            },
            "id": 4,
            "label": "Single_cell",
            "x_max": 0.556640625,
            "x_min": 0.494140625,
            "y_max": 0.40625,
            "y_min": 0.3525390625,
            "prob": "0.751"
        },
        {
            "attributions": {
                "group": 0
            },
            "id": 5,
            "label": "Single_cell",
            "x_max": 0.939453125,
            "x_min": 0.8720703125,
            "y_max": 0.81640625,
            "y_min": 0.755859375,
            "prob": "0.745"
        },
        {
            "attributions": {
                "group": 0
            },
            "id": 6,
            "label": "Single_cell",
            "x_max": 0.40234375,
            "x_min": 0.26953125,
            "y_max": 0.5078125,
            "y_min": 0.416015625,
            "prob": "0.740"
        },
        {
            "attributions": {
                "group": 0
            },
            "id": 7,
            "label": "Single_cell",
            "x_max": 0.509765625,
            "x_min": 0.38671875,
            "y_max": 0.2724609375,
            "y_min": 0.1357421875,
            "prob": "0.739"
        },
        {
            "attributions": {
                "group": 0
            },
            "id": 8,
            "label": "Single_cell",
            "x_max": 0.5087890625,
            "x_min": 0.453125,
            "y_max": 0.3076171875,
            "y_min": 0.2529296875,
            "prob": "0.733"
        },
        {
            "attributions": {
                "group": 0
            },
            "id": 9,
            "label": "Single_cell",
            "x_max": 0.1025390625,
            "x_min": 0.04296875,
            "y_max": 0.1962890625,
            "y_min": 0.1376953125,
            "prob": "0.724"
        },
        {
            "attributions": {
                "group": 0
            },
            "id": 10,
            "label": "Single_cell",
            "x_max": 0.71484375,
            "x_min": 0.6572265625,
            "y_max": 0.5322265625,
            "y_min": 0.4736328125,
            "prob": "0.716"
        },
        {
            "attributions": {
                "group": 0
            },
            "id": 11,
            "label": "Single_cell",
            "x_max": 0.5712890625,
            "x_min": 0.521484375,
            "y_max": 0.326171875,
            "y_min": 0.2841796875,
            "prob": "0.713"
        },
        {
            "attributions": {
                "group": 0
            },
            "id": 12,
            "label": "Single_cell",
            "x_max": 0.6728515625,
            "x_min": 0.615234375,
            "y_max": 0.751953125,
            "y_min": 0.6943359375,
            "prob": "0.702"
        },
        {
            "attributions": {
                "group": 0
            },
            "id": 13,
            "label": "Single_cell",
            "x_max": 0.1943359375,
            "x_min": 0.1474609375,
            "y_max": 0.75,
            "y_min": 0.7109375,
            "prob": "0.695"
        },
        {
            "attributions": {
                "group": 0
            },
            "id": 14,
            "label": "Single_cell",
            "x_max": 0.724609375,
            "x_min": 0.642578125,
            "y_max": 0.0517578125,
            "y_min": 0.0,
            "prob": "0.646"
        },
        {
            "attributions": {
                "group": 0
            },
            "id": 15,
            "label": "Single_cell",
            "x_max": 0.3955078125,
            "x_min": 0.24609375,
            "y_max": 0.431640625,
            "y_min": 0.3388671875,
            "prob": "0.642"
        },
        {
            "attributions": {
                "group": 0
            },
            "id": 16,
            "label": "Single_cell",
            "x_max": 0.716796875,
            "x_min": 0.65625,
            "y_max": 0.94140625,
            "y_min": 0.88671875,
            "prob": "0.589"
        },
        {
            "attributions": {
                "group": 0
            },
            "id": 17,
            "label": "Single_cell",
            "x_max": 0.4853515625,
            "x_min": 0.435546875,
            "y_max": 0.4775390625,
            "y_min": 0.4228515625,
            "prob": "0.586"
        },
        {
            "attributions": {
                "group": 0
            },
            "id": 18,
            "label": "Single_cell",
            "x_max": 0.6708984375,
            "x_min": 0.626953125,
            "y_max": 0.498046875,
            "y_min": 0.4521484375,
            "prob": "0.583"
        },
        {
            "attributions": {
                "group": 0
            },
            "id": 19,
            "label": "Single_cell",
            "x_max": 0.3193359375,
            "x_min": 0.22265625,
            "y_max": 0.7333984375,
            "y_min": 0.6279296875,
            "prob": "0.565"
        },
        {
            "attributions": {
                "group": 0
            },
            "id": 20,
            "label": "Single_cell",
            "x_max": 0.45703125,
            "x_min": 0.287109375,
            "y_max": 0.39453125,
            "y_min": 0.2529296875,
            "prob": "0.559"
        },
        {
            "attributions": {
                "group": 0
            },
            "id": 21,
            "label": "Single_cell",
            "x_max": 0.7646484375,
            "x_min": 0.6962890625,
            "y_max": 0.9990234375,
            "y_min": 0.970703125,
            "prob": "0.535"
        },
        {
            "attributions": {
                "group": 0
            },
            "id": 22,
            "label": "Single_cell",
            "x_max": 0.81640625,
            "x_min": 0.6435546875,
            "y_max": 0.9755859375,
            "y_min": 0.8076171875,
            "prob": "0.508"
        },
        {
            "attributions": {
                "group": 0
            },
            "id": 23,
            "label": "Single_cell",
            "x_max": 0.9853515625,
            "x_min": 0.9267578125,
            "y_max": 0.59765625,
            "y_min": 0.5341796875,
            "prob": "0.346"
        }
    ]
}