{
    "version": "4.5.9",
    "flags": {},
    "shapes": [
        {
            "label": "foreground",
            "points": [
                [
                    [
                        55,
                        22
                    ],
                    [
                        54,
                        23
                    ],
                    [
                        51,
                        23
                    ],
                    [
                        50,
                        24
                    ],
                    [
                        48,
                        24
                    ],
                    [
                        47,
                        25
                    ],
                    [
                        46,
                        25
                    ],
                    [
                        45,
                        26
                    ],
                    [
                        44,
                        26
                    ],
                    [
                        43,
                        27
                    ],
                    [
                        42,
                        27
                    ],
                    [
                        40,
                        29
                    ],
                    [
                        39,
                        29
                    ],
                    [
                        28,
                        40
                    ],
                    [
                        28,
                        41
                    ],
                    [
                        26,
                        43
                    ],
                    [
                        26,
                        44
                    ],
                    [
                        24,
                        46
                    ],
                    [
                        24,
                        48
                    ],
                    [
                        23,
                        49
                    ],
                    [
                        23,
                        50
                    ],
                    [
                        22,
                        51
                    ],
                    [
                        22,
                        56
                    ],
                    [
                        21,
                        57
                    ],
                    [
                        21,
                        67
                    ],
                    [
                        22,
                        68
                    ],
                    [
                        22,
                        71
                    ],
                    [
                        23,
                        72
                    ],
                    [
                        23,
                        74
                    ],
                    [
                        24,
                        75
                    ],
                    [
                        24,
                        76
                    ],
                    [
                        25,
                        77
                    ],
                    [
                        25,
                        78
                    ],
                    [
                        27,
                        80
                    ],
                    [
                        27,
                        81
                    ],
                    [
                        29,
                        83
                    ],
                    [
                        29,
                        84
                    ],
                    [
                        34,
                        89
                    ],
                    [
                        35,
                        89
                    ],
                    [
                        38,
                        92
                    ],
                    [
                        39,
                        92
                    ],
                    [
                        40,
                        93
                    ],
                    [
                        41,
                        93
                    ],
                    [
                        42,
                        94
                    ],
                    [
                        43,
                        94
                    ],
                    [
                        44,
                        95
                    ],
                    [
                        46,
                        95
                    ],
                    [
                        47,
                        96
                    ],
                    [
                        49,
                        96
                    ],
                    [
                        50,
                        97
                    ],
                    [
                        56,
                        97
                    ],
                    [
                        57,
                        98
                    ],
                    [
                        59,
                        98
                    ],
                    [
                        60,
                        97
                    ],
                    [
                        66,
                        97
                    ],
                    [
                        67,
                        96
                    ],
                    [
                        70,
                        96
                    ],
                    [
                        71,
                        95
                    ],
                    [
                        72,
                        95
                    ],
                    [
                        74,
                        93
                    ],
                    [
                        75,
                        93
                    ],
                    [
                        76,
                        92
                    ],
                    [
                        78,
                        92
                    ],
                    [
                        79,
                        91
                    ],
                    [
                        80,
                        91
                    ],
                    [
                        82,
                        89
                    ],
                    [
                        83,
                        89
                    ],
                    [
                        87,
                        85
                    ],
                    [
                        87,
                        84
                    ],
                    [
                        91,
                        80
                    ],
                    [
                        91,
                        78
                    ],
                    [
                        92,
                        77
                    ],
                    [
                        93,
                        77
                    ],
                    [
                        93,
                        75
                    ],
                    [
                        94,
                        74
                    ],
                    [
                        94,
                        71
                    ],
                    [
                        95,
                        70
                    ],
                    [
                        95,
                        68
                    ],
                    [
                        96,
                        67
                    ],
                    [
                        96,
                        55
                    ],
                    [
                        95,
                        54
                    ],
                    [
                        95,
                        51
                    ],
                    [
                        94,
                        50
                    ],
                    [
                        94,
                        48
                    ],
                    [
                        93,
                        47
                    ],
                    [
                        93,
                        45
                    ],
                    [
                        92,
                        44
                    ],
                    [
                        92,
                        43
                    ],
                    [
                        91,
                        42
                    ],
                    [
                        91,
                        41
                    ],
                    [
                        89,
                        39
                    ],
                    [
                        89,
                        38
                    ],
                    [
                        88,
                        37
                    ],
                    [
                        88,
                        36
                    ],
                    [
                        83,
                        31
                    ],
                    [
                        82,
                        31
                    ],
                    [
                        78,
                        27
                    ],
                    [
                        77,
                        27
                    ],
                    [
                        76,
                        26
                    ],
                    [
                        75,
                        26
                    ],
                    [
                        74,
                        25
                    ],
                    [
                        73,
                        25
                    ],
                    [
                        72,
                        24
                    ],
                    [
                        70,
                        24
                    ],
                    [
                        69,
                        23
                    ],
                    [
                        66,
                        23
                    ],
                    [
                        65,
                        22
                    ]
                ]
            ],
            "group_id": null,
            "shape_type": "polygon",
            "flags": {}
        }
    ],
    "imagePath": "0.6535_good_tile_32_37_0.png",
    "imageData": null,
    "imageHeight": 224,
    "imageWidth": 224
}