{
    "version": "4.5.9",
    "flags": {},
    "shapes": [
        {
            "label": "foreground",
            "points": [
                [
                    [
                        32,
                        13
                    ],
                    [
                        31,
                        14
                    ],
                    [
                        24,
                        14
                    ],
                    [
                        16,
                        22
                    ],
                    [
                        16,
                        23
                    ],
                    [
                        15,
                        24
                    ],
                    [
                        15,
                        25
                    ],
                    [
                        14,
                        26
                    ],
                    [
                        14,
                        27
                    ],
                    [
                        12,
                        29
                    ],
                    [
                        12,
                        30
                    ],
                    [
                        10,
                        32
                    ],
                    [
                        10,
                        33
                    ],
                    [
                        9,
                        34
                    ],
                    [
                        9,
                        35
                    ],
                    [
                        8,
                        36
                    ],
                    [
                        8,
                        46
                    ],
                    [
                        9,
                        47
                    ],
                    [
                        9,
                        48
                    ],
                    [
                        10,
                        49
                    ],
                    [
                        10,
                        50
                    ],
                    [
                        12,
                        52
                    ],
                    [
                        12,
                        53
                    ],
                    [
                        13,
                        54
                    ],
                    [
                        13,
                        55
                    ],
                    [
                        14,
                        56
                    ],
                    [
                        14,
                        57
                    ],
                    [
                        15,
                        58
                    ],
                    [
                        15,
                        60
                    ],
                    [
                        16,
                        60
                    ],
                    [
                        17,
                        61
                    ],
                    [
                        48,
                        61
                    ],
                    [
                        49,
                        60
                    ],
                    [
                        56,
                        60
                    ],
                    [
                        57,
                        59
                    ],
                    [
                        57,
                        58
                    ],
                    [
                        56,
                        57
                    ],
                    [
                        56,
                        52
                    ],
                    [
                        57,
                        51
                    ],
                    [
                        57,
                        48
                    ],
                    [
                        58,
                        47
                    ],
                    [
                        58,
                        42
                    ],
                    [
                        59,
                        41
                    ],
                    [
                        58,
                        40
                    ],
                    [
                        58,
                        35
                    ],
                    [
                        57,
                        34
                    ],
                    [
                        57,
                        31
                    ],
                    [
                        56,
                        30
                    ],
                    [
                        56,
                        28
                    ],
                    [
                        55,
                        27
                    ],
                    [
                        55,
                        26
                    ],
                    [
                        54,
                        25
                    ],
                    [
                        54,
                        24
                    ],
                    [
                        48,
                        18
                    ],
                    [
                        47,
                        18
                    ],
                    [
                        46,
                        17
                    ],
                    [
                        45,
                        17
                    ],
                    [
                        44,
                        16
                    ],
                    [
                        43,
                        16
                    ],
                    [
                        42,
                        15
                    ],
                    [
                        39,
                        15
                    ],
                    [
                        38,
                        14
                    ],
                    [
                        33,
                        14
                    ]
                ]
            ],
            "group_id": null,
            "shape_type": "polygon",
            "flags": {}
        }
    ],
    "imagePath": "0.6798_good_tile_29_41_4.png",
    "imageData": null,
    "imageHeight": 224,
    "imageWidth": 224
}