{
    "version": "4.5.9",
    "flags": {},
    "shapes": [
        {
            "label": "foreground",
            "points": [
                [
                    [
                        33,
                        7
                    ],
                    [
                        32,
                        8
                    ],
                    [
                        27,
                        8
                    ],
                    [
                        26,
                        9
                    ],
                    [
                        21,
                        9
                    ],
                    [
                        20,
                        10
                    ],
                    [
                        17,
                        10
                    ],
                    [
                        15,
                        12
                    ],
                    [
                        15,
                        15
                    ],
                    [
                        16,
                        16
                    ],
                    [
                        16,
                        17
                    ],
                    [
                        18,
                        19
                    ],
                    [
                        21,
                        19
                    ],
                    [
                        22,
                        20
                    ],
                    [
                        23,
                        19
                    ],
                    [
                        25,
                        19
                    ],
                    [
                        27,
                        21
                    ],
                    [
                        27,
                        23
                    ],
                    [
                        26,
                        24
                    ],
                    [
                        26,
                        25
                    ],
                    [
                        25,
                        26
                    ],
                    [
                        25,
                        28
                    ],
                    [
                        24,
                        29
                    ],
                    [
                        24,
                        34
                    ],
                    [
                        23,
                        35
                    ],
                    [
                        23,
                        37
                    ],
                    [
                        22,
                        38
                    ],
                    [
                        22,
                        40
                    ],
                    [
                        21,
                        41
                    ],
                    [
                        21,
                        42
                    ],
                    [
                        20,
                        43
                    ],
                    [
                        20,
                        45
                    ],
                    [
                        19,
                        46
                    ],
                    [
                        19,
                        53
                    ],
                    [
                        20,
                        54
                    ],
                    [
                        20,
                        56
                    ],
                    [
                        21,
                        57
                    ],
                    [
                        21,
                        60
                    ],
                    [
                        22,
                        61
                    ],
                    [
                        22,
                        63
                    ],
                    [
                        23,
                        64
                    ],
                    [
                        23,
                        67
                    ],
                    [
                        24,
                        68
                    ],
                    [
                        24,
                        69
                    ],
                    [
                        26,
                        71
                    ],
                    [
                        26,
                        72
                    ],
                    [
                        28,
                        74
                    ],
                    [
                        28,
                        75
                    ],
                    [
                        30,
                        77
                    ],
                    [
                        30,
                        78
                    ],
                    [
                        35,
                        83
                    ],
                    [
                        36,
                        83
                    ],
                    [
                        37,
                        84
                    ],
                    [
                        38,
                        84
                    ],
                    [
                        39,
                        85
                    ],
                    [
                        43,
                        85
                    ],
                    [
                        44,
                        86
                    ],
                    [
                        46,
                        86
                    ],
                    [
                        47,
                        87
                    ],
                    [
                        51,
                        87
                    ],
                    [
                        52,
                        86
                    ],
                    [
                        57,
                        86
                    ],
                    [
                        58,
                        85
                    ],
                    [
                        61,
                        85
                    ],
                    [
                        62,
                        84
                    ],
                    [
                        64,
                        84
                    ],
                    [
                        67,
                        81
                    ],
                    [
                        68,
                        81
                    ],
                    [
                        75,
                        74
                    ],
                    [
                        75,
                        73
                    ],
                    [
                        76,
                        72
                    ],
                    [
                        76,
                        71
                    ],
                    [
                        77,
                        70
                    ],
                    [
                        77,
                        68
                    ],
                    [
                        79,
                        66
                    ],
                    [
                        79,
                        65
                    ],
                    [
                        80,
                        64
                    ],
                    [
                        80,
                        61
                    ],
                    [
                        81,
                        60
                    ],
                    [
                        81,
                        57
                    ],
                    [
                        82,
                        56
                    ],
                    [
                        82,
                        53
                    ],
                    [
                        83,
                        52
                    ],
                    [
                        83,
                        41
                    ],
                    [
                        82,
                        40
                    ],
                    [
                        82,
                        38
                    ],
                    [
                        81,
                        37
                    ],
                    [
                        81,
                        36
                    ],
                    [
                        79,
                        34
                    ],
                    [
                        79,
                        33
                    ],
                    [
                        72,
                        26
                    ],
                    [
                        71,
                        26
                    ],
                    [
                        69,
                        24
                    ],
                    [
                        68,
                        24
                    ],
                    [
                        67,
                        23
                    ],
                    [
                        66,
                        23
                    ],
                    [
                        65,
                        22
                    ],
                    [
                        64,
                        22
                    ],
                    [
                        63,
                        21
                    ],
                    [
                        62,
                        21
                    ],
                    [
                        61,
                        20
                    ],
                    [
                        60,
                        20
                    ],
                    [
                        59,
                        19
                    ],
                    [
                        58,
                        19
                    ],
                    [
                        56,
                        17
                    ],
                    [
                        57,
                        16
                    ],
                    [
                        60,
                        16
                    ],
                    [
                        61,
                        17
                    ],
                    [
                        64,
                        17
                    ],
                    [
                        65,
                        18
                    ],
                    [
                        68,
                        18
                    ],
                    [
                        71,
                        15
                    ],
                    [
                        71,
                        13
                    ],
                    [
                        70,
                        12
                    ],
                    [
                        65,
                        12
                    ],
                    [
                        64,
                        11
                    ],
                    [
                        61,
                        11
                    ],
                    [
                        60,
                        10
                    ],
                    [
                        58,
                        10
                    ],
                    [
                        57,
                        9
                    ],
                    [
                        54,
                        9
                    ],
                    [
                        53,
                        8
                    ],
                    [
                        47,
                        8
                    ],
                    [
                        46,
                        7
                    ]
                ]
            ],
            "group_id": null,
            "shape_type": "polygon",
            "flags": {}
        }
    ],
    "imagePath": "0.7767_good_tile_51_46_0.png",
    "imageData": null,
    "imageHeight": 224,
    "imageWidth": 224
}