{
    "version": "4.5.9",
    "flags": {},
    "shapes": [
        {
            "label": "foreground",
            "points": [
                [
                    [
                        59,
                        23
                    ],
                    [
                        58,
                        24
                    ],
                    [
                        55,
                        24
                    ],
                    [
                        54,
                        25
                    ],
                    [
                        53,
                        25
                    ],
                    [
                        52,
                        26
                    ],
                    [
                        50,
                        26
                    ],
                    [
                        48,
                        28
                    ],
                    [
                        47,
                        28
                    ],
                    [
                        46,
                        29
                    ],
                    [
                        45,
                        29
                    ],
                    [
                        43,
                        31
                    ],
                    [
                        42,
                        31
                    ],
                    [
                        40,
                        33
                    ],
                    [
                        39,
                        33
                    ],
                    [
                        38,
                        34
                    ],
                    [
                        37,
                        34
                    ],
                    [
                        34,
                        37
                    ],
                    [
                        33,
                        37
                    ],
                    [
                        32,
                        38
                    ],
                    [
                        32,
                        39
                    ],
                    [
                        31,
                        40
                    ],
                    [
                        31,
                        41
                    ],
                    [
                        29,
                        43
                    ],
                    [
                        29,
                        45
                    ],
                    [
                        30,
                        46
                    ],
                    [
                        30,
                        47
                    ],
                    [
                        29,
                        48
                    ],
                    [
                        29,
                        49
                    ],
                    [
                        28,
                        50
                    ],
                    [
                        28,
                        56
                    ],
                    [
                        27,
                        57
                    ],
                    [
                        27,
                        61
                    ],
                    [
                        28,
                        62
                    ],
                    [
                        28,
                        67
                    ],
                    [
                        29,
                        68
                    ],
                    [
                        29,
                        72
                    ],
                    [
                        30,
                        73
                    ],
                    [
                        30,
                        74
                    ],
                    [
                        29,
                        75
                    ],
                    [
                        30,
                        76
                    ],
                    [
                        30,
                        79
                    ],
                    [
                        31,
                        80
                    ],
                    [
                        31,
                        81
                    ],
                    [
                        33,
                        83
                    ],
                    [
                        33,
                        87
                    ],
                    [
                        36,
                        90
                    ],
                    [
                        36,
                        92
                    ],
                    [
                        38,
                        94
                    ],
                    [
                        38,
                        95
                    ],
                    [
                        39,
                        95
                    ],
                    [
                        41,
                        97
                    ],
                    [
                        41,
                        99
                    ],
                    [
                        52,
                        110
                    ],
                    [
                        53,
                        110
                    ],
                    [
                        54,
                        111
                    ],
                    [
                        55,
                        111
                    ],
                    [
                        57,
                        113
                    ],
                    [
                        83,
                        113
                    ],
                    [
                        84,
                        112
                    ],
                    [
                        88,
                        112
                    ],
                    [
                        90,
                        110
                    ],
                    [
                        91,
                        110
                    ],
                    [
                        91,
                        109
                    ],
                    [
                        92,
                        108
                    ],
                    [
                        92,
                        107
                    ],
                    [
                        93,
                        106
                    ],
                    [
                        93,
                        104
                    ],
                    [
                        94,
                        103
                    ],
                    [
                        94,
                        99
                    ],
                    [
                        95,
                        98
                    ],
                    [
                        95,
                        87
                    ],
                    [
                        94,
                        86
                    ],
                    [
                        94,
                        80
                    ],
                    [
                        93,
                        79
                    ],
                    [
                        93,
                        74
                    ],
                    [
                        92,
                        73
                    ],
                    [
                        92,
                        69
                    ],
                    [
                        91,
                        68
                    ],
                    [
                        91,
                        64
                    ],
                    [
                        90,
                        63
                    ],
                    [
                        90,
                        61
                    ],
                    [
                        89,
                        60
                    ],
                    [
                        89,
                        58
                    ],
                    [
                        88,
                        57
                    ],
                    [
                        88,
                        56
                    ],
                    [
                        87,
                        55
                    ],
                    [
                        87,
                        52
                    ],
                    [
                        86,
                        51
                    ],
                    [
                        86,
                        50
                    ],
                    [
                        85,
                        49
                    ],
                    [
                        85,
                        48
                    ],
                    [
                        84,
                        47
                    ],
                    [
                        84,
                        45
                    ],
                    [
                        83,
                        44
                    ],
                    [
                        83,
                        43
                    ],
                    [
                        82,
                        42
                    ],
                    [
                        82,
                        41
                    ],
                    [
                        79,
                        38
                    ],
                    [
                        79,
                        37
                    ],
                    [
                        78,
                        36
                    ],
                    [
                        78,
                        34
                    ],
                    [
                        75,
                        31
                    ],
                    [
                        75,
                        30
                    ],
                    [
                        74,
                        29
                    ],
                    [
                        74,
                        28
                    ],
                    [
                        70,
                        24
                    ],
                    [
                        69,
                        24
                    ],
                    [
                        68,
                        23
                    ]
                ]
            ],
            "group_id": null,
            "shape_type": "polygon",
            "flags": {}
        }
    ],
    "imagePath": "0.7968_good_tile_27_9_1.png",
    "imageData": null,
    "imageHeight": 224,
    "imageWidth": 224
}