{
    "version": "4.5.9",
    "flags": {},
    "shapes": [
        {
            "label": "foreground",
            "points": [
                [
                    [
                        35,
                        21
                    ],
                    [
                        34,
                        22
                    ],
                    [
                        32,
                        22
                    ],
                    [
                        31,
                        23
                    ],
                    [
                        29,
                        23
                    ],
                    [
                        28,
                        24
                    ],
                    [
                        27,
                        24
                    ],
                    [
                        26,
                        25
                    ],
                    [
                        25,
                        25
                    ],
                    [
                        20,
                        30
                    ],
                    [
                        20,
                        32
                    ],
                    [
                        18,
                        34
                    ],
                    [
                        18,
                        39
                    ],
                    [
                        19,
                        40
                    ],
                    [
                        18,
                        41
                    ],
                    [
                        18,
                        43
                    ],
                    [
                        23,
                        48
                    ],
                    [
                        23,
                        49
                    ],
                    [
                        26,
                        52
                    ],
                    [
                        27,
                        52
                    ],
                    [
                        29,
                        54
                    ],
                    [
                        32,
                        54
                    ],
                    [
                        33,
                        55
                    ],
                    [
                        38,
                        55
                    ],
                    [
                        39,
                        54
                    ],
                    [
                        40,
                        54
                    ],
                    [
                        41,
                        53
                    ],
                    [
                        42,
                        53
                    ],
                    [
                        43,
                        52
                    ],
                    [
                        44,
                        52
                    ],
                    [
                        45,
                        51
                    ],
                    [
                        46,
                        51
                    ],
                    [
                        49,
                        48
                    ],
                    [
                        49,
                        47
                    ],
                    [
                        51,
                        45
                    ],
                    [
                        51,
                        44
                    ],
                    [
                        52,
                        43
                    ],
                    [
                        52,
                        41
                    ],
                    [
                        53,
                        40
                    ],
                    [
                        53,
                        37
                    ],
                    [
                        54,
                        36
                    ],
                    [
                        53,
                        35
                    ],
                    [
                        54,
                        34
                    ],
                    [
                        53,
                        33
                    ],
                    [
                        54,
                        32
                    ],
                    [
                        53,
                        31
                    ],
                    [
                        53,
                        26
                    ],
                    [
                        51,
                        24
                    ],
                    [
                        50,
                        24
                    ],
                    [
                        49,
                        23
                    ],
                    [
                        48,
                        23
                    ],
                    [
                        47,
                        22
                    ],
                    [
                        46,
                        22
                    ],
                    [
                        45,
                        21
                    ]
                ]
            ],
            "group_id": null,
            "shape_type": "polygon",
            "flags": {}
        }
    ],
    "imagePath": "0.9262_good_tile_51_46_1.png",
    "imageData": null,
    "imageHeight": 224,
    "imageWidth": 224
}