{
    "version": "4.5.9",
    "flags": {},
    "shapes": [
        {
            "label": "foreground",
            "points": [
                [
                    [
                        30,
                        14
                    ],
                    [
                        29,
                        15
                    ],
                    [
                        28,
                        15
                    ],
                    [
                        27,
                        16
                    ],
                    [
                        27,
                        17
                    ],
                    [
                        26,
                        18
                    ],
                    [
                        26,
                        19
                    ],
                    [
                        25,
                        20
                    ],
                    [
                        25,
                        27
                    ],
                    [
                        24,
                        28
                    ],
                    [
                        24,
                        29
                    ],
                    [
                        20,
                        33
                    ],
                    [
                        20,
                        34
                    ],
                    [
                        18,
                        36
                    ],
                    [
                        18,
                        37
                    ],
                    [
                        17,
                        38
                    ],
                    [
                        17,
                        40
                    ],
                    [
                        15,
                        42
                    ],
                    [
                        15,
                        44
                    ],
                    [
                        14,
                        45
                    ],
                    [
                        14,
                        46
                    ],
                    [
                        13,
                        47
                    ],
                    [
                        13,
                        51
                    ],
                    [
                        12,
                        52
                    ],
                    [
                        12,
                        60
                    ],
                    [
                        13,
                        61
                    ],
                    [
                        13,
                        68
                    ],
                    [
                        14,
                        69
                    ],
                    [
                        14,
                        71
                    ],
                    [
                        15,
                        72
                    ],
                    [
                        15,
                        74
                    ],
                    [
                        16,
                        75
                    ],
                    [
                        16,
                        76
                    ],
                    [
                        17,
                        77
                    ],
                    [
                        17,
                        79
                    ],
                    [
                        19,
                        81
                    ],
                    [
                        19,
                        82
                    ],
                    [
                        20,
                        83
                    ],
                    [
                        20,
                        84
                    ],
                    [
                        26,
                        90
                    ],
                    [
                        27,
                        90
                    ],
                    [
                        29,
                        92
                    ],
                    [
                        30,
                        92
                    ],
                    [
                        31,
                        93
                    ],
                    [
                        32,
                        93
                    ],
                    [
                        33,
                        94
                    ],
                    [
                        35,
                        94
                    ],
                    [
                        36,
                        95
                    ],
                    [
                        37,
                        95
                    ],
                    [
                        38,
                        96
                    ],
                    [
                        44,
                        96
                    ],
                    [
                        45,
                        95
                    ],
                    [
                        48,
                        95
                    ],
                    [
                        49,
                        94
                    ],
                    [
                        50,
                        94
                    ],
                    [
                        51,
                        93
                    ],
                    [
                        52,
                        93
                    ],
                    [
                        54,
                        91
                    ],
                    [
                        55,
                        91
                    ],
                    [
                        60,
                        86
                    ],
                    [
                        60,
                        85
                    ],
                    [
                        61,
                        84
                    ],
                    [
                        61,
                        83
                    ],
                    [
                        63,
                        81
                    ],
                    [
                        63,
                        80
                    ],
                    [
                        64,
                        79
                    ],
                    [
                        64,
                        77
                    ],
                    [
                        65,
                        76
                    ],
                    [
                        65,
                        59
                    ],
                    [
                        64,
                        58
                    ],
                    [
                        64,
                        54
                    ],
                    [
                        63,
                        53
                    ],
                    [
                        63,
                        50
                    ],
                    [
                        62,
                        49
                    ],
                    [
                        62,
                        47
                    ],
                    [
                        61,
                        46
                    ],
                    [
                        61,
                        45
                    ],
                    [
                        60,
                        44
                    ],
                    [
                        60,
                        43
                    ],
                    [
                        59,
                        42
                    ],
                    [
                        59,
                        41
                    ],
                    [
                        58,
                        40
                    ],
                    [
                        58,
                        39
                    ],
                    [
                        55,
                        36
                    ],
                    [
                        55,
                        35
                    ],
                    [
                        51,
                        31
                    ],
                    [
                        50,
                        31
                    ],
                    [
                        48,
                        29
                    ],
                    [
                        47,
                        29
                    ],
                    [
                        46,
                        28
                    ],
                    [
                        45,
                        28
                    ],
                    [
                        44,
                        27
                    ],
                    [
                        42,
                        27
                    ],
                    [
                        40,
                        25
                    ],
                    [
                        39,
                        25
                    ],
                    [
                        36,
                        22
                    ],
                    [
                        36,
                        21
                    ],
                    [
                        35,
                        20
                    ],
                    [
                        35,
                        19
                    ],
                    [
                        34,
                        18
                    ],
                    [
                        34,
                        17
                    ],
                    [
                        31,
                        14
                    ]
                ]
            ],
            "group_id": null,
            "shape_type": "polygon",
            "flags": {}
        }
    ],
    "imagePath": "0.9345_good_tile_27_9_0.png",
    "imageData": null,
    "imageHeight": 224,
    "imageWidth": 224
}