{
    "version": "4.5.9",
    "flags": {},
    "shapes": [
        {
            "label": "foreground",
            "points": [
                [
                    [
                        28,
                        13
                    ],
                    [
                        28,
                        14
                    ],
                    [
                        24,
                        18
                    ],
                    [
                        23,
                        18
                    ],
                    [
                        22,
                        19
                    ],
                    [
                        21,
                        19
                    ],
                    [
                        15,
                        25
                    ],
                    [
                        15,
                        26
                    ],
                    [
                        14,
                        27
                    ],
                    [
                        14,
                        29
                    ],
                    [
                        13,
                        30
                    ],
                    [
                        13,
                        42
                    ],
                    [
                        14,
                        43
                    ],
                    [
                        14,
                        45
                    ],
                    [
                        15,
                        46
                    ],
                    [
                        15,
                        47
                    ],
                    [
                        16,
                        47
                    ],
                    [
                        18,
                        49
                    ],
                    [
                        19,
                        49
                    ],
                    [
                        20,
                        50
                    ],
                    [
                        23,
                        50
                    ],
                    [
                        24,
                        49
                    ],
                    [
                        30,
                        49
                    ],
                    [
                        31,
                        50
                    ],
                    [
                        39,
                        50
                    ],
                    [
                        40,
                        49
                    ],
                    [
                        42,
                        49
                    ],
                    [
                        43,
                        48
                    ],
                    [
                        44,
                        48
                    ],
                    [
                        46,
                        46
                    ],
                    [
                        46,
                        39
                    ],
                    [
                        45,
                        38
                    ],
                    [
                        45,
                        36
                    ],
                    [
                        44,
                        35
                    ],
                    [
                        44,
                        31
                    ],
                    [
                        43,
                        30
                    ],
                    [
                        43,
                        24
                    ],
                    [
                        42,
                        23
                    ],
                    [
                        42,
                        21
                    ],
                    [
                        39,
                        18
                    ],
                    [
                        38,
                        18
                    ],
                    [
                        37,
                        17
                    ],
                    [
                        36,
                        17
                    ],
                    [
                        35,
                        16
                    ],
                    [
                        34,
                        16
                    ],
                    [
                        31,
                        13
                    ]
                ]
            ],
            "group_id": null,
            "shape_type": "polygon",
            "flags": {}
        }
    ],
    "imagePath": "0.9993_good_tile_17_31_3.png",
    "imageData": null,
    "imageHeight": 224,
    "imageWidth": 224
}