{
    "version": "4.5.9",
    "flags": {},
    "shapes": [
        {
            "label": "foreground",
            "points": [
                [
                    [
                        32,
                        24
                    ],
                    [
                        31,
                        25
                    ],
                    [
                        29,
                        25
                    ],
                    [
                        26,
                        28
                    ],
                    [
                        25,
                        28
                    ],
                    [
                        22,
                        31
                    ],
                    [
                        22,
                        33
                    ],
                    [
                        21,
                        34
                    ],
                    [
                        21,
                        37
                    ],
                    [
                        22,
                        38
                    ],
                    [
                        22,
                        40
                    ],
                    [
                        24,
                        42
                    ],
                    [
                        24,
                        43
                    ],
                    [
                        27,
                        46
                    ],
                    [
                        28,
                        46
                    ],
                    [
                        30,
                        48
                    ],
                    [
                        31,
                        48
                    ],
                    [
                        32,
                        49
                    ],
                    [
                        33,
                        49
                    ],
                    [
                        34,
                        50
                    ],
                    [
                        35,
                        50
                    ],
                    [
                        37,
                        52
                    ],
                    [
                        38,
                        52
                    ],
                    [
                        39,
                        53
                    ],
                    [
                        40,
                        53
                    ],
                    [
                        42,
                        55
                    ],
                    [
                        43,
                        55
                    ],
                    [
                        44,
                        56
                    ],
                    [
                        45,
                        56
                    ],
                    [
                        46,
                        57
                    ],
                    [
                        47,
                        57
                    ],
                    [
                        48,
                        58
                    ],
                    [
                        49,
                        58
                    ],
                    [
                        50,
                        59
                    ],
                    [
                        52,
                        59
                    ],
                    [
                        53,
                        60
                    ],
                    [
                        55,
                        60
                    ],
                    [
                        56,
                        59
                    ],
                    [
                        58,
                        59
                    ],
                    [
                        59,
                        60
                    ],
                    [
                        65,
                        60
                    ],
                    [
                        66,
                        61
                    ],
                    [
                        72,
                        61
                    ],
                    [
                        73,
                        60
                    ],
                    [
                        76,
                        60
                    ],
                    [
                        77,
                        59
                    ],
                    [
                        78,
                        59
                    ],
                    [
                        79,
                        58
                    ],
                    [
                        82,
                        58
                    ],
                    [
                        83,
                        57
                    ],
                    [
                        84,
                        57
                    ],
                    [
                        85,
                        56
                    ],
                    [
                        85,
                        55
                    ],
                    [
                        87,
                        53
                    ],
                    [
                        88,
                        53
                    ],
                    [
                        90,
                        51
                    ],
                    [
                        91,
                        51
                    ],
                    [
                        92,
                        50
                    ],
                    [
                        93,
                        50
                    ],
                    [
                        95,
                        48
                    ],
                    [
                        96,
                        48
                    ],
                    [
                        96,
                        44
                    ],
                    [
                        97,
                        43
                    ],
                    [
                        97,
                        42
                    ],
                    [
                        98,
                        41
                    ],
                    [
                        98,
                        36
                    ],
                    [
                        97,
                        35
                    ],
                    [
                        97,
                        34
                    ],
                    [
                        96,
                        34
                    ],
                    [
                        95,
                        33
                    ],
                    [
                        94,
                        33
                    ],
                    [
                        93,
                        32
                    ],
                    [
                        92,
                        32
                    ],
                    [
                        90,
                        30
                    ],
                    [
                        89,
                        30
                    ],
                    [
                        88,
                        29
                    ],
                    [
                        86,
                        29
                    ],
                    [
                        85,
                        28
                    ],
                    [
                        79,
                        28
                    ],
                    [
                        78,
                        27
                    ],
                    [
                        65,
                        27
                    ],
                    [
                        64,
                        26
                    ],
                    [
                        47,
                        26
                    ],
                    [
                        46,
                        27
                    ],
                    [
                        43,
                        27
                    ],
                    [
                        42,
                        28
                    ],
                    [
                        41,
                        28
                    ],
                    [
                        40,
                        29
                    ],
                    [
                        37,
                        29
                    ],
                    [
                        36,
                        28
                    ],
                    [
                        37,
                        27
                    ],
                    [
                        37,
                        26
                    ],
                    [
                        38,
                        25
                    ],
                    [
                        37,
                        24
                    ]
                ]
            ],
            "group_id": null,
            "shape_type": "polygon",
            "flags": {}
        }
    ],
    "imagePath": "0.9995_good_tile_27_9_2.png",
    "imageData": null,
    "imageHeight": 224,
    "imageWidth": 224
}