{
    "version": "4.5.9",
    "flags": {},
    "shapes": [
        {
            "label": "foreground",
            "points": [
                [
                    [
                        55,
                        17
                    ],
                    [
                        54,
                        18
                    ],
                    [
                        50,
                        18
                    ],
                    [
                        49,
                        19
                    ],
                    [
                        48,
                        19
                    ],
                    [
                        47,
                        20
                    ],
                    [
                        45,
                        20
                    ],
                    [
                        43,
                        22
                    ],
                    [
                        40,
                        22
                    ],
                    [
                        36,
                        26
                    ],
                    [
                        35,
                        26
                    ],
                    [
                        30,
                        31
                    ],
                    [
                        29,
                        31
                    ],
                    [
                        29,
                        32
                    ],
                    [
                        27,
                        34
                    ],
                    [
                        27,
                        35
                    ],
                    [
                        26,
                        36
                    ],
                    [
                        26,
                        37
                    ],
                    [
                        24,
                        39
                    ],
                    [
                        24,
                        40
                    ],
                    [
                        23,
                        41
                    ],
                    [
                        23,
                        43
                    ],
                    [
                        22,
                        44
                    ],
                    [
                        22,
                        45
                    ],
                    [
                        21,
                        46
                    ],
                    [
                        21,
                        49
                    ],
                    [
                        20,
                        50
                    ],
                    [
                        20,
                        52
                    ],
                    [
                        19,
                        53
                    ],
                    [
                        19,
                        54
                    ],
                    [
                        20,
                        55
                    ],
                    [
                        20,
                        63
                    ],
                    [
                        21,
                        64
                    ],
                    [
                        21,
                        68
                    ],
                    [
                        22,
                        69
                    ],
                    [
                        22,
                        71
                    ],
                    [
                        23,
                        72
                    ],
                    [
                        23,
                        73
                    ],
                    [
                        24,
                        74
                    ],
                    [
                        24,
                        75
                    ],
                    [
                        25,
                        76
                    ],
                    [
                        25,
                        77
                    ],
                    [
                        27,
                        79
                    ],
                    [
                        27,
                        80
                    ],
                    [
                        28,
                        81
                    ],
                    [
                        28,
                        82
                    ],
                    [
                        30,
                        84
                    ],
                    [
                        30,
                        85
                    ],
                    [
                        39,
                        94
                    ],
                    [
                        40,
                        94
                    ],
                    [
                        42,
                        96
                    ],
                    [
                        43,
                        96
                    ],
                    [
                        45,
                        98
                    ],
                    [
                        46,
                        98
                    ],
                    [
                        47,
                        99
                    ],
                    [
                        48,
                        99
                    ],
                    [
                        49,
                        100
                    ],
                    [
                        51,
                        100
                    ],
                    [
                        52,
                        101
                    ],
                    [
                        53,
                        101
                    ],
                    [
                        54,
                        102
                    ],
                    [
                        66,
                        102
                    ],
                    [
                        67,
                        101
                    ],
                    [
                        70,
                        101
                    ],
                    [
                        71,
                        100
                    ],
                    [
                        73,
                        100
                    ],
                    [
                        74,
                        99
                    ],
                    [
                        77,
                        99
                    ],
                    [
                        78,
                        98
                    ],
                    [
                        80,
                        98
                    ],
                    [
                        84,
                        94
                    ],
                    [
                        86,
                        94
                    ],
                    [
                        91,
                        89
                    ],
                    [
                        91,
                        87
                    ],
                    [
                        96,
                        82
                    ],
                    [
                        96,
                        80
                    ],
                    [
                        99,
                        77
                    ],
                    [
                        99,
                        76
                    ],
                    [
                        100,
                        75
                    ],
                    [
                        100,
                        74
                    ],
                    [
                        101,
                        73
                    ],
                    [
                        101,
                        71
                    ],
                    [
                        103,
                        69
                    ],
                    [
                        103,
                        67
                    ],
                    [
                        105,
                        65
                    ],
                    [
                        105,
                        61
                    ],
                    [
                        106,
                        60
                    ],
                    [
                        106,
                        59
                    ],
                    [
                        105,
                        58
                    ],
                    [
                        105,
                        56
                    ],
                    [
                        104,
                        55
                    ],
                    [
                        104,
                        53
                    ],
                    [
                        103,
                        52
                    ],
                    [
                        103,
                        49
                    ],
                    [
                        101,
                        47
                    ],
                    [
                        101,
                        46
                    ],
                    [
                        99,
                        44
                    ],
                    [
                        99,
                        43
                    ],
                    [
                        95,
                        39
                    ],
                    [
                        95,
                        38
                    ],
                    [
                        93,
                        36
                    ],
                    [
                        92,
                        36
                    ],
                    [
                        88,
                        32
                    ],
                    [
                        88,
                        31
                    ],
                    [
                        81,
                        24
                    ],
                    [
                        80,
                        24
                    ],
                    [
                        79,
                        23
                    ],
                    [
                        78,
                        23
                    ],
                    [
                        76,
                        21
                    ],
                    [
                        75,
                        21
                    ],
                    [
                        74,
                        20
                    ],
                    [
                        72,
                        20
                    ],
                    [
                        71,
                        19
                    ],
                    [
                        69,
                        19
                    ],
                    [
                        68,
                        18
                    ],
                    [
                        60,
                        18
                    ],
                    [
                        59,
                        17
                    ]
                ]
            ],
            "group_id": null,
            "shape_type": "polygon",
            "flags": {}
        }
    ],
    "imagePath": "0.9948_good_tile_29_41_1.png",
    "imageData": null,
    "imageHeight": 224,
    "imageWidth": 224
}