{
    "version": "4.5.9",
    "flags": {},
    "shapes": [
        {
            "label": "foreground",
            "points": [
                [
                    [
                        67,
                        24
                    ],
                    [
                        66,
                        25
                    ],
                    [
                        55,
                        25
                    ],
                    [
                        54,
                        26
                    ],
                    [
                        52,
                        26
                    ],
                    [
                        51,
                        25
                    ],
                    [
                        50,
                        26
                    ],
                    [
                        43,
                        26
                    ],
                    [
                        42,
                        27
                    ],
                    [
                        38,
                        27
                    ],
                    [
                        37,
                        28
                    ],
                    [
                        35,
                        28
                    ],
                    [
                        34,
                        29
                    ],
                    [
                        32,
                        29
                    ],
                    [
                        31,
                        30
                    ],
                    [
                        30,
                        30
                    ],
                    [
                        26,
                        34
                    ],
                    [
                        26,
                        35
                    ],
                    [
                        25,
                        36
                    ],
                    [
                        25,
                        37
                    ],
                    [
                        24,
                        38
                    ],
                    [
                        24,
                        40
                    ],
                    [
                        23,
                        41
                    ],
                    [
                        23,
                        42
                    ],
                    [
                        19,
                        46
                    ],
                    [
                        18,
                        46
                    ],
                    [
                        19,
                        47
                    ],
                    [
                        20,
                        47
                    ],
                    [
                        21,
                        48
                    ],
                    [
                        21,
                        49
                    ],
                    [
                        22,
                        50
                    ],
                    [
                        22,
                        51
                    ],
                    [
                        24,
                        53
                    ],
                    [
                        24,
                        54
                    ],
                    [
                        26,
                        56
                    ],
                    [
                        26,
                        57
                    ],
                    [
                        28,
                        59
                    ],
                    [
                        28,
                        60
                    ],
                    [
                        35,
                        67
                    ],
                    [
                        36,
                        67
                    ],
                    [
                        37,
                        68
                    ],
                    [
                        38,
                        68
                    ],
                    [
                        39,
                        69
                    ],
                    [
                        42,
                        69
                    ],
                    [
                        43,
                        70
                    ],
                    [
                        45,
                        70
                    ],
                    [
                        46,
                        69
                    ],
                    [
                        53,
                        69
                    ],
                    [
                        54,
                        68
                    ],
                    [
                        55,
                        68
                    ],
                    [
                        56,
                        67
                    ],
                    [
                        59,
                        67
                    ],
                    [
                        60,
                        66
                    ],
                    [
                        61,
                        66
                    ],
                    [
                        63,
                        64
                    ],
                    [
                        64,
                        64
                    ],
                    [
                        65,
                        63
                    ],
                    [
                        67,
                        63
                    ],
                    [
                        69,
                        61
                    ],
                    [
                        70,
                        61
                    ],
                    [
                        72,
                        59
                    ],
                    [
                        73,
                        59
                    ],
                    [
                        74,
                        58
                    ],
                    [
                        75,
                        58
                    ],
                    [
                        77,
                        56
                    ],
                    [
                        78,
                        56
                    ],
                    [
                        79,
                        55
                    ],
                    [
                        80,
                        55
                    ],
                    [
                        82,
                        53
                    ],
                    [
                        87,
                        53
                    ],
                    [
                        88,
                        52
                    ],
                    [
                        91,
                        52
                    ],
                    [
                        91,
                        50
                    ],
                    [
                        89,
                        48
                    ],
                    [
                        89,
                        47
                    ],
                    [
                        87,
                        45
                    ],
                    [
                        87,
                        44
                    ],
                    [
                        84,
                        41
                    ],
                    [
                        84,
                        40
                    ],
                    [
                        83,
                        39
                    ],
                    [
                        83,
                        38
                    ],
                    [
                        81,
                        36
                    ],
                    [
                        81,
                        35
                    ],
                    [
                        80,
                        34
                    ],
                    [
                        80,
                        33
                    ],
                    [
                        79,
                        32
                    ],
                    [
                        79,
                        31
                    ],
                    [
                        77,
                        29
                    ],
                    [
                        77,
                        28
                    ],
                    [
                        75,
                        26
                    ],
                    [
                        74,
                        26
                    ],
                    [
                        73,
                        25
                    ],
                    [
                        72,
                        25
                    ],
                    [
                        71,
                        24
                    ]
                ]
            ],
            "group_id": null,
            "shape_type": "polygon",
            "flags": {}
        }
    ],
    "imagePath": "0.9995_good_tile_17_31_1.png",
    "imageData": null,
    "imageHeight": 224,
    "imageWidth": 224
}