{
    "version": "4.5.9",
    "flags": {},
    "shapes": [
        {
            "label": "foreground",
            "points": [
                [
                    [
                        26,
                        10
                    ],
                    [
                        25,
                        11
                    ],
                    [
                        24,
                        11
                    ],
                    [
                        24,
                        12
                    ],
                    [
                        21,
                        15
                    ],
                    [
                        19,
                        15
                    ],
                    [
                        17,
                        17
                    ],
                    [
                        16,
                        17
                    ],
                    [
                        16,
                        18
                    ],
                    [
                        14,
                        20
                    ],
                    [
                        14,
                        21
                    ],
                    [
                        13,
                        22
                    ],
                    [
                        13,
                        26
                    ],
                    [
                        14,
                        27
                    ],
                    [
                        13,
                        28
                    ],
                    [
                        13,
                        47
                    ],
                    [
                        14,
                        48
                    ],
                    [
                        14,
                        50
                    ],
                    [
                        15,
                        51
                    ],
                    [
                        15,
                        52
                    ],
                    [
                        16,
                        53
                    ],
                    [
                        16,
                        54
                    ],
                    [
                        17,
                        55
                    ],
                    [
                        17,
                        56
                    ],
                    [
                        18,
                        57
                    ],
                    [
                        18,
                        59
                    ],
                    [
                        19,
                        60
                    ],
                    [
                        19,
                        61
                    ],
                    [
                        20,
                        62
                    ],
                    [
                        20,
                        63
                    ],
                    [
                        21,
                        64
                    ],
                    [
                        21,
                        66
                    ],
                    [
                        23,
                        68
                    ],
                    [
                        23,
                        69
                    ],
                    [
                        25,
                        71
                    ],
                    [
                        26,
                        71
                    ],
                    [
                        27,
                        72
                    ],
                    [
                        41,
                        72
                    ],
                    [
                        42,
                        71
                    ],
                    [
                        44,
                        71
                    ],
                    [
                        45,
                        70
                    ],
                    [
                        47,
                        70
                    ],
                    [
                        48,
                        69
                    ],
                    [
                        49,
                        69
                    ],
                    [
                        50,
                        68
                    ],
                    [
                        51,
                        68
                    ],
                    [
                        55,
                        64
                    ],
                    [
                        56,
                        64
                    ],
                    [
                        58,
                        62
                    ],
                    [
                        58,
                        61
                    ],
                    [
                        61,
                        58
                    ],
                    [
                        61,
                        57
                    ],
                    [
                        62,
                        56
                    ],
                    [
                        62,
                        55
                    ],
                    [
                        63,
                        54
                    ],
                    [
                        63,
                        53
                    ],
                    [
                        64,
                        52
                    ],
                    [
                        64,
                        50
                    ],
                    [
                        65,
                        49
                    ],
                    [
                        65,
                        47
                    ],
                    [
                        66,
                        46
                    ],
                    [
                        66,
                        44
                    ],
                    [
                        67,
                        43
                    ],
                    [
                        67,
                        41
                    ],
                    [
                        66,
                        40
                    ],
                    [
                        66,
                        34
                    ],
                    [
                        65,
                        33
                    ],
                    [
                        65,
                        30
                    ],
                    [
                        64,
                        29
                    ],
                    [
                        64,
                        28
                    ],
                    [
                        63,
                        27
                    ],
                    [
                        63,
                        26
                    ],
                    [
                        62,
                        25
                    ],
                    [
                        61,
                        25
                    ],
                    [
                        60,
                        24
                    ],
                    [
                        61,
                        23
                    ],
                    [
                        59,
                        23
                    ],
                    [
                        58,
                        22
                    ],
                    [
                        59,
                        21
                    ],
                    [
                        57,
                        21
                    ],
                    [
                        56,
                        20
                    ],
                    [
                        57,
                        19
                    ],
                    [
                        55,
                        19
                    ],
                    [
                        53,
                        17
                    ],
                    [
                        51,
                        17
                    ],
                    [
                        50,
                        16
                    ],
                    [
                        48,
                        16
                    ],
                    [
                        47,
                        15
                    ],
                    [
                        46,
                        15
                    ],
                    [
                        45,
                        14
                    ],
                    [
                        44,
                        14
                    ],
                    [
                        43,
                        13
                    ],
                    [
                        41,
                        13
                    ],
                    [
                        40,
                        12
                    ],
                    [
                        39,
                        12
                    ],
                    [
                        38,
                        11
                    ],
                    [
                        35,
                        11
                    ],
                    [
                        34,
                        10
                    ],
                    [
                        32,
                        10
                    ],
                    [
                        31,
                        11
                    ],
                    [
                        30,
                        10
                    ],
                    [
                        29,
                        11
                    ],
                    [
                        28,
                        10
                    ],
                    [
                        27,
                        11
                    ]
                ]
            ],
            "group_id": null,
            "shape_type": "polygon",
            "flags": {}
        }
    ],
    "imagePath": "0.9981_good_tile_29_41_0.png",
    "imageData": null,
    "imageHeight": 224,
    "imageWidth": 224
}