{
    "version": "4.5.9",
    "flags": {},
    "shapes": [
        {
            "label": "foreground",
            "points": [
                [
                    [
                        43,
                        16
                    ],
                    [
                        42,
                        17
                    ],
                    [
                        41,
                        17
                    ],
                    [
                        40,
                        18
                    ],
                    [
                        39,
                        18
                    ],
                    [
                        38,
                        19
                    ],
                    [
                        37,
                        19
                    ],
                    [
                        32,
                        24
                    ],
                    [
                        32,
                        25
                    ],
                    [
                        31,
                        26
                    ],
                    [
                        31,
                        30
                    ],
                    [
                        30,
                        31
                    ],
                    [
                        30,
                        37
                    ],
                    [
                        29,
                        38
                    ],
                    [
                        29,
                        46
                    ],
                    [
                        28,
                        47
                    ],
                    [
                        28,
                        49
                    ],
                    [
                        27,
                        50
                    ],
                    [
                        27,
                        52
                    ],
                    [
                        26,
                        53
                    ],
                    [
                        26,
                        54
                    ],
                    [
                        25,
                        55
                    ],
                    [
                        25,
                        56
                    ],
                    [
                        23,
                        58
                    ],
                    [
                        23,
                        60
                    ],
                    [
                        22,
                        61
                    ],
                    [
                        22,
                        63
                    ],
                    [
                        20,
                        65
                    ],
                    [
                        20,
                        66
                    ],
                    [
                        19,
                        67
                    ],
                    [
                        19,
                        68
                    ],
                    [
                        18,
                        69
                    ],
                    [
                        18,
                        70
                    ],
                    [
                        17,
                        71
                    ],
                    [
                        17,
                        73
                    ],
                    [
                        16,
                        74
                    ],
                    [
                        16,
                        76
                    ],
                    [
                        15,
                        77
                    ],
                    [
                        15,
                        80
                    ],
                    [
                        16,
                        81
                    ],
                    [
                        16,
                        92
                    ],
                    [
                        17,
                        93
                    ],
                    [
                        17,
                        102
                    ],
                    [
                        18,
                        103
                    ],
                    [
                        18,
                        104
                    ],
                    [
                        19,
                        105
                    ],
                    [
                        19,
                        106
                    ],
                    [
                        20,
                        107
                    ],
                    [
                        20,
                        108
                    ],
                    [
                        22,
                        110
                    ],
                    [
                        22,
                        111
                    ],
                    [
                        23,
                        112
                    ],
                    [
                        24,
                        112
                    ],
                    [
                        27,
                        115
                    ],
                    [
                        28,
                        115
                    ],
                    [
                        32,
                        119
                    ],
                    [
                        33,
                        119
                    ],
                    [
                        34,
                        120
                    ],
                    [
                        39,
                        120
                    ],
                    [
                        40,
                        119
                    ],
                    [
                        43,
                        119
                    ],
                    [
                        44,
                        118
                    ],
                    [
                        46,
                        118
                    ],
                    [
                        47,
                        117
                    ],
                    [
                        48,
                        117
                    ],
                    [
                        50,
                        115
                    ],
                    [
                        52,
                        115
                    ],
                    [
                        53,
                        114
                    ],
                    [
                        56,
                        114
                    ],
                    [
                        57,
                        113
                    ],
                    [
                        58,
                        113
                    ],
                    [
                        59,
                        112
                    ],
                    [
                        65,
                        112
                    ],
                    [
                        66,
                        113
                    ],
                    [
                        73,
                        113
                    ],
                    [
                        74,
                        114
                    ],
                    [
                        75,
                        114
                    ],
                    [
                        76,
                        115
                    ],
                    [
                        84,
                        115
                    ],
                    [
                        90,
                        109
                    ],
                    [
                        90,
                        106
                    ],
                    [
                        92,
                        104
                    ],
                    [
                        92,
                        91
                    ],
                    [
                        93,
                        90
                    ],
                    [
                        93,
                        67
                    ],
                    [
                        92,
                        66
                    ],
                    [
                        92,
                        64
                    ],
                    [
                        91,
                        63
                    ],
                    [
                        91,
                        61
                    ],
                    [
                        90,
                        60
                    ],
                    [
                        90,
                        58
                    ],
                    [
                        89,
                        57
                    ],
                    [
                        89,
                        56
                    ],
                    [
                        87,
                        54
                    ],
                    [
                        87,
                        53
                    ],
                    [
                        86,
                        52
                    ],
                    [
                        86,
                        51
                    ],
                    [
                        81,
                        46
                    ],
                    [
                        81,
                        45
                    ],
                    [
                        76,
                        40
                    ],
                    [
                        76,
                        39
                    ],
                    [
                        75,
                        38
                    ],
                    [
                        74,
                        38
                    ],
                    [
                        70,
                        34
                    ],
                    [
                        70,
                        33
                    ],
                    [
                        69,
                        32
                    ],
                    [
                        69,
                        31
                    ],
                    [
                        68,
                        30
                    ],
                    [
                        65,
                        30
                    ],
                    [
                        58,
                        23
                    ],
                    [
                        58,
                        22
                    ],
                    [
                        54,
                        18
                    ],
                    [
                        53,
                        18
                    ],
                    [
                        52,
                        17
                    ],
                    [
                        49,
                        17
                    ],
                    [
                        48,
                        16
                    ]
                ]
            ],
            "group_id": null,
            "shape_type": "polygon",
            "flags": {}
        }
    ],
    "imagePath": "0.9996_good_tile_17_31_0.png",
    "imageData": null,
    "imageHeight": 224,
    "imageWidth": 224
}