{
    "version": "4.5.9",
    "flags": {},
    "shapes": [
        {
            "label": "foreground",
            "points": [
                [
                    [
                        31,
                        15
                    ],
                    [
                        30,
                        16
                    ],
                    [
                        26,
                        16
                    ],
                    [
                        25,
                        17
                    ],
                    [
                        24,
                        17
                    ],
                    [
                        22,
                        19
                    ],
                    [
                        21,
                        19
                    ],
                    [
                        20,
                        20
                    ],
                    [
                        19,
                        20
                    ],
                    [
                        17,
                        22
                    ],
                    [
                        16,
                        22
                    ],
                    [
                        13,
                        25
                    ],
                    [
                        13,
                        27
                    ],
                    [
                        12,
                        28
                    ],
                    [
                        12,
                        30
                    ],
                    [
                        13,
                        31
                    ],
                    [
                        13,
                        32
                    ],
                    [
                        15,
                        34
                    ],
                    [
                        15,
                        35
                    ],
                    [
                        16,
                        35
                    ],
                    [
                        18,
                        37
                    ],
                    [
                        19,
                        37
                    ],
                    [
                        21,
                        39
                    ],
                    [
                        22,
                        39
                    ],
                    [
                        23,
                        40
                    ],
                    [
                        24,
                        40
                    ],
                    [
                        26,
                        42
                    ],
                    [
                        27,
                        42
                    ],
                    [
                        28,
                        43
                    ],
                    [
                        29,
                        43
                    ],
                    [
                        30,
                        44
                    ],
                    [
                        32,
                        44
                    ],
                    [
                        33,
                        45
                    ],
                    [
                        35,
                        45
                    ],
                    [
                        36,
                        44
                    ],
                    [
                        40,
                        44
                    ],
                    [
                        41,
                        43
                    ],
                    [
                        43,
                        43
                    ],
                    [
                        47,
                        39
                    ],
                    [
                        47,
                        38
                    ],
                    [
                        48,
                        37
                    ],
                    [
                        48,
                        36
                    ],
                    [
                        49,
                        35
                    ],
                    [
                        49,
                        34
                    ],
                    [
                        50,
                        33
                    ],
                    [
                        50,
                        28
                    ],
                    [
                        49,
                        27
                    ],
                    [
                        49,
                        24
                    ],
                    [
                        48,
                        23
                    ],
                    [
                        48,
                        22
                    ],
                    [
                        45,
                        19
                    ],
                    [
                        44,
                        19
                    ],
                    [
                        43,
                        18
                    ],
                    [
                        42,
                        18
                    ],
                    [
                        41,
                        17
                    ],
                    [
                        40,
                        17
                    ],
                    [
                        39,
                        16
                    ],
                    [
                        35,
                        16
                    ],
                    [
                        34,
                        15
                    ]
                ]
            ],
            "group_id": null,
            "shape_type": "polygon",
            "flags": {}
        }
    ],
    "imagePath": "0.9988_good_tile_17_31_2.png",
    "imageData": null,
    "imageHeight": 224,
    "imageWidth": 224
}