{
    "image_height": 1024,
    "images_width": 1024,
    "images_path": "tile_20_51.png",
    "bboxes": [
        {
            "attributions": {
                "group": 0
            },
            "id": 0,
            "label": "Single_cell",
            "x_max": 0.412109375,
            "x_min": 0.236328125,
            "y_max": 0.87890625,
            "y_min": 0.7255859375,
            "prob": "0.883"
        },
        {
            "attributions": {
                "group": 0
            },
            "id": 1,
            "label": "Single_cell",
            "x_max": 0.29296875,
            "x_min": 0.1484375,
            "y_max": 0.9248046875,
            "y_min": 0.7998046875,
            "prob": "0.868"
        },
        {
            "attributions": {
                "group": 0
            },
            "id": 2,
            "label": "Single_cell",
            "x_max": 0.6591796875,
            "x_min": 0.3017578125,
            "y_max": 0.4033203125,
            "y_min": 0.04296875,
            "prob": "0.848"
        },
        {
            "attributions": {
                "group": 0
            },
            "id": 3,
            "label": "Single_cell",
            "x_max": 0.859375,
            "x_min": 0.7705078125,
            "y_max": 0.32421875,
            "y_min": 0.205078125,
            "prob": "0.749"
        },
        {
            "attributions": {
                "group": 0
            },
            "id": 4,
            "label": "Single_cell",
            "x_max": 0.7880859375,
            "x_min": 0.705078125,
            "y_max": 0.333984375,
            "y_min": 0.25,
            "prob": "0.735"
        },
        {
            "attributions": {
                "group": 0
            },
            "id": 5,
            "label": "Single_cell",
            "x_max": 0.2177734375,
            "x_min": 0.1494140625,
            "y_max": 0.55859375,
            "y_min": 0.498046875,
            "prob": "0.727"
        },
        {
            "attributions": {
                "group": 0
            },
            "id": 6,
            "label": "Single_cell",
            "x_max": 0.9267578125,
            "x_min": 0.849609375,
            "y_max": 0.5693359375,
            "y_min": 0.498046875,
            "prob": "0.723"
        },
        {
            "attributions": {
                "group": 0
            },
            "id": 7,
            "label": "Single_cell",
            "x_max": 0.123046875,
            "x_min": 0.009765625,
            "y_max": 0.4833984375,
            "y_min": 0.4052734375,
            "prob": "0.721"
        },
        {
            "attributions": {
                "group": 0
            },
            "id": 8,
            "label": "Single_cell",
            "x_max": 0.197265625,
            "x_min": 0.171875,
            "y_max": 0.9951171875,
            "y_min": 0.9716796875,
            "prob": "0.707"
        },
        {
            "attributions": {
                "group": 0
            },
            "id": 9,
            "label": "Single_cell",
            "x_max": 0.6962890625,
            "x_min": 0.64453125,
            "y_max": 0.853515625,
            "y_min": 0.7958984375,
            "prob": "0.702"
        },
        {
            "attributions": {
                "group": 0
            },
            "id": 10,
            "label": "Single_cell",
            "x_max": 0.373046875,
            "x_min": 0.2890625,
            "y_max": 0.7265625,
            "y_min": 0.6298828125,
            "prob": "0.697"
        },
        {
            "attributions": {
                "group": 0
            },
            "id": 11,
            "label": "Single_cell",
            "x_max": 0.6484375,
            "x_min": 0.5791015625,
            "y_max": 0.525390625,
            "y_min": 0.4658203125,
            "prob": "0.692"
        },
        {
            "attributions": {
                "group": 0
            },
            "id": 12,
            "label": "Single_cell",
            "x_max": 0.71484375,
            "x_min": 0.623046875,
            "y_max": 0.6318359375,
            "y_min": 0.52734375,
            "prob": "0.670"
        },
        {
            "attributions": {
                "group": 0
            },
            "id": 13,
            "label": "Single_cell",
            "x_max": 0.8681640625,
            "x_min": 0.794921875,
            "y_max": 0.69921875,
            "y_min": 0.6240234375,
            "prob": "0.666"
        },
        {
            "attributions": {
                "group": 0
            },
            "id": 14,
            "label": "Single_cell",
            "x_max": 0.646484375,
            "x_min": 0.59765625,
            "y_max": 0.263671875,
            "y_min": 0.2177734375,
            "prob": "0.660"
        },
        {
            "attributions": {
                "group": 0
            },
            "id": 15,
            "label": "Single_cell",
            "x_max": 0.0673828125,
            "x_min": 0.033203125,
            "y_max": 0.6923828125,
            "y_min": 0.65234375,
            "prob": "0.655"
        },
        {
            "attributions": {
                "group": 0
            },
            "id": 16,
            "label": "Single_cell",
            "x_max": 0.580078125,
            "x_min": 0.5048828125,
            "y_max": 0.998046875,
            "y_min": 0.921875,
            "prob": "0.649"
        },
        {
            "attributions": {
                "group": 0
            },
            "id": 17,
            "label": "Single_cell",
            "x_max": 0.3603515625,
            "x_min": 0.3076171875,
            "y_max": 0.3310546875,
            "y_min": 0.283203125,
            "prob": "0.627"
        },
        {
            "attributions": {
                "group": 0
            },
            "id": 18,
            "label": "Single_cell",
            "x_max": 0.466796875,
            "x_min": 0.400390625,
            "y_max": 0.7001953125,
            "y_min": 0.6025390625,
            "prob": "0.603"
        },
        {
            "attributions": {
                "group": 0
            },
            "id": 19,
            "label": "Single_cell",
            "x_max": 0.05078125,
            "x_min": 0.0,
            "y_max": 0.1298828125,
            "y_min": 0.0478515625,
            "prob": "0.586"
        },
        {
            "attributions": {
                "group": 0
            },
            "id": 20,
            "label": "Single_cell",
            "x_max": 0.037109375,
            "x_min": 0.0,
            "y_max": 0.2900390625,
            "y_min": 0.244140625,
            "prob": "0.552"
        },
        {
            "attributions": {
                "group": 0
            },
            "id": 21,
            "label": "Single_cell",
            "x_max": 0.4111328125,
            "x_min": 0.3447265625,
            "y_max": 0.029296875,
            "y_min": 0.0,
            "prob": "0.550"
        },
        {
            "attributions": {
                "group": 0
            },
            "id": 22,
            "label": "Single_cell",
            "x_max": 0.6318359375,
            "x_min": 0.5703125,
            "y_max": 0.2939453125,
            "y_min": 0.248046875,
            "prob": "0.487"
        },
        {
            "attributions": {
                "group": 0
            },
            "id": 23,
            "label": "Single_cell",
            "x_max": 0.044921875,
            "x_min": 0.0,
            "y_max": 0.9541015625,
            "y_min": 0.8857421875,
            "prob": "0.395"
        },
        {
            "attributions": {
                "group": 0
            },
            "id": 24,
            "label": "Single_cell",
            "x_max": 0.353515625,
            "x_min": 0.2978515625,
            "y_max": 0.369140625,
            "y_min": 0.3154296875,
            "prob": "0.361"
        },
        {
            "attributions": {
                "group": 0
            },
            "id": 25,
            "label": "Single_cell",
            "x_max": 1.0,
            "x_min": 0.94921875,
            "y_max": 0.998046875,
            "y_min": 0.8447265625,
            "prob": "0.340"
        },
        {
            "attributions": {
                "group": 0
            },
            "id": 26,
            "label": "Single_cell",
            "x_max": 0.044921875,
            "x_min": 0.0,
            "y_max": 0.83984375,
            "y_min": 0.7763671875,
            "prob": "0.335"
        }
    ]
}