{
    "image_height": 1024,
    "images_width": 1024,
    "images_path": "tile_57_25.png",
    "bboxes": [
        {
            "attributions": {
                "group": 0
            },
            "id": 0,
            "label": "Single_cell",
            "x_max": 0.5283203125,
            "x_min": 0.4306640625,
            "y_max": 0.7119140625,
            "y_min": 0.59375,
            "prob": "0.816"
        },
        {
            "attributions": {
                "group": 0
            },
            "id": 1,
            "label": "Single_cell",
            "x_max": 0.4873046875,
            "x_min": 0.14453125,
            "y_max": 0.900390625,
            "y_min": 0.5751953125,
            "prob": "0.803"
        },
        {
            "attributions": {
                "group": 0
            },
            "id": 2,
            "label": "Single_cell",
            "x_max": 0.826171875,
            "x_min": 0.650390625,
            "y_max": 0.8876953125,
            "y_min": 0.6806640625,
            "prob": "0.792"
        },
        {
            "attributions": {
                "group": 0
            },
            "id": 3,
            "label": "Single_cell",
            "x_max": 0.595703125,
            "x_min": 0.458984375,
            "y_max": 0.796875,
            "y_min": 0.65234375,
            "prob": "0.788"
        },
        {
            "attributions": {
                "group": 0
            },
            "id": 4,
            "label": "Single_cell",
            "x_max": 0.431640625,
            "x_min": 0.2333984375,
            "y_max": 0.373046875,
            "y_min": 0.1025390625,
            "prob": "0.775"
        },
        {
            "attributions": {
                "group": 0
            },
            "id": 5,
            "label": "Single_cell",
            "x_max": 0.59375,
            "x_min": 0.3671875,
            "y_max": 0.3681640625,
            "y_min": 0.03515625,
            "prob": "0.743"
        },
        {
            "attributions": {
                "group": 0
            },
            "id": 6,
            "label": "Single_cell",
            "x_max": 0.8818359375,
            "x_min": 0.7978515625,
            "y_max": 0.779296875,
            "y_min": 0.6669921875,
            "prob": "0.737"
        },
        {
            "attributions": {
                "group": 0
            },
            "id": 7,
            "label": "Single_cell",
            "x_max": 0.1728515625,
            "x_min": 0.1064453125,
            "y_max": 0.7060546875,
            "y_min": 0.642578125,
            "prob": "0.730"
        },
        {
            "attributions": {
                "group": 0
            },
            "id": 8,
            "label": "Single_cell",
            "x_max": 0.9482421875,
            "x_min": 0.900390625,
            "y_max": 0.99609375,
            "y_min": 0.943359375,
            "prob": "0.724"
        },
        {
            "attributions": {
                "group": 0
            },
            "id": 9,
            "label": "Single_cell",
            "x_max": 0.8017578125,
            "x_min": 0.751953125,
            "y_max": 0.677734375,
            "y_min": 0.625,
            "prob": "0.720"
        },
        {
            "attributions": {
                "group": 0
            },
            "id": 10,
            "label": "Single_cell",
            "x_max": 0.87109375,
            "x_min": 0.7958984375,
            "y_max": 0.9990234375,
            "y_min": 0.9384765625,
            "prob": "0.697"
        },
        {
            "attributions": {
                "group": 0
            },
            "id": 11,
            "label": "Single_cell",
            "x_max": 0.611328125,
            "x_min": 0.5458984375,
            "y_max": 0.8642578125,
            "y_min": 0.802734375,
            "prob": "0.679"
        },
        {
            "attributions": {
                "group": 0
            },
            "id": 12,
            "label": "Single_cell",
            "x_max": 0.2861328125,
            "x_min": 0.2265625,
            "y_max": 0.0869140625,
            "y_min": 0.03515625,
            "prob": "0.668"
        },
        {
            "attributions": {
                "group": 0
            },
            "id": 13,
            "label": "Single_cell",
            "x_max": 0.8896484375,
            "x_min": 0.80078125,
            "y_max": 0.1640625,
            "y_min": 0.0830078125,
            "prob": "0.650"
        },
        {
            "attributions": {
                "group": 0
            },
            "id": 14,
            "label": "Single_cell",
            "x_max": 0.4501953125,
            "x_min": 0.3759765625,
            "y_max": 0.6298828125,
            "y_min": 0.5830078125,
            "prob": "0.641"
        },
        {
            "attributions": {
                "group": 0
            },
            "id": 15,
            "label": "Single_cell",
            "x_max": 0.0517578125,
            "x_min": 0.0068359375,
            "y_max": 0.7255859375,
            "y_min": 0.6728515625,
            "prob": "0.639"
        },
        {
            "attributions": {
                "group": 0
            },
            "id": 16,
            "label": "Single_cell",
            "x_max": 0.9990234375,
            "x_min": 0.8134765625,
            "y_max": 0.8896484375,
            "y_min": 0.658203125,
            "prob": "0.612"
        },
        {
            "attributions": {
                "group": 0
            },
            "id": 17,
            "label": "Single_cell",
            "x_max": 1.0009765625,
            "x_min": 0.7236328125,
            "y_max": 0.689453125,
            "y_min": 0.4228515625,
            "prob": "0.604"
        },
        {
            "attributions": {
                "group": 0
            },
            "id": 18,
            "label": "Single_cell",
            "x_max": 0.810546875,
            "x_min": 0.783203125,
            "y_max": 0.20703125,
            "y_min": 0.1806640625,
            "prob": "0.597"
        },
        {
            "attributions": {
                "group": 0
            },
            "id": 19,
            "label": "Single_cell",
            "x_max": 0.90625,
            "x_min": 0.845703125,
            "y_max": 0.56640625,
            "y_min": 0.51171875,
            "prob": "0.573"
        },
        {
            "attributions": {
                "group": 0
            },
            "id": 20,
            "label": "Single_cell",
            "x_max": 0.6904296875,
            "x_min": 0.603515625,
            "y_max": 0.8310546875,
            "y_min": 0.765625,
            "prob": "0.534"
        },
        {
            "attributions": {
                "group": 0
            },
            "id": 21,
            "label": "Single_cell",
            "x_max": 0.4775390625,
            "x_min": 0.4375,
            "y_max": 0.8642578125,
            "y_min": 0.8173828125,
            "prob": "0.531"
        },
        {
            "attributions": {
                "group": 0
            },
            "id": 22,
            "label": "Single_cell",
            "x_max": 0.07421875,
            "x_min": 0.0263671875,
            "y_max": 0.2607421875,
            "y_min": 0.2119140625,
            "prob": "0.530"
        },
        {
            "attributions": {
                "group": 0
            },
            "id": 23,
            "label": "Single_cell",
            "x_max": 0.0927734375,
            "x_min": 0.0400390625,
            "y_max": 0.0439453125,
            "y_min": 0.0,
            "prob": "0.529"
        },
        {
            "attributions": {
                "group": 0
            },
            "id": 24,
            "label": "Single_cell",
            "x_max": 0.505859375,
            "x_min": 0.3701171875,
            "y_max": 0.0703125,
            "y_min": -0.0009765625,
            "prob": "0.487"
        },
        {
            "attributions": {
                "group": 0
            },
            "id": 25,
            "label": "Single_cell",
            "x_max": 0.814453125,
            "x_min": 0.6513671875,
            "y_max": 0.89453125,
            "y_min": 0.8134765625,
            "prob": "0.472"
        },
        {
            "attributions": {
                "group": 0
            },
            "id": 26,
            "label": "Single_cell",
            "x_max": 0.9990234375,
            "x_min": 0.9384765625,
            "y_max": 0.7333984375,
            "y_min": 0.662109375,
            "prob": "0.350"
        },
        {
            "attributions": {
                "group": 0
            },
            "id": 27,
            "label": "Single_cell",
            "x_max": 0.9990234375,
            "x_min": 0.923828125,
            "y_max": 0.998046875,
            "y_min": 0.8369140625,
            "prob": "0.313"
        }
    ]
}