{
    "image_height": 1024,
    "images_width": 1024,
    "images_path": "tile_20_41.png",
    "bboxes": [
        {
            "attributions": {
                "group": 0
            },
            "id": 0,
            "label": "Single_cell",
            "x_max": 0.9189453125,
            "x_min": 0.6103515625,
            "y_max": 0.998046875,
            "y_min": 0.783203125,
            "prob": "0.857"
        },
        {
            "attributions": {
                "group": 0
            },
            "id": 1,
            "label": "Single_cell",
            "x_max": 0.2666015625,
            "x_min": 0.158203125,
            "y_max": 0.220703125,
            "y_min": 0.130859375,
            "prob": "0.795"
        },
        {
            "attributions": {
                "group": 0
            },
            "id": 2,
            "label": "Single_cell",
            "x_max": 0.2900390625,
            "x_min": 0.0703125,
            "y_max": 0.7734375,
            "y_min": 0.51171875,
            "prob": "0.786"
        },
        {
            "attributions": {
                "group": 0
            },
            "id": 3,
            "label": "Single_cell",
            "x_max": 0.3486328125,
            "x_min": 0.2841796875,
            "y_max": 0.912109375,
            "y_min": 0.822265625,
            "prob": "0.744"
        },
        {
            "attributions": {
                "group": 0
            },
            "id": 4,
            "label": "Single_cell",
            "x_max": 0.333984375,
            "x_min": 0.2822265625,
            "y_max": 0.2490234375,
            "y_min": 0.1943359375,
            "prob": "0.736"
        },
        {
            "attributions": {
                "group": 0
            },
            "id": 5,
            "label": "Single_cell",
            "x_max": 0.5703125,
            "x_min": 0.4921875,
            "y_max": 0.171875,
            "y_min": 0.1083984375,
            "prob": "0.732"
        },
        {
            "attributions": {
                "group": 0
            },
            "id": 6,
            "label": "Single_cell",
            "x_max": 0.7666015625,
            "x_min": 0.5234375,
            "y_max": 0.4130859375,
            "y_min": 0.1611328125,
            "prob": "0.727"
        },
        {
            "attributions": {
                "group": 0
            },
            "id": 7,
            "label": "Single_cell",
            "x_max": 0.333984375,
            "x_min": 0.2666015625,
            "y_max": 0.1611328125,
            "y_min": 0.1103515625,
            "prob": "0.712"
        },
        {
            "attributions": {
                "group": 0
            },
            "id": 8,
            "label": "Single_cell",
            "x_max": 0.515625,
            "x_min": 0.453125,
            "y_max": 0.9677734375,
            "y_min": 0.9111328125,
            "prob": "0.711"
        },
        {
            "attributions": {
                "group": 0
            },
            "id": 9,
            "label": "Single_cell",
            "x_max": 0.9140625,
            "x_min": 0.8486328125,
            "y_max": 0.83203125,
            "y_min": 0.7685546875,
            "prob": "0.711"
        },
        {
            "attributions": {
                "group": 0
            },
            "id": 10,
            "label": "Single_cell",
            "x_max": 0.650390625,
            "x_min": 0.5,
            "y_max": 0.8076171875,
            "y_min": 0.689453125,
            "prob": "0.697"
        },
        {
            "attributions": {
                "group": 0
            },
            "id": 11,
            "label": "Single_cell",
            "x_max": 0.5361328125,
            "x_min": 0.4765625,
            "y_max": 0.03515625,
            "y_min": 0.0,
            "prob": "0.695"
        },
        {
            "attributions": {
                "group": 0
            },
            "id": 12,
            "label": "Single_cell",
            "x_max": 0.6435546875,
            "x_min": 0.576171875,
            "y_max": 0.5859375,
            "y_min": 0.5146484375,
            "prob": "0.665"
        },
        {
            "attributions": {
                "group": 0
            },
            "id": 13,
            "label": "Single_cell",
            "x_max": 0.646484375,
            "x_min": 0.5634765625,
            "y_max": 0.8564453125,
            "y_min": 0.7890625,
            "prob": "0.662"
        },
        {
            "attributions": {
                "group": 0
            },
            "id": 14,
            "label": "Single_cell",
            "x_max": 0.9619140625,
            "x_min": 0.865234375,
            "y_max": 0.689453125,
            "y_min": 0.5810546875,
            "prob": "0.609"
        },
        {
            "attributions": {
                "group": 0
            },
            "id": 15,
            "label": "Single_cell",
            "x_max": 0.9345703125,
            "x_min": 0.8798828125,
            "y_max": 0.13671875,
            "y_min": 0.0712890625,
            "prob": "0.526"
        },
        {
            "attributions": {
                "group": 0
            },
            "id": 16,
            "label": "Single_cell",
            "x_max": 0.62109375,
            "x_min": 0.5458984375,
            "y_max": 0.0595703125,
            "y_min": 0.0,
            "prob": "0.489"
        }
    ]
}