{
    "version": "0.3.3",
    "flags": {},
    "shapes": [
        {
            "label": "1",
            "points": [
                [
                    63,
                    29
                ],
                [
                    62,
                    30
                ],
                [
                    61,
                    30
                ],
                [
                    60,
                    31
                ],
                [
                    59,
                    31
                ],
                [
                    56,
                    34
                ],
                [
                    55,
                    34
                ],
                [
                    54,
                    35
                ],
                [
                    54,
                    36
                ],
                [
                    53,
                    37
                ],
                [
                    53,
                    38
                ],
                [
                    52,
                    39
                ],
                [
                    52,
                    41
                ],
                [
                    50,
                    43
                ],
                [
                    50,
                    44
                ],
                [
                    49,
                    45
                ],
                [
                    49,
                    46
                ],
                [
                    48,
                    47
                ],
                [
                    48,
                    49
                ],
                [
                    47,
                    50
                ],
                [
                    47,
                    51
                ],
                [
                    45,
                    53
                ],
                [
                    45,
                    54
                ],
                [
                    44,
                    55
                ],
                [
                    44,
                    56
                ],
                [
                    43,
                    57
                ],
                [
                    43,
                    58
                ],
                [
                    42,
                    59
                ],
                [
                    42,
                    60
                ],
                [
                    41,
                    61
                ],
                [
                    41,
                    63
                ],
                [
                    40,
                    64
                ],
                [
                    40,
                    66
                ],
                [
                    39,
                    67
                ],
                [
                    39,
                    69
                ],
                [
                    38,
                    70
                ],
                [
                    38,
                    72
                ],
                [
                    37,
                    73
                ],
                [
                    37,
                    77
                ],
                [
                    36,
                    78
                ],
                [
                    36,
                    81
                ],
                [
                    35,
                    82
                ],
                [
                    35,
                    86
                ],
                [
                    34,
                    87
                ],
                [
                    34,
                    90
                ],
                [
                    33,
                    91
                ],
                [
                    33,
                    94
                ],
                [
                    32,
                    95
                ],
                [
                    32,
                    98
                ],
                [
                    31,
                    99
                ],
                [
                    31,
                    107
                ],
                [
                    30,
                    108
                ],
                [
                    30,
                    109
                ],
                [
                    29,
                    110
                ],
                [
                    29,
                    114
                ],
                [
                    28,
                    115
                ],
                [
                    28,
                    117
                ],
                [
                    27,
                    118
                ],
                [
                    27,
                    124
                ],
                [
                    29,
                    124
                ],
                [
                    33,
                    120
                ],
                [
                    33,
                    119
                ],
                [
                    35,
                    117
                ],
                [
                    35,
                    116
                ],
                [
                    41,
                    110
                ],
                [
                    44,
                    110
                ],
                [
                    45,
                    109
                ],
                [
                    48,
                    109
                ],
                [
                    49,
                    108
                ],
                [
                    52,
                    108
                ],
                [
                    53,
                    107
                ],
                [
                    58,
                    107
                ],
                [
                    59,
                    106
                ],
                [
                    60,
                    107
                ],
                [
                    66,
                    107
                ],
                [
                    67,
                    106
                ],
                [
                    72,
                    106
                ],
                [
                    73,
                    105
                ],
                [
                    74,
                    105
                ],
                [
                    75,
                    104
                ],
                [
                    76,
                    104
                ],
                [
                    77,
                    103
                ],
                [
                    78,
                    103
                ],
                [
                    79,
                    102
                ],
                [
                    80,
                    102
                ],
                [
                    81,
                    101
                ],
                [
                    82,
                    101
                ],
                [
                    83,
                    100
                ],
                [
                    84,
                    100
                ],
                [
                    86,
                    98
                ],
                [
                    87,
                    98
                ],
                [
                    93,
                    92
                ],
                [
                    93,
                    91
                ],
                [
                    94,
                    90
                ],
                [
                    94,
                    89
                ],
                [
                    95,
                    88
                ],
                [
                    95,
                    87
                ],
                [
                    96,
                    86
                ],
                [
                    96,
                    84
                ],
                [
                    97,
                    83
                ],
                [
                    97,
                    81
                ],
                [
                    98,
                    80
                ],
                [
                    98,
                    79
                ],
                [
                    99,
                    78
                ],
                [
                    99,
                    77
                ],
                [
                    100,
                    76
                ],
                [
                    100,
                    74
                ],
                [
                    101,
                    73
                ],
                [
                    101,
                    62
                ],
                [
                    102,
                    61
                ],
                [
                    102,
                    60
                ],
                [
                    101,
                    59
                ],
                [
                    101,
                    58
                ],
                [
                    98,
                    55
                ],
                [
                    98,
                    52
                ],
                [
                    97,
                    51
                ],
                [
                    97,
                    49
                ],
                [
                    96,
                    48
                ],
                [
                    96,
                    46
                ],
                [
                    95,
                    45
                ],
                [
                    95,
                    44
                ],
                [
                    94,
                    43
                ],
                [
                    94,
                    42
                ],
                [
                    93,
                    41
                ],
                [
                    93,
                    39
                ],
                [
                    90,
                    36
                ],
                [
                    90,
                    35
                ],
                [
                    87,
                    32
                ],
                [
                    85,
                    32
                ],
                [
                    83,
                    30
                ],
                [
                    78,
                    30
                ],
                [
                    77,
                    29
                ],
                [
                    72,
                    29
                ],
                [
                    71,
                    30
                ],
                [
                    69,
                    30
                ],
                [
                    68,
                    29
                ],
                [
                    67,
                    30
                ],
                [
                    66,
                    29
                ]
            ],
            "group_id": null,
            "shape_type": "polygon",
            "flags": {}
        }
    ],
    "imagePath": "0.3485_dust_tile_43_35_7.png",
    "imageData": null,
    "imageHeight": 140,
    "imageWidth": 126
}