{
    "version": "0.3.3",
    "flags": {},
    "shapes": [
        {
            "label": "1",
            "points": [
                [
                    24,
                    16
                ],
                [
                    23,
                    17
                ],
                [
                    23,
                    18
                ],
                [
                    22,
                    19
                ],
                [
                    22,
                    20
                ],
                [
                    21,
                    21
                ],
                [
                    20,
                    21
                ],
                [
                    16,
                    25
                ],
                [
                    16,
                    27
                ],
                [
                    15,
                    28
                ],
                [
                    15,
                    31
                ],
                [
                    16,
                    32
                ],
                [
                    16,
                    34
                ],
                [
                    17,
                    35
                ],
                [
                    17,
                    37
                ],
                [
                    19,
                    39
                ],
                [
                    19,
                    40
                ],
                [
                    23,
                    44
                ],
                [
                    23,
                    45
                ],
                [
                    27,
                    49
                ],
                [
                    29,
                    49
                ],
                [
                    30,
                    50
                ],
                [
                    31,
                    50
                ],
                [
                    33,
                    52
                ],
                [
                    34,
                    52
                ],
                [
                    38,
                    56
                ],
                [
                    39,
                    56
                ],
                [
                    40,
                    57
                ],
                [
                    45,
                    57
                ],
                [
                    46,
                    56
                ],
                [
                    49,
                    56
                ],
                [
                    50,
                    55
                ],
                [
                    54,
                    55
                ],
                [
                    55,
                    54
                ],
                [
                    56,
                    54
                ],
                [
                    59,
                    51
                ],
                [
                    60,
                    51
                ],
                [
                    60,
                    50
                ],
                [
                    62,
                    48
                ],
                [
                    64,
                    48
                ],
                [
                    65,
                    47
                ],
                [
                    65,
                    44
                ],
                [
                    63,
                    44
                ],
                [
                    62,
                    43
                ],
                [
                    59,
                    43
                ],
                [
                    56,
                    40
                ],
                [
                    56,
                    39
                ],
                [
                    55,
                    38
                ],
                [
                    54,
                    38
                ],
                [
                    53,
                    37
                ],
                [
                    52,
                    37
                ],
                [
                    51,
                    36
                ],
                [
                    44,
                    36
                ],
                [
                    40,
                    32
                ],
                [
                    40,
                    30
                ],
                [
                    39,
                    29
                ],
                [
                    39,
                    24
                ],
                [
                    38,
                    23
                ],
                [
                    38,
                    22
                ],
                [
                    37,
                    21
                ],
                [
                    37,
                    20
                ],
                [
                    35,
                    18
                ],
                [
                    34,
                    18
                ],
                [
                    33,
                    17
                ],
                [
                    29,
                    17
                ],
                [
                    28,
                    16
                ]
            ],
            "group_id": null,
            "shape_type": "polygon",
            "flags": {}
        }
    ],
    "imagePath": "0.4398_good_tile_47_21_6.png",
    "imageData": null,
    "imageHeight": 66,
    "imageWidth": 78
}