{
    "version": "0.3.3",
    "flags": {},
    "shapes": [
        {
            "label": "1",
            "points": [
                [
                    31,
                    17
                ],
                [
                    30,
                    18
                ],
                [
                    23,
                    18
                ],
                [
                    22,
                    19
                ],
                [
                    20,
                    19
                ],
                [
                    19,
                    20
                ],
                [
                    18,
                    20
                ],
                [
                    15,
                    23
                ],
                [
                    15,
                    24
                ],
                [
                    14,
                    25
                ],
                [
                    14,
                    30
                ],
                [
                    19,
                    35
                ],
                [
                    20,
                    35
                ],
                [
                    21,
                    36
                ],
                [
                    23,
                    36
                ],
                [
                    24,
                    35
                ],
                [
                    26,
                    35
                ],
                [
                    27,
                    34
                ],
                [
                    30,
                    34
                ],
                [
                    32,
                    32
                ],
                [
                    35,
                    32
                ],
                [
                    36,
                    33
                ],
                [
                    39,
                    33
                ],
                [
                    40,
                    32
                ],
                [
                    41,
                    33
                ],
                [
                    42,
                    33
                ],
                [
                    43,
                    34
                ],
                [
                    44,
                    34
                ],
                [
                    45,
                    33
                ],
                [
                    45,
                    32
                ],
                [
                    42,
                    29
                ],
                [
                    42,
                    28
                ],
                [
                    41,
                    27
                ],
                [
                    41,
                    23
                ],
                [
                    36,
                    18
                ],
                [
                    35,
                    18
                ],
                [
                    34,
                    17
                ]
            ],
            "group_id": null,
            "shape_type": "polygon",
            "flags": {}
        }
    ],
    "imagePath": "0.4973_good_tile_47_21_4.png",
    "imageData": null,
    "imageHeight": 47,
    "imageWidth": 58
}