{
    "version": "0.3.3",
    "flags": {},
    "shapes": [
        {
            "label": "1",
            "points": [
                [
                    17,
                    11
                ],
                [
                    16,
                    12
                ],
                [
                    17,
                    13
                ],
                [
                    17,
                    15
                ],
                [
                    16,
                    16
                ],
                [
                    15,
                    16
                ],
                [
                    13,
                    14
                ],
                [
                    12,
                    14
                ],
                [
                    11,
                    13
                ],
                [
                    10,
                    13
                ],
                [
                    9,
                    12
                ],
                [
                    7,
                    12
                ],
                [
                    7,
                    14
                ],
                [
                    15,
                    22
                ],
                [
                    14,
                    23
                ],
                [
                    14,
                    24
                ],
                [
                    13,
                    25
                ],
                [
                    13,
                    28
                ],
                [
                    12,
                    29
                ],
                [
                    12,
                    32
                ],
                [
                    14,
                    34
                ],
                [
                    14,
                    35
                ],
                [
                    15,
                    36
                ],
                [
                    15,
                    41
                ],
                [
                    14,
                    42
                ],
                [
                    13,
                    42
                ],
                [
                    12,
                    43
                ],
                [
                    12,
                    44
                ],
                [
                    13,
                    45
                ],
                [
                    20,
                    45
                ],
                [
                    21,
                    44
                ],
                [
                    23,
                    44
                ],
                [
                    24,
                    45
                ],
                [
                    29,
                    45
                ],
                [
                    30,
                    46
                ],
                [
                    31,
                    45
                ],
                [
                    35,
                    45
                ],
                [
                    36,
                    44
                ],
                [
                    36,
                    43
                ],
                [
                    37,
                    42
                ],
                [
                    37,
                    40
                ],
                [
                    36,
                    39
                ],
                [
                    36,
                    37
                ],
                [
                    35,
                    36
                ],
                [
                    35,
                    34
                ],
                [
                    36,
                    33
                ],
                [
                    36,
                    30
                ],
                [
                    37,
                    29
                ],
                [
                    38,
                    29
                ],
                [
                    39,
                    28
                ],
                [
                    39,
                    25
                ],
                [
                    38,
                    24
                ],
                [
                    38,
                    23
                ],
                [
                    37,
                    22
                ],
                [
                    37,
                    21
                ],
                [
                    32,
                    16
                ],
                [
                    32,
                    15
                ],
                [
                    31,
                    14
                ],
                [
                    30,
                    14
                ],
                [
                    28,
                    16
                ],
                [
                    25,
                    16
                ],
                [
                    23,
                    14
                ],
                [
                    23,
                    12
                ],
                [
                    22,
                    11
                ]
            ],
            "group_id": null,
            "shape_type": "polygon",
            "flags": {}
        }
    ],
    "imagePath": "0.5301_good_tile_43_35_18.png",
    "imageData": null,
    "imageHeight": 47,
    "imageWidth": 45
}