{
    "version": "0.3.3",
    "flags": {},
    "shapes": [
        {
            "label": "1",
            "points": [
                [
                    50,
                    2
                ],
                [
                    50,
                    5
                ],
                [
                    48,
                    7
                ],
                [
                    47,
                    6
                ],
                [
                    46,
                    6
                ],
                [
                    45,
                    5
                ],
                [
                    44,
                    6
                ],
                [
                    44,
                    7
                ],
                [
                    46,
                    9
                ],
                [
                    43,
                    12
                ],
                [
                    44,
                    12
                ],
                [
                    45,
                    13
                ],
                [
                    46,
                    13
                ],
                [
                    47,
                    14
                ],
                [
                    48,
                    14
                ],
                [
                    49,
                    15
                ],
                [
                    52,
                    15
                ],
                [
                    53,
                    16
                ],
                [
                    53,
                    17
                ],
                [
                    49,
                    21
                ],
                [
                    47,
                    19
                ],
                [
                    47,
                    18
                ],
                [
                    46,
                    17
                ],
                [
                    45,
                    17
                ],
                [
                    43,
                    15
                ],
                [
                    41,
                    15
                ],
                [
                    40,
                    16
                ],
                [
                    30,
                    16
                ],
                [
                    29,
                    17
                ],
                [
                    24,
                    17
                ],
                [
                    23,
                    18
                ],
                [
                    21,
                    18
                ],
                [
                    19,
                    20
                ],
                [
                    19,
                    21
                ],
                [
                    18,
                    22
                ],
                [
                    18,
                    23
                ],
                [
                    15,
                    26
                ],
                [
                    15,
                    28
                ],
                [
                    14,
                    29
                ],
                [
                    14,
                    37
                ],
                [
                    15,
                    38
                ],
                [
                    15,
                    39
                ],
                [
                    16,
                    40
                ],
                [
                    16,
                    41
                ],
                [
                    17,
                    42
                ],
                [
                    17,
                    43
                ],
                [
                    22,
                    48
                ],
                [
                    34,
                    48
                ],
                [
                    36,
                    50
                ],
                [
                    38,
                    50
                ],
                [
                    38,
                    49
                ],
                [
                    39,
                    48
                ],
                [
                    40,
                    48
                ],
                [
                    43,
                    45
                ],
                [
                    43,
                    44
                ],
                [
                    46,
                    41
                ],
                [
                    46,
                    40
                ],
                [
                    45,
                    39
                ],
                [
                    45,
                    36
                ],
                [
                    46,
                    35
                ],
                [
                    46,
                    34
                ],
                [
                    47,
                    33
                ],
                [
                    47,
                    30
                ],
                [
                    48,
                    29
                ],
                [
                    48,
                    28
                ],
                [
                    50,
                    26
                ],
                [
                    50,
                    24
                ],
                [
                    53,
                    21
                ],
                [
                    54,
                    21
                ],
                [
                    54,
                    20
                ],
                [
                    55,
                    19
                ],
                [
                    55,
                    14
                ],
                [
                    54,
                    13
                ],
                [
                    54,
                    12
                ],
                [
                    56,
                    10
                ],
                [
                    57,
                    10
                ],
                [
                    57,
                    9
                ],
                [
                    59,
                    7
                ],
                [
                    59,
                    6
                ],
                [
                    58,
                    5
                ],
                [
                    53,
                    5
                ],
                [
                    52,
                    4
                ],
                [
                    53,
                    3
                ],
                [
                    53,
                    2
                ]
            ],
            "group_id": null,
            "shape_type": "polygon",
            "flags": {}
        }
    ],
    "imagePath": "0.5585_good_tile_43_35_9.png",
    "imageData": null,
    "imageHeight": 60,
    "imageWidth": 61
}