{
    "version": "0.3.3",
    "flags": {},
    "shapes": [
        {
            "label": "1",
            "points": [
                [
                    17,
                    12
                ],
                [
                    16,
                    13
                ],
                [
                    15,
                    13
                ],
                [
                    14,
                    14
                ],
                [
                    13,
                    14
                ],
                [
                    12,
                    15
                ],
                [
                    12,
                    16
                ],
                [
                    11,
                    17
                ],
                [
                    11,
                    23
                ],
                [
                    12,
                    24
                ],
                [
                    12,
                    27
                ],
                [
                    11,
                    28
                ],
                [
                    10,
                    28
                ],
                [
                    9,
                    29
                ],
                [
                    9,
                    30
                ],
                [
                    10,
                    31
                ],
                [
                    11,
                    31
                ],
                [
                    13,
                    33
                ],
                [
                    17,
                    33
                ],
                [
                    18,
                    34
                ],
                [
                    18,
                    35
                ],
                [
                    17,
                    36
                ],
                [
                    17,
                    37
                ],
                [
                    16,
                    38
                ],
                [
                    16,
                    44
                ],
                [
                    18,
                    46
                ],
                [
                    18,
                    48
                ],
                [
                    16,
                    50
                ],
                [
                    16,
                    51
                ],
                [
                    20,
                    51
                ],
                [
                    24,
                    55
                ],
                [
                    26,
                    55
                ],
                [
                    27,
                    56
                ],
                [
                    28,
                    55
                ],
                [
                    30,
                    55
                ],
                [
                    31,
                    54
                ],
                [
                    41,
                    54
                ],
                [
                    44,
                    51
                ],
                [
                    44,
                    50
                ],
                [
                    45,
                    49
                ],
                [
                    45,
                    43
                ],
                [
                    47,
                    41
                ],
                [
                    47,
                    40
                ],
                [
                    46,
                    39
                ],
                [
                    46,
                    38
                ],
                [
                    44,
                    36
                ],
                [
                    43,
                    36
                ],
                [
                    40,
                    33
                ],
                [
                    40,
                    31
                ],
                [
                    41,
                    30
                ],
                [
                    41,
                    29
                ],
                [
                    42,
                    28
                ],
                [
                    42,
                    27
                ],
                [
                    37,
                    22
                ],
                [
                    36,
                    22
                ],
                [
                    32,
                    18
                ],
                [
                    31,
                    18
                ],
                [
                    30,
                    17
                ],
                [
                    30,
                    16
                ],
                [
                    29,
                    15
                ],
                [
                    28,
                    15
                ],
                [
                    27,
                    14
                ],
                [
                    26,
                    14
                ],
                [
                    25,
                    13
                ],
                [
                    24,
                    13
                ],
                [
                    23,
                    12
                ]
            ],
            "group_id": null,
            "shape_type": "polygon",
            "flags": {}
        }
    ],
    "imagePath": "0.6113_good_tile_43_35_23.png",
    "imageData": null,
    "imageHeight": 65,
    "imageWidth": 60
}