{
    "version": "0.3.3",
    "flags": {},
    "shapes": [
        {
            "label": "1",
            "points": [
                [
                    42,
                    22
                ],
                [
                    41,
                    23
                ],
                [
                    39,
                    23
                ],
                [
                    38,
                    24
                ],
                [
                    37,
                    24
                ],
                [
                    34,
                    27
                ],
                [
                    33,
                    27
                ],
                [
                    32,
                    28
                ],
                [
                    32,
                    29
                ],
                [
                    30,
                    31
                ],
                [
                    30,
                    32
                ],
                [
                    28,
                    34
                ],
                [
                    28,
                    35
                ],
                [
                    27,
                    36
                ],
                [
                    27,
                    38
                ],
                [
                    26,
                    39
                ],
                [
                    26,
                    40
                ],
                [
                    25,
                    41
                ],
                [
                    25,
                    43
                ],
                [
                    24,
                    44
                ],
                [
                    24,
                    48
                ],
                [
                    23,
                    49
                ],
                [
                    23,
                    57
                ],
                [
                    22,
                    58
                ],
                [
                    22,
                    61
                ],
                [
                    21,
                    62
                ],
                [
                    21,
                    69
                ],
                [
                    22,
                    70
                ],
                [
                    22,
                    72
                ],
                [
                    23,
                    73
                ],
                [
                    23,
                    74
                ],
                [
                    24,
                    75
                ],
                [
                    24,
                    76
                ],
                [
                    27,
                    79
                ],
                [
                    27,
                    80
                ],
                [
                    28,
                    81
                ],
                [
                    28,
                    82
                ],
                [
                    37,
                    91
                ],
                [
                    38,
                    91
                ],
                [
                    39,
                    92
                ],
                [
                    39,
                    93
                ],
                [
                    40,
                    93
                ],
                [
                    41,
                    94
                ],
                [
                    44,
                    94
                ],
                [
                    45,
                    95
                ],
                [
                    53,
                    95
                ],
                [
                    54,
                    94
                ],
                [
                    55,
                    95
                ],
                [
                    56,
                    94
                ],
                [
                    57,
                    94
                ],
                [
                    58,
                    93
                ],
                [
                    59,
                    93
                ],
                [
                    60,
                    92
                ],
                [
                    61,
                    92
                ],
                [
                    62,
                    91
                ],
                [
                    63,
                    91
                ],
                [
                    69,
                    85
                ],
                [
                    72,
                    85
                ],
                [
                    73,
                    84
                ],
                [
                    75,
                    84
                ],
                [
                    75,
                    81
                ],
                [
                    74,
                    80
                ],
                [
                    75,
                    79
                ],
                [
                    77,
                    79
                ],
                [
                    78,
                    80
                ],
                [
                    79,
                    80
                ],
                [
                    81,
                    82
                ],
                [
                    81,
                    78
                ],
                [
                    80,
                    77
                ],
                [
                    80,
                    74
                ],
                [
                    79,
                    73
                ],
                [
                    79,
                    70
                ],
                [
                    78,
                    69
                ],
                [
                    78,
                    67
                ],
                [
                    77,
                    66
                ],
                [
                    77,
                    65
                ],
                [
                    76,
                    64
                ],
                [
                    76,
                    63
                ],
                [
                    75,
                    62
                ],
                [
                    75,
                    60
                ],
                [
                    76,
                    59
                ],
                [
                    76,
                    53
                ],
                [
                    77,
                    52
                ],
                [
                    77,
                    43
                ],
                [
                    76,
                    42
                ],
                [
                    76,
                    40
                ],
                [
                    74,
                    38
                ],
                [
                    74,
                    37
                ],
                [
                    73,
                    36
                ],
                [
                    73,
                    35
                ],
                [
                    72,
                    34
                ],
                [
                    72,
                    33
                ],
                [
                    71,
                    32
                ],
                [
                    70,
                    32
                ],
                [
                    69,
                    31
                ],
                [
                    68,
                    31
                ],
                [
                    67,
                    30
                ],
                [
                    66,
                    30
                ],
                [
                    63,
                    27
                ],
                [
                    61,
                    27
                ],
                [
                    60,
                    26
                ],
                [
                    59,
                    26
                ],
                [
                    58,
                    25
                ],
                [
                    56,
                    25
                ],
                [
                    55,
                    24
                ],
                [
                    54,
                    24
                ],
                [
                    53,
                    23
                ],
                [
                    50,
                    23
                ],
                [
                    49,
                    22
                ]
            ],
            "group_id": null,
            "shape_type": "polygon",
            "flags": {}
        }
    ],
    "imagePath": "0.6402_good_tile_43_35_19.png",
    "imageData": null,
    "imageHeight": 108,
    "imageWidth": 99
}