{
    "version": "0.3.3",
    "flags": {},
    "shapes": [
        {
            "label": "1",
            "points": [
                [
                    78,
                    19
                ],
                [
                    77,
                    20
                ],
                [
                    73,
                    20
                ],
                [
                    72,
                    21
                ],
                [
                    64,
                    21
                ],
                [
                    63,
                    22
                ],
                [
                    60,
                    22
                ],
                [
                    59,
                    23
                ],
                [
                    58,
                    23
                ],
                [
                    57,
                    24
                ],
                [
                    56,
                    24
                ],
                [
                    54,
                    26
                ],
                [
                    52,
                    26
                ],
                [
                    51,
                    27
                ],
                [
                    50,
                    27
                ],
                [
                    49,
                    28
                ],
                [
                    48,
                    28
                ],
                [
                    47,
                    29
                ],
                [
                    46,
                    29
                ],
                [
                    44,
                    31
                ],
                [
                    43,
                    31
                ],
                [
                    41,
                    33
                ],
                [
                    40,
                    33
                ],
                [
                    40,
                    36
                ],
                [
                    38,
                    38
                ],
                [
                    36,
                    38
                ],
                [
                    36,
                    39
                ],
                [
                    35,
                    40
                ],
                [
                    35,
                    41
                ],
                [
                    34,
                    42
                ],
                [
                    34,
                    43
                ],
                [
                    33,
                    44
                ],
                [
                    33,
                    45
                ],
                [
                    32,
                    46
                ],
                [
                    32,
                    47
                ],
                [
                    31,
                    48
                ],
                [
                    31,
                    50
                ],
                [
                    30,
                    51
                ],
                [
                    30,
                    52
                ],
                [
                    29,
                    53
                ],
                [
                    29,
                    57
                ],
                [
                    30,
                    58
                ],
                [
                    29,
                    59
                ],
                [
                    29,
                    65
                ],
                [
                    30,
                    66
                ],
                [
                    30,
                    67
                ],
                [
                    31,
                    68
                ],
                [
                    31,
                    69
                ],
                [
                    32,
                    70
                ],
                [
                    32,
                    71
                ],
                [
                    33,
                    72
                ],
                [
                    33,
                    74
                ],
                [
                    31,
                    76
                ],
                [
                    31,
                    77
                ],
                [
                    30,
                    78
                ],
                [
                    30,
                    80
                ],
                [
                    31,
                    81
                ],
                [
                    31,
                    82
                ],
                [
                    32,
                    83
                ],
                [
                    32,
                    85
                ],
                [
                    32,
                    84
                ],
                [
                    33,
                    83
                ],
                [
                    34,
                    83
                ],
                [
                    36,
                    85
                ],
                [
                    36,
                    87
                ],
                [
                    38,
                    87
                ],
                [
                    38,
                    86
                ],
                [
                    39,
                    85
                ],
                [
                    42,
                    85
                ],
                [
                    43,
                    84
                ],
                [
                    46,
                    84
                ],
                [
                    47,
                    83
                ],
                [
                    49,
                    83
                ],
                [
                    50,
                    84
                ],
                [
                    51,
                    84
                ],
                [
                    52,
                    85
                ],
                [
                    54,
                    85
                ],
                [
                    55,
                    84
                ],
                [
                    56,
                    85
                ],
                [
                    57,
                    84
                ],
                [
                    66,
                    84
                ],
                [
                    67,
                    83
                ],
                [
                    68,
                    83
                ],
                [
                    69,
                    82
                ],
                [
                    70,
                    82
                ],
                [
                    71,
                    81
                ],
                [
                    74,
                    81
                ],
                [
                    75,
                    80
                ],
                [
                    78,
                    80
                ],
                [
                    79,
                    79
                ],
                [
                    81,
                    79
                ],
                [
                    82,
                    78
                ],
                [
                    83,
                    78
                ],
                [
                    84,
                    77
                ],
                [
                    86,
                    77
                ],
                [
                    87,
                    76
                ],
                [
                    88,
                    76
                ],
                [
                    89,
                    75
                ],
                [
                    92,
                    75
                ],
                [
                    93,
                    74
                ],
                [
                    94,
                    74
                ],
                [
                    95,
                    73
                ],
                [
                    96,
                    73
                ],
                [
                    97,
                    72
                ],
                [
                    100,
                    72
                ],
                [
                    101,
                    71
                ],
                [
                    102,
                    71
                ],
                [
                    103,
                    70
                ],
                [
                    103,
                    69
                ],
                [
                    105,
                    67
                ],
                [
                    106,
                    67
                ],
                [
                    111,
                    62
                ],
                [
                    112,
                    62
                ],
                [
                    116,
                    58
                ],
                [
                    116,
                    57
                ],
                [
                    118,
                    55
                ],
                [
                    118,
                    53
                ],
                [
                    119,
                    52
                ],
                [
                    119,
                    50
                ],
                [
                    120,
                    49
                ],
                [
                    120,
                    47
                ],
                [
                    121,
                    46
                ],
                [
                    121,
                    45
                ],
                [
                    120,
                    44
                ],
                [
                    120,
                    43
                ],
                [
                    119,
                    42
                ],
                [
                    119,
                    36
                ],
                [
                    118,
                    35
                ],
                [
                    118,
                    34
                ],
                [
                    117,
                    33
                ],
                [
                    115,
                    33
                ],
                [
                    113,
                    31
                ],
                [
                    112,
                    31
                ],
                [
                    110,
                    29
                ],
                [
                    108,
                    29
                ],
                [
                    106,
                    27
                ],
                [
                    106,
                    26
                ],
                [
                    105,
                    26
                ],
                [
                    104,
                    25
                ],
                [
                    103,
                    25
                ],
                [
                    101,
                    23
                ],
                [
                    100,
                    23
                ],
                [
                    99,
                    22
                ],
                [
                    97,
                    22
                ],
                [
                    96,
                    21
                ],
                [
                    89,
                    21
                ],
                [
                    88,
                    20
                ],
                [
                    82,
                    20
                ],
                [
                    81,
                    19
                ],
                [
                    80,
                    20
                ],
                [
                    79,
                    19
                ]
            ],
            "group_id": null,
            "shape_type": "polygon",
            "flags": {}
        }
    ],
    "imagePath": "0.6748_good_tile_35_43_2.png",
    "imageData": null,
    "imageHeight": 105,
    "imageWidth": 145
}