{
    "version": "0.3.3",
    "flags": {},
    "shapes": [
        {
            "label": "1",
            "points": [
                [
                    58,
                    18
                ],
                [
                    56,
                    20
                ],
                [
                    53,
                    20
                ],
                [
                    52,
                    21
                ],
                [
                    52,
                    22
                ],
                [
                    48,
                    26
                ],
                [
                    46,
                    26
                ],
                [
                    46,
                    28
                ],
                [
                    45,
                    29
                ],
                [
                    44,
                    29
                ],
                [
                    43,
                    30
                ],
                [
                    43,
                    32
                ],
                [
                    42,
                    33
                ],
                [
                    42,
                    35
                ],
                [
                    41,
                    36
                ],
                [
                    41,
                    37
                ],
                [
                    40,
                    38
                ],
                [
                    40,
                    41
                ],
                [
                    39,
                    42
                ],
                [
                    39,
                    50
                ],
                [
                    38,
                    51
                ],
                [
                    38,
                    53
                ],
                [
                    37,
                    54
                ],
                [
                    37,
                    55
                ],
                [
                    36,
                    56
                ],
                [
                    36,
                    58
                ],
                [
                    35,
                    59
                ],
                [
                    34,
                    59
                ],
                [
                    34,
                    60
                ],
                [
                    33,
                    61
                ],
                [
                    33,
                    62
                ],
                [
                    32,
                    63
                ],
                [
                    32,
                    64
                ],
                [
                    31,
                    65
                ],
                [
                    31,
                    67
                ],
                [
                    29,
                    69
                ],
                [
                    29,
                    70
                ],
                [
                    28,
                    71
                ],
                [
                    28,
                    76
                ],
                [
                    27,
                    77
                ],
                [
                    27,
                    80
                ],
                [
                    28,
                    81
                ],
                [
                    28,
                    83
                ],
                [
                    27,
                    84
                ],
                [
                    27,
                    85
                ],
                [
                    26,
                    86
                ],
                [
                    26,
                    87
                ],
                [
                    24,
                    89
                ],
                [
                    24,
                    91
                ],
                [
                    23,
                    92
                ],
                [
                    23,
                    93
                ],
                [
                    22,
                    94
                ],
                [
                    22,
                    97
                ],
                [
                    21,
                    98
                ],
                [
                    21,
                    100
                ],
                [
                    20,
                    101
                ],
                [
                    20,
                    104
                ],
                [
                    19,
                    105
                ],
                [
                    19,
                    112
                ],
                [
                    18,
                    113
                ],
                [
                    18,
                    119
                ],
                [
                    19,
                    120
                ],
                [
                    19,
                    124
                ],
                [
                    20,
                    125
                ],
                [
                    20,
                    127
                ],
                [
                    21,
                    128
                ],
                [
                    20,
                    129
                ],
                [
                    20,
                    131
                ],
                [
                    21,
                    132
                ],
                [
                    21,
                    146
                ],
                [
                    20,
                    147
                ],
                [
                    21,
                    148
                ],
                [
                    20,
                    149
                ],
                [
                    20,
                    154
                ],
                [
                    21,
                    155
                ],
                [
                    21,
                    156
                ],
                [
                    20,
                    157
                ],
                [
                    20,
                    158
                ],
                [
                    22,
                    160
                ],
                [
                    22,
                    161
                ],
                [
                    24,
                    163
                ],
                [
                    24,
                    164
                ],
                [
                    25,
                    165
                ],
                [
                    25,
                    166
                ],
                [
                    30,
                    171
                ],
                [
                    31,
                    171
                ],
                [
                    33,
                    173
                ],
                [
                    34,
                    173
                ],
                [
                    36,
                    175
                ],
                [
                    38,
                    175
                ],
                [
                    39,
                    176
                ],
                [
                    48,
                    176
                ],
                [
                    49,
                    175
                ],
                [
                    50,
                    175
                ],
                [
                    50,
                    173
                ],
                [
                    47,
                    170
                ],
                [
                    47,
                    169
                ],
                [
                    46,
                    168
                ],
                [
                    46,
                    167
                ],
                [
                    41,
                    162
                ],
                [
                    40,
                    162
                ],
                [
                    39,
                    163
                ],
                [
                    39,
                    166
                ],
                [
                    38,
                    167
                ],
                [
                    37,
                    167
                ],
                [
                    36,
                    168
                ],
                [
                    32,
                    168
                ],
                [
                    30,
                    166
                ],
                [
                    30,
                    165
                ],
                [
                    31,
                    164
                ],
                [
                    31,
                    159
                ],
                [
                    30,
                    158
                ],
                [
                    30,
                    155
                ],
                [
                    31,
                    154
                ],
                [
                    31,
                    150
                ],
                [
                    34,
                    147
                ],
                [
                    34,
                    145
                ],
                [
                    35,
                    144
                ],
                [
                    35,
                    141
                ],
                [
                    36,
                    140
                ],
                [
                    36,
                    139
                ],
                [
                    37,
                    138
                ],
                [
                    37,
                    137
                ],
                [
                    38,
                    136
                ],
                [
                    38,
                    133
                ],
                [
                    39,
                    132
                ],
                [
                    39,
                    131
                ],
                [
                    40,
                    130
                ],
                [
                    40,
                    129
                ],
                [
                    44,
                    125
                ],
                [
                    44,
                    124
                ],
                [
                    46,
                    122
                ],
                [
                    46,
                    119
                ],
                [
                    47,
                    118
                ],
                [
                    47,
                    117
                ],
                [
                    49,
                    115
                ],
                [
                    49,
                    108
                ],
                [
                    50,
                    107
                ],
                [
                    50,
                    99
                ],
                [
                    49,
                    98
                ],
                [
                    49,
                    95
                ],
                [
                    50,
                    94
                ],
                [
                    50,
                    91
                ],
                [
                    51,
                    90
                ],
                [
                    51,
                    88
                ],
                [
                    52,
                    87
                ],
                [
                    52,
                    85
                ],
                [
                    53,
                    84
                ],
                [
                    53,
                    82
                ],
                [
                    54,
                    81
                ],
                [
                    54,
                    79
                ],
                [
                    55,
                    78
                ],
                [
                    55,
                    77
                ],
                [
                    56,
                    76
                ],
                [
                    56,
                    75
                ],
                [
                    57,
                    74
                ],
                [
                    57,
                    73
                ],
                [
                    58,
                    72
                ],
                [
                    58,
                    71
                ],
                [
                    62,
                    67
                ],
                [
                    62,
                    66
                ],
                [
                    66,
                    62
                ],
                [
                    66,
                    61
                ],
                [
                    67,
                    60
                ],
                [
                    67,
                    59
                ],
                [
                    72,
                    54
                ],
                [
                    72,
                    53
                ],
                [
                    73,
                    52
                ],
                [
                    73,
                    51
                ],
                [
                    74,
                    50
                ],
                [
                    78,
                    50
                ],
                [
                    79,
                    51
                ],
                [
                    80,
                    51
                ],
                [
                    82,
                    53
                ],
                [
                    83,
                    53
                ],
                [
                    84,
                    54
                ],
                [
                    84,
                    56
                ],
                [
                    86,
                    58
                ],
                [
                    87,
                    58
                ],
                [
                    88,
                    59
                ],
                [
                    89,
                    58
                ],
                [
                    91,
                    58
                ],
                [
                    93,
                    56
                ],
                [
                    96,
                    56
                ],
                [
                    97,
                    57
                ],
                [
                    101,
                    57
                ],
                [
                    100,
                    57
                ],
                [
                    99,
                    56
                ],
                [
                    98,
                    56
                ],
                [
                    97,
                    55
                ],
                [
                    96,
                    55
                ],
                [
                    95,
                    54
                ],
                [
                    94,
                    54
                ],
                [
                    91,
                    51
                ],
                [
                    94,
                    48
                ],
                [
                    94,
                    47
                ],
                [
                    95,
                    46
                ],
                [
                    94,
                    45
                ],
                [
                    94,
                    39
                ],
                [
                    95,
                    38
                ],
                [
                    95,
                    37
                ],
                [
                    96,
                    36
                ],
                [
                    96,
                    34
                ],
                [
                    95,
                    34
                ],
                [
                    94,
                    33
                ],
                [
                    92,
                    33
                ],
                [
                    90,
                    31
                ],
                [
                    85,
                    31
                ],
                [
                    84,
                    30
                ],
                [
                    83,
                    30
                ],
                [
                    82,
                    29
                ],
                [
                    82,
                    25
                ],
                [
                    80,
                    25
                ],
                [
                    79,
                    24
                ],
                [
                    78,
                    24
                ],
                [
                    76,
                    22
                ],
                [
                    74,
                    22
                ],
                [
                    73,
                    21
                ],
                [
                    72,
                    21
                ],
                [
                    71,
                    20
                ],
                [
                    70,
                    20
                ],
                [
                    69,
                    19
                ],
                [
                    68,
                    19
                ],
                [
                    67,
                    18
                ]
            ],
            "group_id": null,
            "shape_type": "polygon",
            "flags": {}
        }
    ],
    "imagePath": "0.7746_good_tile_37_21_0.png",
    "imageData": null,
    "imageHeight": 189,
    "imageWidth": 120
}