{
    "version": "0.3.3",
    "flags": {},
    "shapes": [
        {
            "label": "1",
            "points": [
                [
                    115,
                    30
                ],
                [
                    113,
                    32
                ],
                [
                    110,
                    32
                ],
                [
                    108,
                    34
                ],
                [
                    104,
                    34
                ],
                [
                    103,
                    35
                ],
                [
                    102,
                    35
                ],
                [
                    100,
                    37
                ],
                [
                    95,
                    37
                ],
                [
                    95,
                    39
                ],
                [
                    96,
                    40
                ],
                [
                    94,
                    42
                ],
                [
                    93,
                    42
                ],
                [
                    92,
                    41
                ],
                [
                    91,
                    41
                ],
                [
                    90,
                    40
                ],
                [
                    84,
                    40
                ],
                [
                    83,
                    39
                ],
                [
                    82,
                    39
                ],
                [
                    81,
                    40
                ],
                [
                    78,
                    40
                ],
                [
                    77,
                    41
                ],
                [
                    76,
                    41
                ],
                [
                    75,
                    42
                ],
                [
                    74,
                    42
                ],
                [
                    73,
                    43
                ],
                [
                    72,
                    43
                ],
                [
                    71,
                    44
                ],
                [
                    70,
                    44
                ],
                [
                    69,
                    45
                ],
                [
                    68,
                    45
                ],
                [
                    67,
                    46
                ],
                [
                    60,
                    46
                ],
                [
                    59,
                    47
                ],
                [
                    57,
                    47
                ],
                [
                    56,
                    48
                ],
                [
                    55,
                    48
                ],
                [
                    54,
                    49
                ],
                [
                    52,
                    49
                ],
                [
                    51,
                    50
                ],
                [
                    49,
                    50
                ],
                [
                    47,
                    52
                ],
                [
                    46,
                    52
                ],
                [
                    45,
                    53
                ],
                [
                    44,
                    53
                ],
                [
                    43,
                    54
                ],
                [
                    42,
                    54
                ],
                [
                    41,
                    55
                ],
                [
                    40,
                    55
                ],
                [
                    38,
                    57
                ],
                [
                    37,
                    57
                ],
                [
                    36,
                    58
                ],
                [
                    35,
                    58
                ],
                [
                    35,
                    59
                ],
                [
                    32,
                    62
                ],
                [
                    32,
                    63
                ],
                [
                    29,
                    66
                ],
                [
                    29,
                    67
                ],
                [
                    28,
                    68
                ],
                [
                    28,
                    69
                ],
                [
                    25,
                    72
                ],
                [
                    25,
                    73
                ],
                [
                    23,
                    75
                ],
                [
                    23,
                    77
                ],
                [
                    22,
                    78
                ],
                [
                    22,
                    81
                ],
                [
                    23,
                    82
                ],
                [
                    23,
                    86
                ],
                [
                    24,
                    87
                ],
                [
                    24,
                    89
                ],
                [
                    26,
                    91
                ],
                [
                    26,
                    94
                ],
                [
                    27,
                    95
                ],
                [
                    27,
                    96
                ],
                [
                    32,
                    101
                ],
                [
                    40,
                    101
                ],
                [
                    41,
                    100
                ],
                [
                    42,
                    101
                ],
                [
                    43,
                    100
                ],
                [
                    44,
                    101
                ],
                [
                    45,
                    100
                ],
                [
                    46,
                    101
                ],
                [
                    47,
                    100
                ],
                [
                    53,
                    100
                ],
                [
                    54,
                    99
                ],
                [
                    55,
                    100
                ],
                [
                    57,
                    98
                ],
                [
                    58,
                    99
                ],
                [
                    59,
                    98
                ],
                [
                    68,
                    98
                ],
                [
                    69,
                    97
                ],
                [
                    70,
                    98
                ],
                [
                    71,
                    97
                ],
                [
                    72,
                    98
                ],
                [
                    73,
                    97
                ],
                [
                    74,
                    98
                ],
                [
                    85,
                    98
                ],
                [
                    86,
                    99
                ],
                [
                    90,
                    99
                ],
                [
                    91,
                    100
                ],
                [
                    96,
                    100
                ],
                [
                    97,
                    99
                ],
                [
                    98,
                    100
                ],
                [
                    99,
                    100
                ],
                [
                    100,
                    101
                ],
                [
                    101,
                    100
                ],
                [
                    102,
                    101
                ],
                [
                    103,
                    100
                ],
                [
                    104,
                    101
                ],
                [
                    105,
                    100
                ],
                [
                    106,
                    101
                ],
                [
                    130,
                    101
                ],
                [
                    131,
                    100
                ],
                [
                    135,
                    100
                ],
                [
                    136,
                    99
                ],
                [
                    139,
                    99
                ],
                [
                    140,
                    98
                ],
                [
                    141,
                    98
                ],
                [
                    142,
                    97
                ],
                [
                    143,
                    97
                ],
                [
                    144,
                    96
                ],
                [
                    145,
                    96
                ],
                [
                    145,
                    95
                ],
                [
                    147,
                    93
                ],
                [
                    150,
                    93
                ],
                [
                    151,
                    92
                ],
                [
                    152,
                    92
                ],
                [
                    152,
                    91
                ],
                [
                    154,
                    89
                ],
                [
                    154,
                    87
                ],
                [
                    153,
                    86
                ],
                [
                    152,
                    87
                ],
                [
                    152,
                    90
                ],
                [
                    150,
                    92
                ],
                [
                    149,
                    91
                ],
                [
                    148,
                    91
                ],
                [
                    147,
                    90
                ],
                [
                    145,
                    90
                ],
                [
                    145,
                    91
                ],
                [
                    144,
                    92
                ],
                [
                    142,
                    92
                ],
                [
                    141,
                    91
                ],
                [
                    142,
                    90
                ],
                [
                    142,
                    89
                ],
                [
                    143,
                    88
                ],
                [
                    145,
                    88
                ],
                [
                    150,
                    83
                ],
                [
                    151,
                    84
                ],
                [
                    152,
                    83
                ],
                [
                    153,
                    84
                ],
                [
                    154,
                    83
                ],
                [
                    158,
                    83
                ],
                [
                    159,
                    84
                ],
                [
                    160,
                    84
                ],
                [
                    161,
                    85
                ],
                [
                    162,
                    85
                ],
                [
                    163,
                    86
                ],
                [
                    165,
                    86
                ],
                [
                    166,
                    85
                ],
                [
                    162,
                    81
                ],
                [
                    163,
                    80
                ],
                [
                    163,
                    77
                ],
                [
                    162,
                    76
                ],
                [
                    162,
                    75
                ],
                [
                    161,
                    75
                ],
                [
                    158,
                    72
                ],
                [
                    159,
                    71
                ],
                [
                    159,
                    69
                ],
                [
                    160,
                    68
                ],
                [
                    160,
                    66
                ],
                [
                    161,
                    65
                ],
                [
                    161,
                    64
                ],
                [
                    160,
                    63
                ],
                [
                    159,
                    63
                ],
                [
                    158,
                    64
                ],
                [
                    157,
                    63
                ],
                [
                    156,
                    63
                ],
                [
                    154,
                    61
                ],
                [
                    154,
                    60
                ],
                [
                    150,
                    56
                ],
                [
                    145,
                    56
                ],
                [
                    144,
                    55
                ],
                [
                    143,
                    55
                ],
                [
                    141,
                    53
                ],
                [
                    140,
                    53
                ],
                [
                    136,
                    49
                ],
                [
                    136,
                    48
                ],
                [
                    135,
                    47
                ],
                [
                    134,
                    47
                ],
                [
                    133,
                    46
                ],
                [
                    132,
                    46
                ],
                [
                    131,
                    45
                ],
                [
                    129,
                    45
                ],
                [
                    127,
                    43
                ],
                [
                    127,
                    41
                ],
                [
                    126,
                    40
                ],
                [
                    126,
                    37
                ],
                [
                    125,
                    36
                ],
                [
                    125,
                    35
                ],
                [
                    123,
                    33
                ],
                [
                    123,
                    32
                ],
                [
                    121,
                    30
                ],
                [
                    119,
                    30
                ],
                [
                    118,
                    31
                ],
                [
                    116,
                    31
                ]
            ],
            "group_id": null,
            "shape_type": "polygon",
            "flags": {}
        }
    ],
    "imagePath": "0.7883_good_tile_37_21_12.png",
    "imageData": null,
    "imageHeight": 104,
    "imageWidth": 184
}