{
    "version": "0.3.3",
    "flags": {},
    "shapes": [
        {
            "label": "1",
            "points": [
                [
                    22,
                    16
                ],
                [
                    21,
                    17
                ],
                [
                    20,
                    17
                ],
                [
                    19,
                    18
                ],
                [
                    17,
                    18
                ],
                [
                    17,
                    19
                ],
                [
                    15,
                    21
                ],
                [
                    15,
                    28
                ],
                [
                    16,
                    29
                ],
                [
                    16,
                    30
                ],
                [
                    24,
                    38
                ],
                [
                    25,
                    38
                ],
                [
                    29,
                    42
                ],
                [
                    29,
                    44
                ],
                [
                    30,
                    45
                ],
                [
                    31,
                    45
                ],
                [
                    34,
                    48
                ],
                [
                    34,
                    49
                ],
                [
                    44,
                    49
                ],
                [
                    45,
                    48
                ],
                [
                    45,
                    47
                ],
                [
                    46,
                    46
                ],
                [
                    46,
                    45
                ],
                [
                    47,
                    44
                ],
                [
                    47,
                    35
                ],
                [
                    48,
                    34
                ],
                [
                    48,
                    33
                ],
                [
                    47,
                    32
                ],
                [
                    46,
                    32
                ],
                [
                    42,
                    28
                ],
                [
                    41,
                    28
                ],
                [
                    35,
                    22
                ],
                [
                    34,
                    22
                ],
                [
                    33,
                    21
                ],
                [
                    33,
                    20
                ],
                [
                    31,
                    18
                ],
                [
                    27,
                    18
                ],
                [
                    25,
                    16
                ]
            ],
            "group_id": null,
            "shape_type": "polygon",
            "flags": {}
        }
    ],
    "imagePath": "0.8388_good_tile_50_21_5.png",
    "imageData": null,
    "imageHeight": 60,
    "imageWidth": 62
}