{
    "version": "0.3.3",
    "flags": {},
    "shapes": [
        {
            "label": "1",
            "points": [
                [
                    50,
                    25
                ],
                [
                    49,
                    26
                ],
                [
                    47,
                    26
                ],
                [
                    46,
                    27
                ],
                [
                    43,
                    27
                ],
                [
                    42,
                    28
                ],
                [
                    40,
                    28
                ],
                [
                    38,
                    30
                ],
                [
                    37,
                    30
                ],
                [
                    35,
                    32
                ],
                [
                    34,
                    32
                ],
                [
                    33,
                    33
                ],
                [
                    33,
                    34
                ],
                [
                    31,
                    36
                ],
                [
                    31,
                    37
                ],
                [
                    30,
                    38
                ],
                [
                    30,
                    44
                ],
                [
                    29,
                    45
                ],
                [
                    29,
                    54
                ],
                [
                    28,
                    55
                ],
                [
                    28,
                    56
                ],
                [
                    27,
                    57
                ],
                [
                    27,
                    62
                ],
                [
                    28,
                    63
                ],
                [
                    28,
                    64
                ],
                [
                    29,
                    64
                ],
                [
                    33,
                    68
                ],
                [
                    34,
                    68
                ],
                [
                    35,
                    69
                ],
                [
                    36,
                    69
                ],
                [
                    38,
                    71
                ],
                [
                    39,
                    71
                ],
                [
                    41,
                    73
                ],
                [
                    42,
                    73
                ],
                [
                    43,
                    74
                ],
                [
                    44,
                    74
                ],
                [
                    45,
                    75
                ],
                [
                    46,
                    75
                ],
                [
                    47,
                    76
                ],
                [
                    49,
                    76
                ],
                [
                    50,
                    77
                ],
                [
                    53,
                    77
                ],
                [
                    54,
                    78
                ],
                [
                    56,
                    78
                ],
                [
                    59,
                    81
                ],
                [
                    60,
                    81
                ],
                [
                    63,
                    84
                ],
                [
                    64,
                    84
                ],
                [
                    65,
                    85
                ],
                [
                    65,
                    86
                ],
                [
                    70,
                    91
                ],
                [
                    70,
                    95
                ],
                [
                    71,
                    96
                ],
                [
                    71,
                    100
                ],
                [
                    72,
                    101
                ],
                [
                    72,
                    102
                ],
                [
                    74,
                    104
                ],
                [
                    75,
                    103
                ],
                [
                    76,
                    103
                ],
                [
                    77,
                    102
                ],
                [
                    78,
                    102
                ],
                [
                    81,
                    99
                ],
                [
                    81,
                    98
                ],
                [
                    82,
                    97
                ],
                [
                    82,
                    96
                ],
                [
                    83,
                    95
                ],
                [
                    83,
                    87
                ],
                [
                    84,
                    86
                ],
                [
                    84,
                    84
                ],
                [
                    83,
                    83
                ],
                [
                    83,
                    80
                ],
                [
                    85,
                    78
                ],
                [
                    87,
                    78
                ],
                [
                    88,
                    77
                ],
                [
                    88,
                    71
                ],
                [
                    87,
                    70
                ],
                [
                    87,
                    67
                ],
                [
                    88,
                    66
                ],
                [
                    88,
                    65
                ],
                [
                    89,
                    64
                ],
                [
                    89,
                    62
                ],
                [
                    90,
                    61
                ],
                [
                    90,
                    60
                ],
                [
                    91,
                    59
                ],
                [
                    91,
                    54
                ],
                [
                    92,
                    53
                ],
                [
                    92,
                    47
                ],
                [
                    91,
                    46
                ],
                [
                    91,
                    44
                ],
                [
                    90,
                    43
                ],
                [
                    90,
                    41
                ],
                [
                    89,
                    40
                ],
                [
                    89,
                    38
                ],
                [
                    87,
                    36
                ],
                [
                    86,
                    36
                ],
                [
                    83,
                    33
                ],
                [
                    83,
                    30
                ],
                [
                    82,
                    29
                ],
                [
                    79,
                    29
                ],
                [
                    78,
                    30
                ],
                [
                    72,
                    30
                ],
                [
                    71,
                    29
                ],
                [
                    68,
                    29
                ],
                [
                    67,
                    28
                ],
                [
                    64,
                    28
                ],
                [
                    63,
                    27
                ],
                [
                    59,
                    27
                ],
                [
                    58,
                    26
                ],
                [
                    52,
                    26
                ],
                [
                    51,
                    25
                ]
            ],
            "group_id": null,
            "shape_type": "polygon",
            "flags": {}
        }
    ],
    "imagePath": "0.8366_good_tile_37_21_1.png",
    "imageData": null,
    "imageHeight": 118,
    "imageWidth": 115
}