{
    "version": "0.3.3",
    "flags": {},
    "shapes": [
        {
            "label": "1",
            "points": [
                [
                    108,
                    13
                ],
                [
                    106,
                    15
                ],
                [
                    104,
                    15
                ],
                [
                    100,
                    19
                ],
                [
                    100,
                    20
                ],
                [
                    99,
                    21
                ],
                [
                    98,
                    21
                ],
                [
                    97,
                    22
                ],
                [
                    96,
                    22
                ],
                [
                    95,
                    23
                ],
                [
                    94,
                    23
                ],
                [
                    93,
                    24
                ],
                [
                    90,
                    24
                ],
                [
                    89,
                    25
                ],
                [
                    85,
                    25
                ],
                [
                    84,
                    26
                ],
                [
                    82,
                    26
                ],
                [
                    81,
                    27
                ],
                [
                    80,
                    26
                ],
                [
                    74,
                    26
                ],
                [
                    73,
                    27
                ],
                [
                    69,
                    27
                ],
                [
                    68,
                    28
                ],
                [
                    64,
                    28
                ],
                [
                    63,
                    29
                ],
                [
                    62,
                    29
                ],
                [
                    59,
                    32
                ],
                [
                    57,
                    32
                ],
                [
                    50,
                    39
                ],
                [
                    50,
                    40
                ],
                [
                    45,
                    45
                ],
                [
                    45,
                    48
                ],
                [
                    41,
                    52
                ],
                [
                    41,
                    53
                ],
                [
                    35,
                    59
                ],
                [
                    35,
                    60
                ],
                [
                    34,
                    61
                ],
                [
                    33,
                    61
                ],
                [
                    31,
                    63
                ],
                [
                    31,
                    64
                ],
                [
                    30,
                    65
                ],
                [
                    29,
                    65
                ],
                [
                    29,
                    66
                ],
                [
                    26,
                    69
                ],
                [
                    25,
                    69
                ],
                [
                    25,
                    70
                ],
                [
                    24,
                    71
                ],
                [
                    24,
                    78
                ],
                [
                    25,
                    79
                ],
                [
                    25,
                    82
                ],
                [
                    26,
                    83
                ],
                [
                    26,
                    84
                ],
                [
                    25,
                    85
                ],
                [
                    25,
                    88
                ],
                [
                    28,
                    88
                ],
                [
                    32,
                    84
                ],
                [
                    33,
                    84
                ],
                [
                    34,
                    83
                ],
                [
                    35,
                    83
                ],
                [
                    39,
                    79
                ],
                [
                    40,
                    79
                ],
                [
                    41,
                    78
                ],
                [
                    42,
                    78
                ],
                [
                    43,
                    77
                ],
                [
                    44,
                    77
                ],
                [
                    45,
                    76
                ],
                [
                    46,
                    76
                ],
                [
                    47,
                    75
                ],
                [
                    50,
                    75
                ],
                [
                    51,
                    74
                ],
                [
                    53,
                    74
                ],
                [
                    54,
                    73
                ],
                [
                    55,
                    73
                ],
                [
                    56,
                    72
                ],
                [
                    57,
                    72
                ],
                [
                    58,
                    71
                ],
                [
                    59,
                    71
                ],
                [
                    60,
                    70
                ],
                [
                    62,
                    70
                ],
                [
                    63,
                    69
                ],
                [
                    64,
                    69
                ],
                [
                    65,
                    68
                ],
                [
                    66,
                    68
                ],
                [
                    67,
                    67
                ],
                [
                    68,
                    67
                ],
                [
                    69,
                    66
                ],
                [
                    70,
                    66
                ],
                [
                    71,
                    65
                ],
                [
                    72,
                    65
                ],
                [
                    76,
                    61
                ],
                [
                    77,
                    61
                ],
                [
                    79,
                    59
                ],
                [
                    80,
                    59
                ],
                [
                    83,
                    56
                ],
                [
                    83,
                    55
                ],
                [
                    86,
                    52
                ],
                [
                    86,
                    51
                ],
                [
                    88,
                    49
                ],
                [
                    88,
                    48
                ],
                [
                    90,
                    46
                ],
                [
                    90,
                    45
                ],
                [
                    98,
                    37
                ],
                [
                    99,
                    37
                ],
                [
                    101,
                    35
                ],
                [
                    102,
                    35
                ],
                [
                    109,
                    28
                ],
                [
                    109,
                    25
                ],
                [
                    110,
                    24
                ],
                [
                    110,
                    23
                ],
                [
                    111,
                    22
                ],
                [
                    112,
                    22
                ],
                [
                    112,
                    21
                ],
                [
                    110,
                    19
                ],
                [
                    110,
                    18
                ],
                [
                    109,
                    17
                ],
                [
                    109,
                    14
                ]
            ],
            "group_id": null,
            "shape_type": "polygon",
            "flags": {}
        }
    ],
    "imagePath": "0.8624_good_tile_37_21_10.png",
    "imageData": null,
    "imageHeight": 105,
    "imageWidth": 129
}