{
    "version": "0.3.3",
    "flags": {},
    "shapes": [
        {
            "label": "1",
            "points": [
                [
                    53,
                    20
                ],
                [
                    48,
                    25
                ],
                [
                    46,
                    25
                ],
                [
                    46,
                    26
                ],
                [
                    42,
                    30
                ],
                [
                    41,
                    30
                ],
                [
                    40,
                    31
                ],
                [
                    31,
                    31
                ],
                [
                    30,
                    32
                ],
                [
                    29,
                    32
                ],
                [
                    28,
                    33
                ],
                [
                    27,
                    33
                ],
                [
                    26,
                    34
                ],
                [
                    24,
                    34
                ],
                [
                    23,
                    35
                ],
                [
                    21,
                    35
                ],
                [
                    20,
                    36
                ],
                [
                    20,
                    37
                ],
                [
                    19,
                    38
                ],
                [
                    19,
                    39
                ],
                [
                    20,
                    40
                ],
                [
                    20,
                    41
                ],
                [
                    19,
                    42
                ],
                [
                    19,
                    44
                ],
                [
                    18,
                    45
                ],
                [
                    18,
                    46
                ],
                [
                    17,
                    47
                ],
                [
                    17,
                    48
                ],
                [
                    16,
                    49
                ],
                [
                    16,
                    51
                ],
                [
                    15,
                    52
                ],
                [
                    15,
                    54
                ],
                [
                    17,
                    56
                ],
                [
                    17,
                    57
                ],
                [
                    19,
                    59
                ],
                [
                    19,
                    60
                ],
                [
                    22,
                    63
                ],
                [
                    25,
                    63
                ],
                [
                    26,
                    62
                ],
                [
                    29,
                    62
                ],
                [
                    31,
                    60
                ],
                [
                    32,
                    60
                ],
                [
                    34,
                    58
                ],
                [
                    40,
                    58
                ],
                [
                    44,
                    62
                ],
                [
                    44,
                    63
                ],
                [
                    47,
                    66
                ],
                [
                    48,
                    66
                ],
                [
                    49,
                    67
                ],
                [
                    50,
                    67
                ],
                [
                    51,
                    68
                ],
                [
                    56,
                    68
                ],
                [
                    57,
                    67
                ],
                [
                    58,
                    67
                ],
                [
                    58,
                    66
                ],
                [
                    59,
                    65
                ],
                [
                    58,
                    64
                ],
                [
                    58,
                    62
                ],
                [
                    57,
                    61
                ],
                [
                    57,
                    59
                ],
                [
                    55,
                    57
                ],
                [
                    54,
                    57
                ],
                [
                    52,
                    55
                ],
                [
                    52,
                    54
                ],
                [
                    48,
                    50
                ],
                [
                    48,
                    45
                ],
                [
                    52,
                    41
                ],
                [
                    52,
                    37
                ],
                [
                    53,
                    36
                ],
                [
                    53,
                    34
                ],
                [
                    54,
                    33
                ],
                [
                    54,
                    32
                ],
                [
                    60,
                    26
                ],
                [
                    60,
                    25
                ],
                [
                    61,
                    24
                ],
                [
                    61,
                    21
                ],
                [
                    60,
                    20
                ]
            ],
            "group_id": null,
            "shape_type": "polygon",
            "flags": {}
        }
    ],
    "imagePath": "0.8848_good_tile_47_21_8.png",
    "imageData": null,
    "imageHeight": 77,
    "imageWidth": 75
}