{
    "version": "0.3.3",
    "flags": {},
    "shapes": [
        {
            "label": "1",
            "points": [
                [
                    26,
                    15
                ],
                [
                    25,
                    16
                ],
                [
                    24,
                    16
                ],
                [
                    23,
                    17
                ],
                [
                    22,
                    17
                ],
                [
                    21,
                    18
                ],
                [
                    20,
                    18
                ],
                [
                    18,
                    20
                ],
                [
                    18,
                    21
                ],
                [
                    17,
                    22
                ],
                [
                    17,
                    23
                ],
                [
                    16,
                    24
                ],
                [
                    16,
                    26
                ],
                [
                    15,
                    27
                ],
                [
                    15,
                    31
                ],
                [
                    12,
                    34
                ],
                [
                    12,
                    35
                ],
                [
                    13,
                    35
                ],
                [
                    16,
                    38
                ],
                [
                    16,
                    39
                ],
                [
                    18,
                    41
                ],
                [
                    18,
                    43
                ],
                [
                    20,
                    45
                ],
                [
                    23,
                    45
                ],
                [
                    25,
                    47
                ],
                [
                    31,
                    47
                ],
                [
                    32,
                    46
                ],
                [
                    33,
                    47
                ],
                [
                    34,
                    47
                ],
                [
                    35,
                    46
                ],
                [
                    36,
                    46
                ],
                [
                    37,
                    45
                ],
                [
                    41,
                    45
                ],
                [
                    42,
                    44
                ],
                [
                    43,
                    44
                ],
                [
                    44,
                    43
                ],
                [
                    45,
                    43
                ],
                [
                    48,
                    40
                ],
                [
                    48,
                    39
                ],
                [
                    50,
                    37
                ],
                [
                    50,
                    36
                ],
                [
                    51,
                    35
                ],
                [
                    51,
                    29
                ],
                [
                    50,
                    28
                ],
                [
                    50,
                    27
                ],
                [
                    49,
                    26
                ],
                [
                    49,
                    25
                ],
                [
                    44,
                    20
                ],
                [
                    43,
                    20
                ],
                [
                    40,
                    17
                ],
                [
                    38,
                    17
                ],
                [
                    37,
                    16
                ],
                [
                    34,
                    16
                ],
                [
                    33,
                    15
                ]
            ],
            "group_id": null,
            "shape_type": "polygon",
            "flags": {}
        }
    ],
    "imagePath": "0.9246_good_tile_43_35_4.png",
    "imageData": null,
    "imageHeight": 55,
    "imageWidth": 64
}