{
    "version": "0.3.3",
    "flags": {},
    "shapes": [
        {
            "label": "1",
            "points": [
                [
                    25,
                    14
                ],
                [
                    24,
                    15
                ],
                [
                    21,
                    15
                ],
                [
                    20,
                    16
                ],
                [
                    19,
                    16
                ],
                [
                    16,
                    19
                ],
                [
                    15,
                    19
                ],
                [
                    14,
                    20
                ],
                [
                    14,
                    21
                ],
                [
                    13,
                    22
                ],
                [
                    13,
                    23
                ],
                [
                    12,
                    24
                ],
                [
                    12,
                    28
                ],
                [
                    13,
                    29
                ],
                [
                    13,
                    33
                ],
                [
                    14,
                    34
                ],
                [
                    14,
                    36
                ],
                [
                    16,
                    38
                ],
                [
                    16,
                    39
                ],
                [
                    21,
                    44
                ],
                [
                    22,
                    44
                ],
                [
                    23,
                    45
                ],
                [
                    24,
                    45
                ],
                [
                    26,
                    47
                ],
                [
                    27,
                    47
                ],
                [
                    28,
                    48
                ],
                [
                    31,
                    48
                ],
                [
                    32,
                    49
                ],
                [
                    36,
                    49
                ],
                [
                    37,
                    48
                ],
                [
                    41,
                    48
                ],
                [
                    43,
                    46
                ],
                [
                    43,
                    45
                ],
                [
                    44,
                    44
                ],
                [
                    45,
                    44
                ],
                [
                    47,
                    42
                ],
                [
                    47,
                    40
                ],
                [
                    49,
                    38
                ],
                [
                    49,
                    37
                ],
                [
                    50,
                    36
                ],
                [
                    49,
                    35
                ],
                [
                    49,
                    33
                ],
                [
                    48,
                    32
                ],
                [
                    48,
                    31
                ],
                [
                    47,
                    30
                ],
                [
                    47,
                    29
                ],
                [
                    46,
                    28
                ],
                [
                    46,
                    27
                ],
                [
                    45,
                    26
                ],
                [
                    45,
                    25
                ],
                [
                    43,
                    23
                ],
                [
                    42,
                    23
                ],
                [
                    40,
                    21
                ],
                [
                    39,
                    21
                ],
                [
                    34,
                    16
                ],
                [
                    33,
                    16
                ],
                [
                    32,
                    15
                ],
                [
                    31,
                    15
                ],
                [
                    30,
                    14
                ]
            ],
            "group_id": null,
            "shape_type": "polygon",
            "flags": {}
        }
    ],
    "imagePath": "0.9381_good_tile_43_35_3.png",
    "imageData": null,
    "imageHeight": 58,
    "imageWidth": 63
}