{
    "version": "0.3.3",
    "flags": {},
    "shapes": [
        {
            "label": "1",
            "points": [
                [
                    28,
                    18
                ],
                [
                    27,
                    19
                ],
                [
                    25,
                    19
                ],
                [
                    23,
                    21
                ],
                [
                    23,
                    22
                ],
                [
                    22,
                    23
                ],
                [
                    22,
                    25
                ],
                [
                    17,
                    30
                ],
                [
                    17,
                    32
                ],
                [
                    16,
                    33
                ],
                [
                    16,
                    34
                ],
                [
                    15,
                    35
                ],
                [
                    15,
                    37
                ],
                [
                    14,
                    38
                ],
                [
                    14,
                    44
                ],
                [
                    15,
                    45
                ],
                [
                    15,
                    47
                ],
                [
                    16,
                    48
                ],
                [
                    16,
                    54
                ],
                [
                    18,
                    56
                ],
                [
                    20,
                    56
                ],
                [
                    21,
                    57
                ],
                [
                    27,
                    57
                ],
                [
                    28,
                    58
                ],
                [
                    31,
                    58
                ],
                [
                    32,
                    57
                ],
                [
                    34,
                    57
                ],
                [
                    35,
                    56
                ],
                [
                    37,
                    56
                ],
                [
                    38,
                    55
                ],
                [
                    40,
                    55
                ],
                [
                    41,
                    54
                ],
                [
                    42,
                    54
                ],
                [
                    43,
                    53
                ],
                [
                    44,
                    53
                ],
                [
                    45,
                    52
                ],
                [
                    46,
                    52
                ],
                [
                    48,
                    50
                ],
                [
                    48,
                    48
                ],
                [
                    49,
                    47
                ],
                [
                    48,
                    46
                ],
                [
                    48,
                    31
                ],
                [
                    47,
                    30
                ],
                [
                    47,
                    27
                ],
                [
                    46,
                    26
                ],
                [
                    46,
                    25
                ],
                [
                    43,
                    22
                ],
                [
                    43,
                    21
                ],
                [
                    42,
                    20
                ],
                [
                    41,
                    20
                ],
                [
                    40,
                    19
                ],
                [
                    38,
                    19
                ],
                [
                    37,
                    18
                ]
            ],
            "group_id": null,
            "shape_type": "polygon",
            "flags": {}
        }
    ],
    "imagePath": "0.9492_good_tile_50_21_3.png",
    "imageData": null,
    "imageHeight": 66,
    "imageWidth": 63
}