{
    "version": "0.3.3",
    "flags": {},
    "shapes": [
        {
            "label": "1",
            "points": [
                [
                    32,
                    14
                ],
                [
                    31,
                    15
                ],
                [
                    27,
                    15
                ],
                [
                    25,
                    17
                ],
                [
                    25,
                    18
                ],
                [
                    21,
                    22
                ],
                [
                    20,
                    22
                ],
                [
                    19,
                    23
                ],
                [
                    18,
                    23
                ],
                [
                    17,
                    24
                ],
                [
                    17,
                    28
                ],
                [
                    16,
                    29
                ],
                [
                    16,
                    40
                ],
                [
                    17,
                    41
                ],
                [
                    17,
                    42
                ],
                [
                    18,
                    43
                ],
                [
                    18,
                    44
                ],
                [
                    19,
                    45
                ],
                [
                    19,
                    46
                ],
                [
                    20,
                    47
                ],
                [
                    20,
                    48
                ],
                [
                    22,
                    50
                ],
                [
                    23,
                    50
                ],
                [
                    26,
                    53
                ],
                [
                    26,
                    56
                ],
                [
                    27,
                    57
                ],
                [
                    27,
                    58
                ],
                [
                    28,
                    59
                ],
                [
                    28,
                    60
                ],
                [
                    29,
                    60
                ],
                [
                    30,
                    61
                ],
                [
                    31,
                    61
                ],
                [
                    32,
                    62
                ],
                [
                    34,
                    62
                ],
                [
                    37,
                    65
                ],
                [
                    41,
                    65
                ],
                [
                    41,
                    64
                ],
                [
                    42,
                    63
                ],
                [
                    42,
                    62
                ],
                [
                    43,
                    61
                ],
                [
                    44,
                    61
                ],
                [
                    44,
                    60
                ],
                [
                    45,
                    59
                ],
                [
                    45,
                    58
                ],
                [
                    46,
                    57
                ],
                [
                    46,
                    53
                ],
                [
                    44,
                    53
                ],
                [
                    43,
                    52
                ],
                [
                    43,
                    51
                ],
                [
                    45,
                    49
                ],
                [
                    45,
                    47
                ],
                [
                    46,
                    46
                ],
                [
                    46,
                    44
                ],
                [
                    52,
                    38
                ],
                [
                    52,
                    36
                ],
                [
                    54,
                    34
                ],
                [
                    55,
                    34
                ],
                [
                    55,
                    31
                ],
                [
                    54,
                    30
                ],
                [
                    54,
                    26
                ],
                [
                    53,
                    25
                ],
                [
                    53,
                    24
                ],
                [
                    52,
                    23
                ],
                [
                    51,
                    23
                ],
                [
                    50,
                    22
                ],
                [
                    49,
                    22
                ],
                [
                    48,
                    21
                ],
                [
                    46,
                    21
                ],
                [
                    45,
                    20
                ],
                [
                    45,
                    19
                ],
                [
                    42,
                    16
                ],
                [
                    38,
                    16
                ],
                [
                    37,
                    15
                ],
                [
                    36,
                    15
                ],
                [
                    35,
                    14
                ]
            ],
            "group_id": null,
            "shape_type": "polygon",
            "flags": {}
        }
    ],
    "imagePath": "0.9414_good_tile_50_21_13.png",
    "imageData": null,
    "imageHeight": 72,
    "imageWidth": 67
}