{
    "version": "0.3.3",
    "flags": {},
    "shapes": [
        {
            "label": "1",
            "points": [
                [
                    48,
                    14
                ],
                [
                    47,
                    15
                ],
                [
                    46,
                    15
                ],
                [
                    44,
                    17
                ],
                [
                    43,
                    17
                ],
                [
                    41,
                    19
                ],
                [
                    40,
                    19
                ],
                [
                    40,
                    20
                ],
                [
                    39,
                    21
                ],
                [
                    39,
                    23
                ],
                [
                    38,
                    24
                ],
                [
                    38,
                    25
                ],
                [
                    34,
                    29
                ],
                [
                    31,
                    29
                ],
                [
                    30,
                    30
                ],
                [
                    29,
                    30
                ],
                [
                    29,
                    31
                ],
                [
                    28,
                    32
                ],
                [
                    28,
                    34
                ],
                [
                    27,
                    35
                ],
                [
                    27,
                    36
                ],
                [
                    26,
                    37
                ],
                [
                    26,
                    39
                ],
                [
                    25,
                    40
                ],
                [
                    25,
                    41
                ],
                [
                    24,
                    42
                ],
                [
                    24,
                    43
                ],
                [
                    23,
                    44
                ],
                [
                    23,
                    46
                ],
                [
                    22,
                    47
                ],
                [
                    22,
                    48
                ],
                [
                    21,
                    49
                ],
                [
                    21,
                    50
                ],
                [
                    20,
                    51
                ],
                [
                    20,
                    53
                ],
                [
                    19,
                    54
                ],
                [
                    19,
                    59
                ],
                [
                    18,
                    60
                ],
                [
                    18,
                    73
                ],
                [
                    19,
                    74
                ],
                [
                    19,
                    81
                ],
                [
                    18,
                    82
                ],
                [
                    18,
                    100
                ],
                [
                    19,
                    101
                ],
                [
                    19,
                    104
                ],
                [
                    20,
                    105
                ],
                [
                    20,
                    108
                ],
                [
                    24,
                    112
                ],
                [
                    25,
                    112
                ],
                [
                    28,
                    115
                ],
                [
                    28,
                    117
                ],
                [
                    29,
                    118
                ],
                [
                    29,
                    119
                ],
                [
                    33,
                    119
                ],
                [
                    34,
                    120
                ],
                [
                    35,
                    119
                ],
                [
                    36,
                    119
                ],
                [
                    37,
                    118
                ],
                [
                    43,
                    118
                ],
                [
                    44,
                    119
                ],
                [
                    51,
                    119
                ],
                [
                    53,
                    117
                ],
                [
                    54,
                    117
                ],
                [
                    55,
                    116
                ],
                [
                    55,
                    111
                ],
                [
                    54,
                    110
                ],
                [
                    54,
                    108
                ],
                [
                    53,
                    107
                ],
                [
                    53,
                    103
                ],
                [
                    54,
                    102
                ],
                [
                    54,
                    95
                ],
                [
                    55,
                    94
                ],
                [
                    55,
                    90
                ],
                [
                    56,
                    89
                ],
                [
                    56,
                    88
                ],
                [
                    57,
                    87
                ],
                [
                    57,
                    85
                ],
                [
                    58,
                    84
                ],
                [
                    58,
                    82
                ],
                [
                    59,
                    81
                ],
                [
                    58,
                    80
                ],
                [
                    58,
                    77
                ],
                [
                    59,
                    76
                ],
                [
                    59,
                    74
                ],
                [
                    60,
                    73
                ],
                [
                    60,
                    71
                ],
                [
                    61,
                    70
                ],
                [
                    61,
                    67
                ],
                [
                    62,
                    66
                ],
                [
                    62,
                    63
                ],
                [
                    63,
                    62
                ],
                [
                    63,
                    58
                ],
                [
                    64,
                    57
                ],
                [
                    64,
                    54
                ],
                [
                    63,
                    53
                ],
                [
                    63,
                    50
                ],
                [
                    62,
                    49
                ],
                [
                    62,
                    47
                ],
                [
                    61,
                    46
                ],
                [
                    61,
                    45
                ],
                [
                    60,
                    44
                ],
                [
                    60,
                    43
                ],
                [
                    59,
                    42
                ],
                [
                    59,
                    41
                ],
                [
                    58,
                    40
                ],
                [
                    58,
                    39
                ],
                [
                    59,
                    38
                ],
                [
                    61,
                    38
                ],
                [
                    61,
                    37
                ],
                [
                    60,
                    36
                ],
                [
                    58,
                    36
                ],
                [
                    57,
                    35
                ],
                [
                    56,
                    35
                ],
                [
                    52,
                    31
                ],
                [
                    51,
                    31
                ],
                [
                    49,
                    29
                ],
                [
                    49,
                    26
                ],
                [
                    50,
                    25
                ],
                [
                    51,
                    25
                ],
                [
                    53,
                    23
                ],
                [
                    53,
                    19
                ],
                [
                    52,
                    18
                ],
                [
                    51,
                    18
                ],
                [
                    50,
                    17
                ],
                [
                    50,
                    14
                ]
            ],
            "group_id": null,
            "shape_type": "polygon",
            "flags": {}
        }
    ],
    "imagePath": "0.9604_good_tile_43_35_1.png",
    "imageData": null,
    "imageHeight": 133,
    "imageWidth": 79
}