{
    "version": "0.3.3",
    "flags": {},
    "shapes": [
        {
            "label": "1",
            "points": [
                [
                    33,
                    18
                ],
                [
                    32,
                    19
                ],
                [
                    31,
                    19
                ],
                [
                    30,
                    20
                ],
                [
                    29,
                    20
                ],
                [
                    25,
                    24
                ],
                [
                    24,
                    24
                ],
                [
                    20,
                    28
                ],
                [
                    20,
                    29
                ],
                [
                    19,
                    30
                ],
                [
                    19,
                    31
                ],
                [
                    18,
                    32
                ],
                [
                    18,
                    33
                ],
                [
                    17,
                    34
                ],
                [
                    17,
                    36
                ],
                [
                    16,
                    37
                ],
                [
                    16,
                    39
                ],
                [
                    15,
                    40
                ],
                [
                    15,
                    46
                ],
                [
                    17,
                    48
                ],
                [
                    18,
                    48
                ],
                [
                    19,
                    49
                ],
                [
                    21,
                    49
                ],
                [
                    22,
                    50
                ],
                [
                    24,
                    50
                ],
                [
                    25,
                    51
                ],
                [
                    29,
                    51
                ],
                [
                    30,
                    50
                ],
                [
                    36,
                    50
                ],
                [
                    37,
                    51
                ],
                [
                    39,
                    51
                ],
                [
                    40,
                    50
                ],
                [
                    41,
                    50
                ],
                [
                    42,
                    51
                ],
                [
                    43,
                    51
                ],
                [
                    44,
                    50
                ],
                [
                    48,
                    50
                ],
                [
                    49,
                    49
                ],
                [
                    53,
                    49
                ],
                [
                    54,
                    50
                ],
                [
                    54,
                    51
                ],
                [
                    53,
                    52
                ],
                [
                    53,
                    54
                ],
                [
                    55,
                    54
                ],
                [
                    56,
                    53
                ],
                [
                    56,
                    48
                ],
                [
                    57,
                    47
                ],
                [
                    57,
                    46
                ],
                [
                    59,
                    44
                ],
                [
                    60,
                    44
                ],
                [
                    61,
                    43
                ],
                [
                    61,
                    40
                ],
                [
                    62,
                    39
                ],
                [
                    62,
                    37
                ],
                [
                    61,
                    36
                ],
                [
                    61,
                    35
                ],
                [
                    59,
                    33
                ],
                [
                    59,
                    31
                ],
                [
                    58,
                    30
                ],
                [
                    58,
                    29
                ],
                [
                    57,
                    28
                ],
                [
                    57,
                    27
                ],
                [
                    56,
                    26
                ],
                [
                    56,
                    25
                ],
                [
                    55,
                    24
                ],
                [
                    54,
                    24
                ],
                [
                    53,
                    23
                ],
                [
                    52,
                    23
                ],
                [
                    49,
                    20
                ],
                [
                    48,
                    20
                ],
                [
                    47,
                    19
                ],
                [
                    43,
                    19
                ],
                [
                    42,
                    18
                ],
                [
                    41,
                    19
                ],
                [
                    36,
                    19
                ],
                [
                    35,
                    18
                ]
            ],
            "group_id": null,
            "shape_type": "polygon",
            "flags": {}
        }
    ],
    "imagePath": "0.9639_good_tile_47_21_2.png",
    "imageData": null,
    "imageHeight": 62,
    "imageWidth": 77
}