{
    "version": "0.3.3",
    "flags": {},
    "shapes": [
        {
            "label": "1",
            "points": [
                [
                    27,
                    14
                ],
                [
                    26,
                    15
                ],
                [
                    25,
                    15
                ],
                [
                    24,
                    16
                ],
                [
                    23,
                    16
                ],
                [
                    22,
                    17
                ],
                [
                    21,
                    17
                ],
                [
                    20,
                    18
                ],
                [
                    19,
                    18
                ],
                [
                    19,
                    19
                ],
                [
                    18,
                    20
                ],
                [
                    18,
                    21
                ],
                [
                    17,
                    22
                ],
                [
                    17,
                    23
                ],
                [
                    15,
                    25
                ],
                [
                    13,
                    25
                ],
                [
                    13,
                    35
                ],
                [
                    12,
                    36
                ],
                [
                    12,
                    39
                ],
                [
                    14,
                    41
                ],
                [
                    14,
                    42
                ],
                [
                    15,
                    43
                ],
                [
                    15,
                    44
                ],
                [
                    18,
                    47
                ],
                [
                    19,
                    47
                ],
                [
                    20,
                    48
                ],
                [
                    21,
                    48
                ],
                [
                    22,
                    49
                ],
                [
                    23,
                    49
                ],
                [
                    24,
                    50
                ],
                [
                    35,
                    50
                ],
                [
                    36,
                    49
                ],
                [
                    37,
                    49
                ],
                [
                    38,
                    48
                ],
                [
                    40,
                    48
                ],
                [
                    43,
                    45
                ],
                [
                    43,
                    44
                ],
                [
                    45,
                    42
                ],
                [
                    45,
                    41
                ],
                [
                    46,
                    40
                ],
                [
                    46,
                    37
                ],
                [
                    47,
                    36
                ],
                [
                    47,
                    25
                ],
                [
                    45,
                    23
                ],
                [
                    45,
                    22
                ],
                [
                    44,
                    21
                ],
                [
                    44,
                    20
                ],
                [
                    43,
                    20
                ],
                [
                    42,
                    19
                ],
                [
                    41,
                    19
                ],
                [
                    40,
                    18
                ],
                [
                    39,
                    18
                ],
                [
                    38,
                    17
                ],
                [
                    37,
                    17
                ],
                [
                    35,
                    15
                ],
                [
                    34,
                    15
                ],
                [
                    33,
                    14
                ]
            ],
            "group_id": null,
            "shape_type": "polygon",
            "flags": {}
        }
    ],
    "imagePath": "0.9642_good_tile_43_35_8.png",
    "imageData": null,
    "imageHeight": 56,
    "imageWidth": 57
}