{
    "version": "0.3.3",
    "flags": {},
    "shapes": [
        {
            "label": "1",
            "points": [
                [
                    33,
                    13
                ],
                [
                    31,
                    15
                ],
                [
                    20,
                    15
                ],
                [
                    19,
                    16
                ],
                [
                    18,
                    16
                ],
                [
                    13,
                    21
                ],
                [
                    13,
                    22
                ],
                [
                    12,
                    23
                ],
                [
                    12,
                    24
                ],
                [
                    11,
                    25
                ],
                [
                    11,
                    31
                ],
                [
                    12,
                    32
                ],
                [
                    12,
                    33
                ],
                [
                    13,
                    33
                ],
                [
                    14,
                    34
                ],
                [
                    15,
                    34
                ],
                [
                    16,
                    35
                ],
                [
                    23,
                    35
                ],
                [
                    24,
                    34
                ],
                [
                    26,
                    34
                ],
                [
                    27,
                    33
                ],
                [
                    28,
                    33
                ],
                [
                    30,
                    31
                ],
                [
                    30,
                    30
                ],
                [
                    32,
                    28
                ],
                [
                    32,
                    27
                ],
                [
                    34,
                    25
                ],
                [
                    34,
                    24
                ],
                [
                    36,
                    22
                ],
                [
                    39,
                    22
                ],
                [
                    40,
                    21
                ],
                [
                    40,
                    20
                ],
                [
                    41,
                    19
                ],
                [
                    41,
                    17
                ],
                [
                    40,
                    16
                ],
                [
                    40,
                    15
                ],
                [
                    39,
                    14
                ],
                [
                    38,
                    14
                ],
                [
                    37,
                    13
                ]
            ],
            "group_id": null,
            "shape_type": "polygon",
            "flags": {}
        }
    ],
    "imagePath": "0.9779_good_tile_43_35_11.png",
    "imageData": null,
    "imageHeight": 43,
    "imageWidth": 51
}