{
    "version": "0.3.3",
    "flags": {},
    "shapes": [
        {
            "label": "1",
            "points": [
                [
                    36,
                    15
                ],
                [
                    33,
                    18
                ],
                [
                    27,
                    18
                ],
                [
                    26,
                    19
                ],
                [
                    25,
                    19
                ],
                [
                    22,
                    22
                ],
                [
                    22,
                    23
                ],
                [
                    18,
                    27
                ],
                [
                    18,
                    28
                ],
                [
                    17,
                    29
                ],
                [
                    17,
                    30
                ],
                [
                    15,
                    32
                ],
                [
                    15,
                    34
                ],
                [
                    14,
                    35
                ],
                [
                    14,
                    42
                ],
                [
                    13,
                    43
                ],
                [
                    13,
                    46
                ],
                [
                    12,
                    47
                ],
                [
                    12,
                    48
                ],
                [
                    13,
                    49
                ],
                [
                    13,
                    51
                ],
                [
                    14,
                    52
                ],
                [
                    14,
                    53
                ],
                [
                    16,
                    55
                ],
                [
                    16,
                    56
                ],
                [
                    17,
                    57
                ],
                [
                    18,
                    57
                ],
                [
                    19,
                    58
                ],
                [
                    22,
                    58
                ],
                [
                    23,
                    59
                ],
                [
                    24,
                    59
                ],
                [
                    25,
                    60
                ],
                [
                    29,
                    60
                ],
                [
                    30,
                    59
                ],
                [
                    31,
                    59
                ],
                [
                    34,
                    56
                ],
                [
                    35,
                    56
                ],
                [
                    36,
                    55
                ],
                [
                    37,
                    55
                ],
                [
                    38,
                    54
                ],
                [
                    38,
                    52
                ],
                [
                    39,
                    51
                ],
                [
                    39,
                    50
                ],
                [
                    40,
                    49
                ],
                [
                    40,
                    48
                ],
                [
                    41,
                    47
                ],
                [
                    41,
                    45
                ],
                [
                    43,
                    43
                ],
                [
                    43,
                    42
                ],
                [
                    44,
                    41
                ],
                [
                    44,
                    40
                ],
                [
                    45,
                    39
                ],
                [
                    45,
                    38
                ],
                [
                    44,
                    37
                ],
                [
                    44,
                    31
                ],
                [
                    43,
                    30
                ],
                [
                    43,
                    27
                ],
                [
                    42,
                    26
                ],
                [
                    42,
                    23
                ],
                [
                    41,
                    22
                ],
                [
                    41,
                    21
                ],
                [
                    40,
                    20
                ],
                [
                    40,
                    19
                ],
                [
                    38,
                    17
                ],
                [
                    38,
                    16
                ],
                [
                    37,
                    15
                ]
            ],
            "group_id": null,
            "shape_type": "polygon",
            "flags": {}
        }
    ],
    "imagePath": "0.9794_good_tile_47_21_3.png",
    "imageData": null,
    "imageHeight": 69,
    "imageWidth": 59
}