{
    "version": "0.3.3",
    "flags": {},
    "shapes": [
        {
            "label": "1",
            "points": [
                [
                    21,
                    12
                ],
                [
                    18,
                    15
                ],
                [
                    17,
                    15
                ],
                [
                    16,
                    16
                ],
                [
                    15,
                    16
                ],
                [
                    13,
                    18
                ],
                [
                    13,
                    19
                ],
                [
                    12,
                    20
                ],
                [
                    12,
                    26
                ],
                [
                    13,
                    27
                ],
                [
                    13,
                    28
                ],
                [
                    15,
                    30
                ],
                [
                    16,
                    30
                ],
                [
                    18,
                    32
                ],
                [
                    25,
                    32
                ],
                [
                    26,
                    31
                ],
                [
                    27,
                    31
                ],
                [
                    28,
                    30
                ],
                [
                    29,
                    30
                ],
                [
                    32,
                    27
                ],
                [
                    33,
                    28
                ],
                [
                    33,
                    29
                ],
                [
                    34,
                    30
                ],
                [
                    35,
                    30
                ],
                [
                    36,
                    31
                ],
                [
                    40,
                    31
                ],
                [
                    40,
                    29
                ],
                [
                    39,
                    28
                ],
                [
                    39,
                    27
                ],
                [
                    38,
                    27
                ],
                [
                    36,
                    25
                ],
                [
                    35,
                    25
                ],
                [
                    34,
                    26
                ],
                [
                    33,
                    26
                ],
                [
                    32,
                    25
                ],
                [
                    32,
                    24
                ],
                [
                    33,
                    23
                ],
                [
                    33,
                    17
                ],
                [
                    29,
                    13
                ],
                [
                    28,
                    13
                ],
                [
                    27,
                    12
                ]
            ],
            "group_id": null,
            "shape_type": "polygon",
            "flags": {}
        }
    ],
    "imagePath": "0.9866_good_tile_43_35_13.png",
    "imageData": null,
    "imageHeight": 40,
    "imageWidth": 48
}