{
    "version": "0.3.3",
    "flags": {},
    "shapes": [
        {
            "label": "1",
            "points": [
                [
                    33,
                    17
                ],
                [
                    32,
                    18
                ],
                [
                    32,
                    21
                ],
                [
                    33,
                    21
                ],
                [
                    34,
                    22
                ],
                [
                    33,
                    23
                ],
                [
                    32,
                    23
                ],
                [
                    31,
                    24
                ],
                [
                    30,
                    24
                ],
                [
                    29,
                    25
                ],
                [
                    28,
                    25
                ],
                [
                    26,
                    27
                ],
                [
                    25,
                    27
                ],
                [
                    24,
                    28
                ],
                [
                    24,
                    29
                ],
                [
                    22,
                    31
                ],
                [
                    22,
                    32
                ],
                [
                    21,
                    33
                ],
                [
                    21,
                    34
                ],
                [
                    20,
                    35
                ],
                [
                    20,
                    36
                ],
                [
                    19,
                    37
                ],
                [
                    19,
                    38
                ],
                [
                    18,
                    39
                ],
                [
                    18,
                    40
                ],
                [
                    17,
                    41
                ],
                [
                    17,
                    43
                ],
                [
                    16,
                    44
                ],
                [
                    16,
                    46
                ],
                [
                    17,
                    47
                ],
                [
                    17,
                    55
                ],
                [
                    19,
                    57
                ],
                [
                    19,
                    58
                ],
                [
                    20,
                    59
                ],
                [
                    20,
                    60
                ],
                [
                    25,
                    65
                ],
                [
                    25,
                    66
                ],
                [
                    26,
                    66
                ],
                [
                    30,
                    70
                ],
                [
                    31,
                    70
                ],
                [
                    33,
                    72
                ],
                [
                    35,
                    72
                ],
                [
                    36,
                    73
                ],
                [
                    45,
                    73
                ],
                [
                    46,
                    72
                ],
                [
                    49,
                    72
                ],
                [
                    50,
                    71
                ],
                [
                    52,
                    71
                ],
                [
                    60,
                    63
                ],
                [
                    60,
                    62
                ],
                [
                    61,
                    61
                ],
                [
                    61,
                    58
                ],
                [
                    62,
                    57
                ],
                [
                    62,
                    54
                ],
                [
                    63,
                    53
                ],
                [
                    63,
                    43
                ],
                [
                    62,
                    42
                ],
                [
                    62,
                    41
                ],
                [
                    61,
                    40
                ],
                [
                    61,
                    39
                ],
                [
                    60,
                    38
                ],
                [
                    60,
                    37
                ],
                [
                    52,
                    29
                ],
                [
                    51,
                    29
                ],
                [
                    50,
                    28
                ],
                [
                    49,
                    28
                ],
                [
                    44,
                    23
                ],
                [
                    43,
                    23
                ],
                [
                    42,
                    22
                ],
                [
                    41,
                    22
                ],
                [
                    40,
                    21
                ],
                [
                    39,
                    21
                ],
                [
                    37,
                    19
                ],
                [
                    37,
                    18
                ],
                [
                    36,
                    18
                ],
                [
                    35,
                    17
                ]
            ],
            "group_id": null,
            "shape_type": "polygon",
            "flags": {}
        }
    ],
    "imagePath": "0.9907_good_tile_47_21_0.png",
    "imageData": null,
    "imageHeight": 87,
    "imageWidth": 82
}