{
    "version": "0.3.3",
    "flags": {},
    "shapes": [
        {
            "label": "1",
            "points": [
                [
                    42,
                    17
                ],
                [
                    41,
                    18
                ],
                [
                    40,
                    18
                ],
                [
                    39,
                    19
                ],
                [
                    38,
                    19
                ],
                [
                    37,
                    18
                ],
                [
                    33,
                    18
                ],
                [
                    32,
                    19
                ],
                [
                    28,
                    19
                ],
                [
                    27,
                    20
                ],
                [
                    26,
                    20
                ],
                [
                    23,
                    23
                ],
                [
                    23,
                    24
                ],
                [
                    22,
                    25
                ],
                [
                    22,
                    26
                ],
                [
                    21,
                    27
                ],
                [
                    21,
                    28
                ],
                [
                    19,
                    30
                ],
                [
                    19,
                    31
                ],
                [
                    18,
                    32
                ],
                [
                    18,
                    35
                ],
                [
                    17,
                    36
                ],
                [
                    17,
                    38
                ],
                [
                    18,
                    39
                ],
                [
                    18,
                    42
                ],
                [
                    16,
                    44
                ],
                [
                    16,
                    45
                ],
                [
                    15,
                    46
                ],
                [
                    18,
                    49
                ],
                [
                    18,
                    52
                ],
                [
                    19,
                    53
                ],
                [
                    20,
                    53
                ],
                [
                    21,
                    54
                ],
                [
                    23,
                    54
                ],
                [
                    24,
                    55
                ],
                [
                    25,
                    55
                ],
                [
                    26,
                    56
                ],
                [
                    28,
                    56
                ],
                [
                    29,
                    57
                ],
                [
                    37,
                    57
                ],
                [
                    38,
                    56
                ],
                [
                    40,
                    56
                ],
                [
                    41,
                    55
                ],
                [
                    42,
                    55
                ],
                [
                    44,
                    53
                ],
                [
                    45,
                    53
                ],
                [
                    46,
                    52
                ],
                [
                    47,
                    52
                ],
                [
                    50,
                    49
                ],
                [
                    50,
                    48
                ],
                [
                    52,
                    46
                ],
                [
                    52,
                    42
                ],
                [
                    51,
                    41
                ],
                [
                    51,
                    38
                ],
                [
                    50,
                    37
                ],
                [
                    50,
                    35
                ],
                [
                    49,
                    34
                ],
                [
                    49,
                    32
                ],
                [
                    48,
                    31
                ],
                [
                    48,
                    30
                ],
                [
                    47,
                    29
                ],
                [
                    47,
                    28
                ],
                [
                    46,
                    27
                ],
                [
                    46,
                    26
                ],
                [
                    45,
                    25
                ],
                [
                    45,
                    24
                ],
                [
                    44,
                    23
                ],
                [
                    44,
                    21
                ],
                [
                    43,
                    20
                ],
                [
                    43,
                    17
                ]
            ],
            "group_id": null,
            "shape_type": "polygon",
            "flags": {}
        }
    ],
    "imagePath": "0.9912_good_tile_50_21_1.png",
    "imageData": null,
    "imageHeight": 66,
    "imageWidth": 68
}