{
    "version": "0.3.3",
    "flags": {},
    "shapes": [
        {
            "label": "1",
            "points": [
                [
                    32,
                    16
                ],
                [
                    31,
                    17
                ],
                [
                    30,
                    17
                ],
                [
                    29,
                    18
                ],
                [
                    26,
                    18
                ],
                [
                    25,
                    19
                ],
                [
                    25,
                    20
                ],
                [
                    24,
                    21
                ],
                [
                    24,
                    22
                ],
                [
                    23,
                    23
                ],
                [
                    22,
                    23
                ],
                [
                    21,
                    24
                ],
                [
                    20,
                    24
                ],
                [
                    19,
                    25
                ],
                [
                    19,
                    26
                ],
                [
                    17,
                    28
                ],
                [
                    16,
                    28
                ],
                [
                    14,
                    30
                ],
                [
                    14,
                    31
                ],
                [
                    13,
                    32
                ],
                [
                    13,
                    34
                ],
                [
                    14,
                    35
                ],
                [
                    14,
                    36
                ],
                [
                    15,
                    36
                ],
                [
                    16,
                    37
                ],
                [
                    16,
                    38
                ],
                [
                    17,
                    39
                ],
                [
                    17,
                    46
                ],
                [
                    18,
                    47
                ],
                [
                    18,
                    48
                ],
                [
                    19,
                    49
                ],
                [
                    21,
                    49
                ],
                [
                    24,
                    52
                ],
                [
                    24,
                    53
                ],
                [
                    25,
                    53
                ],
                [
                    28,
                    56
                ],
                [
                    29,
                    56
                ],
                [
                    31,
                    58
                ],
                [
                    32,
                    58
                ],
                [
                    33,
                    59
                ],
                [
                    35,
                    59
                ],
                [
                    36,
                    60
                ],
                [
                    41,
                    60
                ],
                [
                    43,
                    58
                ],
                [
                    44,
                    58
                ],
                [
                    45,
                    57
                ],
                [
                    47,
                    57
                ],
                [
                    47,
                    56
                ],
                [
                    52,
                    51
                ],
                [
                    53,
                    51
                ],
                [
                    54,
                    50
                ],
                [
                    54,
                    49
                ],
                [
                    55,
                    48
                ],
                [
                    55,
                    47
                ],
                [
                    57,
                    45
                ],
                [
                    58,
                    45
                ],
                [
                    58,
                    39
                ],
                [
                    57,
                    38
                ],
                [
                    57,
                    30
                ],
                [
                    58,
                    29
                ],
                [
                    57,
                    28
                ],
                [
                    55,
                    28
                ],
                [
                    54,
                    29
                ],
                [
                    48,
                    23
                ],
                [
                    46,
                    23
                ],
                [
                    43,
                    20
                ],
                [
                    40,
                    20
                ],
                [
                    38,
                    18
                ],
                [
                    35,
                    18
                ],
                [
                    34,
                    17
                ],
                [
                    33,
                    17
                ]
            ],
            "group_id": null,
            "shape_type": "polygon",
            "flags": {}
        }
    ],
    "imagePath": "0.9998_good_tile_37_21_3.png",
    "imageData": null,
    "imageHeight": 68,
    "imageWidth": 73
}