{
    "version": "0.3.3",
    "flags": {},
    "shapes": [
        {
            "label": "1",
            "points": [
                [
                    26,
                    16
                ],
                [
                    25,
                    17
                ],
                [
                    21,
                    17
                ],
                [
                    20,
                    18
                ],
                [
                    20,
                    19
                ],
                [
                    18,
                    21
                ],
                [
                    18,
                    22
                ],
                [
                    16,
                    24
                ],
                [
                    15,
                    24
                ],
                [
                    14,
                    25
                ],
                [
                    14,
                    30
                ],
                [
                    16,
                    32
                ],
                [
                    17,
                    32
                ],
                [
                    19,
                    34
                ],
                [
                    19,
                    35
                ],
                [
                    20,
                    36
                ],
                [
                    20,
                    37
                ],
                [
                    21,
                    38
                ],
                [
                    21,
                    39
                ],
                [
                    23,
                    41
                ],
                [
                    23,
                    42
                ],
                [
                    26,
                    45
                ],
                [
                    26,
                    46
                ],
                [
                    29,
                    49
                ],
                [
                    31,
                    49
                ],
                [
                    32,
                    50
                ],
                [
                    36,
                    50
                ],
                [
                    37,
                    51
                ],
                [
                    38,
                    51
                ],
                [
                    39,
                    50
                ],
                [
                    41,
                    50
                ],
                [
                    43,
                    48
                ],
                [
                    43,
                    46
                ],
                [
                    44,
                    45
                ],
                [
                    44,
                    40
                ],
                [
                    45,
                    39
                ],
                [
                    45,
                    37
                ],
                [
                    44,
                    36
                ],
                [
                    44,
                    32
                ],
                [
                    43,
                    31
                ],
                [
                    43,
                    30
                ],
                [
                    42,
                    29
                ],
                [
                    42,
                    28
                ],
                [
                    41,
                    27
                ],
                [
                    41,
                    26
                ],
                [
                    40,
                    25
                ],
                [
                    40,
                    24
                ],
                [
                    36,
                    20
                ],
                [
                    35,
                    20
                ],
                [
                    33,
                    18
                ],
                [
                    32,
                    18
                ],
                [
                    31,
                    17
                ],
                [
                    29,
                    17
                ],
                [
                    28,
                    16
                ]
            ],
            "group_id": null,
            "shape_type": "polygon",
            "flags": {}
        }
    ],
    "imagePath": "0.9995_good_tile_43_35_12.png",
    "imageData": null,
    "imageHeight": 59,
    "imageWidth": 59
}