{
    "version": "0.3.3",
    "flags": {},
    "shapes": [
        {
            "label": "1",
            "points": [
                [
                    32,
                    16
                ],
                [
                    31,
                    17
                ],
                [
                    29,
                    17
                ],
                [
                    28,
                    18
                ],
                [
                    27,
                    18
                ],
                [
                    24,
                    21
                ],
                [
                    24,
                    22
                ],
                [
                    23,
                    23
                ],
                [
                    23,
                    24
                ],
                [
                    22,
                    25
                ],
                [
                    22,
                    26
                ],
                [
                    21,
                    27
                ],
                [
                    21,
                    29
                ],
                [
                    20,
                    30
                ],
                [
                    20,
                    31
                ],
                [
                    19,
                    32
                ],
                [
                    19,
                    33
                ],
                [
                    18,
                    34
                ],
                [
                    18,
                    35
                ],
                [
                    17,
                    36
                ],
                [
                    17,
                    39
                ],
                [
                    16,
                    40
                ],
                [
                    16,
                    45
                ],
                [
                    17,
                    46
                ],
                [
                    17,
                    48
                ],
                [
                    21,
                    52
                ],
                [
                    33,
                    52
                ],
                [
                    34,
                    51
                ],
                [
                    35,
                    51
                ],
                [
                    36,
                    50
                ],
                [
                    37,
                    50
                ],
                [
                    38,
                    49
                ],
                [
                    40,
                    49
                ],
                [
                    41,
                    48
                ],
                [
                    42,
                    48
                ],
                [
                    43,
                    47
                ],
                [
                    44,
                    47
                ],
                [
                    47,
                    44
                ],
                [
                    48,
                    44
                ],
                [
                    48,
                    43
                ],
                [
                    51,
                    40
                ],
                [
                    51,
                    39
                ],
                [
                    52,
                    38
                ],
                [
                    52,
                    34
                ],
                [
                    53,
                    33
                ],
                [
                    52,
                    32
                ],
                [
                    52,
                    28
                ],
                [
                    51,
                    27
                ],
                [
                    51,
                    25
                ],
                [
                    50,
                    24
                ],
                [
                    49,
                    24
                ],
                [
                    44,
                    19
                ],
                [
                    43,
                    19
                ],
                [
                    42,
                    18
                ],
                [
                    41,
                    18
                ],
                [
                    40,
                    17
                ],
                [
                    39,
                    17
                ],
                [
                    38,
                    16
                ]
            ],
            "group_id": null,
            "shape_type": "polygon",
            "flags": {}
        }
    ],
    "imagePath": "0.9990_good_tile_37_21_2.png",
    "imageData": null,
    "imageHeight": 63,
    "imageWidth": 68
}