{
    "version": "0.3.3",
    "flags": {},
    "shapes": [
        {
            "label": "1",
            "points": [
                [
                    31,
                    17
                ],
                [
                    30,
                    18
                ],
                [
                    27,
                    18
                ],
                [
                    26,
                    19
                ],
                [
                    25,
                    19
                ],
                [
                    24,
                    20
                ],
                [
                    23,
                    20
                ],
                [
                    19,
                    24
                ],
                [
                    19,
                    25
                ],
                [
                    18,
                    26
                ],
                [
                    18,
                    27
                ],
                [
                    16,
                    29
                ],
                [
                    16,
                    31
                ],
                [
                    15,
                    32
                ],
                [
                    15,
                    39
                ],
                [
                    16,
                    40
                ],
                [
                    16,
                    41
                ],
                [
                    17,
                    42
                ],
                [
                    17,
                    43
                ],
                [
                    18,
                    44
                ],
                [
                    18,
                    45
                ],
                [
                    21,
                    48
                ],
                [
                    22,
                    48
                ],
                [
                    23,
                    49
                ],
                [
                    24,
                    49
                ],
                [
                    26,
                    51
                ],
                [
                    27,
                    51
                ],
                [
                    28,
                    52
                ],
                [
                    37,
                    52
                ],
                [
                    38,
                    51
                ],
                [
                    41,
                    51
                ],
                [
                    42,
                    50
                ],
                [
                    43,
                    50
                ],
                [
                    44,
                    49
                ],
                [
                    45,
                    49
                ],
                [
                    47,
                    47
                ],
                [
                    47,
                    46
                ],
                [
                    50,
                    43
                ],
                [
                    50,
                    42
                ],
                [
                    51,
                    41
                ],
                [
                    51,
                    39
                ],
                [
                    52,
                    38
                ],
                [
                    52,
                    36
                ],
                [
                    53,
                    35
                ],
                [
                    53,
                    31
                ],
                [
                    52,
                    30
                ],
                [
                    52,
                    29
                ],
                [
                    51,
                    28
                ],
                [
                    51,
                    27
                ],
                [
                    49,
                    25
                ],
                [
                    49,
                    24
                ],
                [
                    44,
                    19
                ],
                [
                    43,
                    19
                ],
                [
                    42,
                    18
                ],
                [
                    41,
                    18
                ],
                [
                    40,
                    17
                ]
            ],
            "group_id": null,
            "shape_type": "polygon",
            "flags": {}
        }
    ],
    "imagePath": "0.9997_good_tile_43_35_5.png",
    "imageData": null,
    "imageHeight": 62,
    "imageWidth": 69
}