{
    "version": "0.3.3",
    "flags": {},
    "shapes": [
        {
            "label": "1",
            "points": [
                [
                    52,
                    17
                ],
                [
                    52,
                    18
                ],
                [
                    54,
                    20
                ],
                [
                    54,
                    21
                ],
                [
                    55,
                    22
                ],
                [
                    55,
                    25
                ],
                [
                    54,
                    26
                ],
                [
                    41,
                    26
                ],
                [
                    40,
                    27
                ],
                [
                    37,
                    27
                ],
                [
                    36,
                    28
                ],
                [
                    35,
                    28
                ],
                [
                    34,
                    29
                ],
                [
                    33,
                    29
                ],
                [
                    31,
                    31
                ],
                [
                    30,
                    31
                ],
                [
                    25,
                    36
                ],
                [
                    25,
                    37
                ],
                [
                    20,
                    42
                ],
                [
                    20,
                    43
                ],
                [
                    19,
                    44
                ],
                [
                    19,
                    48
                ],
                [
                    18,
                    49
                ],
                [
                    18,
                    56
                ],
                [
                    19,
                    57
                ],
                [
                    19,
                    61
                ],
                [
                    23,
                    65
                ],
                [
                    23,
                    66
                ],
                [
                    29,
                    72
                ],
                [
                    30,
                    72
                ],
                [
                    31,
                    73
                ],
                [
                    32,
                    73
                ],
                [
                    34,
                    75
                ],
                [
                    35,
                    75
                ],
                [
                    36,
                    76
                ],
                [
                    37,
                    76
                ],
                [
                    39,
                    78
                ],
                [
                    41,
                    78
                ],
                [
                    42,
                    79
                ],
                [
                    43,
                    79
                ],
                [
                    44,
                    80
                ],
                [
                    46,
                    80
                ],
                [
                    47,
                    81
                ],
                [
                    48,
                    81
                ],
                [
                    49,
                    82
                ],
                [
                    51,
                    82
                ],
                [
                    52,
                    83
                ],
                [
                    56,
                    83
                ],
                [
                    57,
                    84
                ],
                [
                    61,
                    84
                ],
                [
                    62,
                    83
                ],
                [
                    65,
                    83
                ],
                [
                    66,
                    82
                ],
                [
                    67,
                    82
                ],
                [
                    68,
                    81
                ],
                [
                    70,
                    81
                ],
                [
                    71,
                    80
                ],
                [
                    72,
                    80
                ],
                [
                    77,
                    75
                ],
                [
                    77,
                    74
                ],
                [
                    81,
                    70
                ],
                [
                    81,
                    69
                ],
                [
                    83,
                    67
                ],
                [
                    85,
                    67
                ],
                [
                    88,
                    70
                ],
                [
                    89,
                    70
                ],
                [
                    91,
                    72
                ],
                [
                    92,
                    72
                ],
                [
                    93,
                    73
                ],
                [
                    94,
                    73
                ],
                [
                    95,
                    74
                ],
                [
                    96,
                    74
                ],
                [
                    97,
                    73
                ],
                [
                    98,
                    73
                ],
                [
                    98,
                    67
                ],
                [
                    97,
                    66
                ],
                [
                    96,
                    66
                ],
                [
                    94,
                    64
                ],
                [
                    94,
                    63
                ],
                [
                    93,
                    62
                ],
                [
                    93,
                    51
                ],
                [
                    92,
                    50
                ],
                [
                    92,
                    48
                ],
                [
                    91,
                    47
                ],
                [
                    91,
                    46
                ],
                [
                    90,
                    45
                ],
                [
                    90,
                    44
                ],
                [
                    89,
                    43
                ],
                [
                    89,
                    42
                ],
                [
                    87,
                    40
                ],
                [
                    87,
                    38
                ],
                [
                    86,
                    37
                ],
                [
                    86,
                    36
                ],
                [
                    83,
                    33
                ],
                [
                    83,
                    32
                ],
                [
                    78,
                    27
                ],
                [
                    78,
                    26
                ],
                [
                    77,
                    25
                ],
                [
                    76,
                    25
                ],
                [
                    75,
                    24
                ],
                [
                    74,
                    24
                ],
                [
                    73,
                    23
                ],
                [
                    72,
                    24
                ],
                [
                    64,
                    24
                ],
                [
                    62,
                    22
                ],
                [
                    61,
                    22
                ],
                [
                    60,
                    21
                ],
                [
                    59,
                    21
                ],
                [
                    57,
                    19
                ],
                [
                    56,
                    19
                ],
                [
                    55,
                    18
                ],
                [
                    54,
                    18
                ],
                [
                    53,
                    17
                ]
            ],
            "group_id": null,
            "shape_type": "polygon",
            "flags": {}
        }
    ],
    "imagePath": "0.9990_good_tile_50_21_6.png",
    "imageData": null,
    "imageHeight": 94,
    "imageWidth": 115
}