{
    "version": "0.3.3",
    "flags": {},
    "shapes": [
        {
            "label": "1",
            "points": [
                [
                    19,
                    13
                ],
                [
                    18,
                    14
                ],
                [
                    17,
                    14
                ],
                [
                    15,
                    16
                ],
                [
                    15,
                    17
                ],
                [
                    14,
                    18
                ],
                [
                    14,
                    19
                ],
                [
                    13,
                    20
                ],
                [
                    13,
                    23
                ],
                [
                    12,
                    24
                ],
                [
                    12,
                    32
                ],
                [
                    13,
                    33
                ],
                [
                    13,
                    34
                ],
                [
                    14,
                    35
                ],
                [
                    14,
                    37
                ],
                [
                    15,
                    38
                ],
                [
                    15,
                    40
                ],
                [
                    16,
                    41
                ],
                [
                    16,
                    42
                ],
                [
                    18,
                    44
                ],
                [
                    19,
                    44
                ],
                [
                    22,
                    47
                ],
                [
                    22,
                    48
                ],
                [
                    23,
                    49
                ],
                [
                    31,
                    49
                ],
                [
                    32,
                    48
                ],
                [
                    33,
                    48
                ],
                [
                    34,
                    47
                ],
                [
                    35,
                    47
                ],
                [
                    36,
                    46
                ],
                [
                    37,
                    46
                ],
                [
                    41,
                    42
                ],
                [
                    42,
                    42
                ],
                [
                    43,
                    41
                ],
                [
                    43,
                    39
                ],
                [
                    44,
                    38
                ],
                [
                    44,
                    37
                ],
                [
                    45,
                    36
                ],
                [
                    45,
                    33
                ],
                [
                    44,
                    32
                ],
                [
                    44,
                    30
                ],
                [
                    43,
                    29
                ],
                [
                    43,
                    28
                ],
                [
                    42,
                    27
                ],
                [
                    42,
                    25
                ],
                [
                    38,
                    21
                ],
                [
                    38,
                    19
                ],
                [
                    36,
                    17
                ],
                [
                    35,
                    17
                ],
                [
                    34,
                    16
                ],
                [
                    33,
                    16
                ],
                [
                    32,
                    15
                ],
                [
                    28,
                    15
                ],
                [
                    27,
                    14
                ],
                [
                    20,
                    14
                ]
            ],
            "group_id": null,
            "shape_type": "polygon",
            "flags": {}
        }
    ],
    "imagePath": "0.9992_good_tile_47_21_5.png",
    "imageData": null,
    "imageHeight": 57,
    "imageWidth": 57
}