{
    "version": "0.3.3",
    "flags": {},
    "shapes": [
        {
            "label": "1",
            "points": [
                [
                    24,
                    18
                ],
                [
                    23,
                    19
                ],
                [
                    22,
                    19
                ],
                [
                    19,
                    22
                ],
                [
                    19,
                    24
                ],
                [
                    18,
                    25
                ],
                [
                    18,
                    30
                ],
                [
                    19,
                    31
                ],
                [
                    19,
                    32
                ],
                [
                    20,
                    33
                ],
                [
                    20,
                    34
                ],
                [
                    24,
                    38
                ],
                [
                    25,
                    38
                ],
                [
                    35,
                    48
                ],
                [
                    39,
                    48
                ],
                [
                    40,
                    49
                ],
                [
                    44,
                    49
                ],
                [
                    45,
                    48
                ],
                [
                    47,
                    48
                ],
                [
                    48,
                    47
                ],
                [
                    50,
                    47
                ],
                [
                    52,
                    45
                ],
                [
                    52,
                    44
                ],
                [
                    53,
                    43
                ],
                [
                    53,
                    40
                ],
                [
                    55,
                    38
                ],
                [
                    55,
                    37
                ],
                [
                    52,
                    34
                ],
                [
                    52,
                    33
                ],
                [
                    46,
                    27
                ],
                [
                    42,
                    27
                ],
                [
                    41,
                    26
                ],
                [
                    40,
                    26
                ],
                [
                    36,
                    22
                ],
                [
                    35,
                    22
                ],
                [
                    34,
                    21
                ],
                [
                    33,
                    21
                ],
                [
                    32,
                    20
                ],
                [
                    31,
                    20
                ],
                [
                    30,
                    19
                ],
                [
                    28,
                    19
                ],
                [
                    27,
                    18
                ]
            ],
            "group_id": null,
            "shape_type": "polygon",
            "flags": {}
        }
    ],
    "imagePath": "0.9914_good_tile_37_21_5.png",
    "imageData": null,
    "imageHeight": 60,
    "imageWidth": 69
}