{
    "version": "4.5.9",
    "flags": {},
    "shapes": [
        {
            "label": "foreground",
            "points": [
                [
                    [
                        48,
                        23
                    ],
                    [
                        47,
                        24
                    ],
                    [
                        46,
                        24
                    ],
                    [
                        44,
                        26
                    ],
                    [
                        41,
                        26
                    ],
                    [
                        40,
                        27
                    ],
                    [
                        38,
                        27
                    ],
                    [
                        37,
                        28
                    ],
                    [
                        36,
                        28
                    ],
                    [
                        35,
                        29
                    ],
                    [
                        30,
                        29
                    ],
                    [
                        29,
                        30
                    ],
                    [
                        26,
                        30
                    ],
                    [
                        25,
                        31
                    ],
                    [
                        23,
                        31
                    ],
                    [
                        21,
                        33
                    ],
                    [
                        20,
                        33
                    ],
                    [
                        18,
                        35
                    ],
                    [
                        17,
                        35
                    ],
                    [
                        16,
                        36
                    ],
                    [
                        15,
                        36
                    ],
                    [
                        15,
                        37
                    ],
                    [
                        13,
                        39
                    ],
                    [
                        12,
                        39
                    ],
                    [
                        7,
                        44
                    ],
                    [
                        7,
                        45
                    ],
                    [
                        6,
                        46
                    ],
                    [
                        6,
                        47
                    ],
                    [
                        5,
                        48
                    ],
                    [
                        5,
                        52
                    ],
                    [
                        4,
                        53
                    ],
                    [
                        4,
                        58
                    ],
                    [
                        3,
                        59
                    ],
                    [
                        3,
                        62
                    ],
                    [
                        4,
                        63
                    ],
                    [
                        4,
                        79
                    ],
                    [
                        3,
                        80
                    ],
                    [
                        4,
                        81
                    ],
                    [
                        4,
                        92
                    ],
                    [
                        5,
                        93
                    ],
                    [
                        5,
                        103
                    ],
                    [
                        6,
                        104
                    ],
                    [
                        6,
                        108
                    ],
                    [
                        7,
                        109
                    ],
                    [
                        7,
                        110
                    ],
                    [
                        8,
                        111
                    ],
                    [
                        8,
                        112
                    ],
                    [
                        9,
                        113
                    ],
                    [
                        9,
                        114
                    ],
                    [
                        11,
                        116
                    ],
                    [
                        12,
                        116
                    ],
                    [
                        15,
                        119
                    ],
                    [
                        18,
                        119
                    ],
                    [
                        19,
                        120
                    ],
                    [
                        27,
                        120
                    ],
                    [
                        28,
                        121
                    ],
                    [
                        29,
                        121
                    ],
                    [
                        30,
                        120
                    ],
                    [
                        31,
                        121
                    ],
                    [
                        35,
                        121
                    ],
                    [
                        36,
                        120
                    ],
                    [
                        40,
                        120
                    ],
                    [
                        41,
                        119
                    ],
                    [
                        42,
                        120
                    ],
                    [
                        48,
                        120
                    ],
                    [
                        49,
                        121
                    ],
                    [
                        51,
                        121
                    ],
                    [
                        52,
                        120
                    ],
                    [
                        64,
                        120
                    ],
                    [
                        65,
                        119
                    ],
                    [
                        68,
                        119
                    ],
                    [
                        69,
                        118
                    ],
                    [
                        72,
                        118
                    ],
                    [
                        73,
                        117
                    ],
                    [
                        75,
                        117
                    ],
                    [
                        76,
                        116
                    ],
                    [
                        78,
                        116
                    ],
                    [
                        81,
                        113
                    ],
                    [
                        82,
                        113
                    ],
                    [
                        83,
                        112
                    ],
                    [
                        83,
                        111
                    ],
                    [
                        86,
                        108
                    ],
                    [
                        87,
                        108
                    ],
                    [
                        87,
                        107
                    ],
                    [
                        89,
                        105
                    ],
                    [
                        89,
                        104
                    ],
                    [
                        91,
                        102
                    ],
                    [
                        91,
                        101
                    ],
                    [
                        94,
                        98
                    ],
                    [
                        94,
                        95
                    ],
                    [
                        100,
                        89
                    ],
                    [
                        106,
                        89
                    ],
                    [
                        107,
                        88
                    ],
                    [
                        110,
                        88
                    ],
                    [
                        111,
                        87
                    ],
                    [
                        113,
                        87
                    ],
                    [
                        114,
                        86
                    ],
                    [
                        116,
                        86
                    ],
                    [
                        117,
                        85
                    ],
                    [
                        119,
                        85
                    ],
                    [
                        119,
                        84
                    ],
                    [
                        121,
                        82
                    ],
                    [
                        122,
                        82
                    ],
                    [
                        122,
                        79
                    ],
                    [
                        115,
                        79
                    ],
                    [
                        114,
                        80
                    ],
                    [
                        110,
                        80
                    ],
                    [
                        109,
                        79
                    ],
                    [
                        108,
                        79
                    ],
                    [
                        107,
                        78
                    ],
                    [
                        106,
                        79
                    ],
                    [
                        102,
                        79
                    ],
                    [
                        101,
                        78
                    ],
                    [
                        92,
                        78
                    ],
                    [
                        91,
                        79
                    ],
                    [
                        90,
                        79
                    ],
                    [
                        89,
                        80
                    ],
                    [
                        88,
                        80
                    ],
                    [
                        87,
                        79
                    ],
                    [
                        77,
                        79
                    ],
                    [
                        76,
                        80
                    ],
                    [
                        70,
                        80
                    ],
                    [
                        69,
                        81
                    ],
                    [
                        68,
                        81
                    ],
                    [
                        67,
                        82
                    ],
                    [
                        66,
                        82
                    ],
                    [
                        65,
                        83
                    ],
                    [
                        64,
                        83
                    ],
                    [
                        63,
                        84
                    ],
                    [
                        61,
                        84
                    ],
                    [
                        55,
                        90
                    ],
                    [
                        54,
                        90
                    ],
                    [
                        49,
                        95
                    ],
                    [
                        49,
                        96
                    ],
                    [
                        44,
                        101
                    ],
                    [
                        44,
                        103
                    ],
                    [
                        43,
                        104
                    ],
                    [
                        43,
                        106
                    ],
                    [
                        42,
                        107
                    ],
                    [
                        42,
                        110
                    ],
                    [
                        41,
                        111
                    ],
                    [
                        41,
                        112
                    ],
                    [
                        40,
                        113
                    ],
                    [
                        37,
                        113
                    ],
                    [
                        36,
                        114
                    ],
                    [
                        35,
                        114
                    ],
                    [
                        34,
                        115
                    ],
                    [
                        33,
                        115
                    ],
                    [
                        32,
                        116
                    ],
                    [
                        29,
                        116
                    ],
                    [
                        28,
                        115
                    ],
                    [
                        25,
                        115
                    ],
                    [
                        24,
                        114
                    ],
                    [
                        23,
                        114
                    ],
                    [
                        20,
                        111
                    ],
                    [
                        19,
                        111
                    ],
                    [
                        18,
                        110
                    ],
                    [
                        18,
                        109
                    ],
                    [
                        17,
                        108
                    ],
                    [
                        17,
                        107
                    ],
                    [
                        16,
                        106
                    ],
                    [
                        16,
                        104
                    ],
                    [
                        15,
                        103
                    ],
                    [
                        15,
                        102
                    ],
                    [
                        14,
                        101
                    ],
                    [
                        14,
                        100
                    ],
                    [
                        13,
                        99
                    ],
                    [
                        13,
                        95
                    ],
                    [
                        12,
                        94
                    ],
                    [
                        12,
                        91
                    ],
                    [
                        11,
                        90
                    ],
                    [
                        11,
                        77
                    ],
                    [
                        10,
                        76
                    ],
                    [
                        10,
                        75
                    ],
                    [
                        11,
                        74
                    ],
                    [
                        11,
                        67
                    ],
                    [
                        12,
                        66
                    ],
                    [
                        12,
                        61
                    ],
                    [
                        13,
                        60
                    ],
                    [
                        13,
                        58
                    ],
                    [
                        14,
                        57
                    ],
                    [
                        14,
                        56
                    ],
                    [
                        15,
                        55
                    ],
                    [
                        15,
                        54
                    ],
                    [
                        16,
                        53
                    ],
                    [
                        16,
                        52
                    ],
                    [
                        17,
                        51
                    ],
                    [
                        17,
                        48
                    ],
                    [
                        19,
                        46
                    ],
                    [
                        19,
                        45
                    ],
                    [
                        24,
                        40
                    ],
                    [
                        25,
                        40
                    ],
                    [
                        27,
                        38
                    ],
                    [
                        28,
                        38
                    ],
                    [
                        29,
                        37
                    ],
                    [
                        30,
                        37
                    ],
                    [
                        31,
                        36
                    ],
                    [
                        32,
                        36
                    ],
                    [
                        33,
                        35
                    ],
                    [
                        34,
                        35
                    ],
                    [
                        35,
                        34
                    ],
                    [
                        38,
                        34
                    ],
                    [
                        39,
                        33
                    ],
                    [
                        40,
                        34
                    ],
                    [
                        41,
                        34
                    ],
                    [
                        42,
                        33
                    ],
                    [
                        43,
                        33
                    ],
                    [
                        44,
                        34
                    ],
                    [
                        45,
                        33
                    ],
                    [
                        49,
                        33
                    ],
                    [
                        50,
                        32
                    ],
                    [
                        52,
                        32
                    ],
                    [
                        53,
                        31
                    ],
                    [
                        54,
                        31
                    ],
                    [
                        56,
                        29
                    ],
                    [
                        56,
                        28
                    ],
                    [
                        57,
                        27
                    ],
                    [
                        54,
                        24
                    ],
                    [
                        53,
                        24
                    ],
                    [
                        52,
                        23
                    ],
                    [
                        50,
                        23
                    ],
                    [
                        49,
                        24
                    ]
                ]
            ],
            "group_id": null,
            "shape_type": "polygon",
            "flags": {}
        }
    ],
    "imagePath": "0.3991_good_tile_41_17_1.png",
    "imageData": null,
    "imageHeight": 224,
    "imageWidth": 224
}