{
    "version": "4.5.9",
    "flags": {},
    "shapes": [
        {
            "label": "foreground",
            "points": [
                [
                    [
                        1,
                        0
                    ],
                    [
                        0,
                        1
                    ],
                    [
                        0,
                        79
                    ],
                    [
                        4,
                        83
                    ],
                    [
                        4,
                        84
                    ],
                    [
                        5,
                        84
                    ],
                    [
                        8,
                        87
                    ],
                    [
                        8,
                        88
                    ],
                    [
                        10,
                        90
                    ],
                    [
                        10,
                        92
                    ],
                    [
                        11,
                        93
                    ],
                    [
                        11,
                        94
                    ],
                    [
                        15,
                        94
                    ],
                    [
                        15,
                        93
                    ],
                    [
                        16,
                        92
                    ],
                    [
                        17,
                        92
                    ],
                    [
                        18,
                        91
                    ],
                    [
                        19,
                        91
                    ],
                    [
                        20,
                        90
                    ],
                    [
                        21,
                        90
                    ],
                    [
                        24,
                        87
                    ],
                    [
                        24,
                        86
                    ],
                    [
                        25,
                        85
                    ],
                    [
                        26,
                        85
                    ],
                    [
                        26,
                        83
                    ],
                    [
                        31,
                        78
                    ],
                    [
                        36,
                        78
                    ],
                    [
                        37,
                        77
                    ],
                    [
                        38,
                        77
                    ],
                    [
                        39,
                        76
                    ],
                    [
                        42,
                        76
                    ],
                    [
                        43,
                        75
                    ],
                    [
                        44,
                        75
                    ],
                    [
                        45,
                        74
                    ],
                    [
                        48,
                        74
                    ],
                    [
                        48,
                        73
                    ],
                    [
                        49,
                        72
                    ],
                    [
                        50,
                        72
                    ],
                    [
                        51,
                        71
                    ],
                    [
                        57,
                        71
                    ],
                    [
                        58,
                        70
                    ],
                    [
                        60,
                        70
                    ],
                    [
                        61,
                        69
                    ],
                    [
                        70,
                        69
                    ],
                    [
                        71,
                        68
                    ],
                    [
                        80,
                        68
                    ],
                    [
                        81,
                        67
                    ],
                    [
                        92,
                        67
                    ],
                    [
                        93,
                        66
                    ],
                    [
                        100,
                        66
                    ],
                    [
                        101,
                        67
                    ],
                    [
                        105,
                        67
                    ],
                    [
                        106,
                        68
                    ],
                    [
                        109,
                        68
                    ],
                    [
                        110,
                        69
                    ],
                    [
                        112,
                        69
                    ],
                    [
                        113,
                        70
                    ],
                    [
                        120,
                        70
                    ],
                    [
                        121,
                        71
                    ],
                    [
                        124,
                        71
                    ],
                    [
                        125,
                        72
                    ],
                    [
                        127,
                        72
                    ],
                    [
                        128,
                        73
                    ],
                    [
                        128,
                        74
                    ],
                    [
                        130,
                        74
                    ],
                    [
                        131,
                        75
                    ],
                    [
                        133,
                        75
                    ],
                    [
                        134,
                        76
                    ],
                    [
                        142,
                        76
                    ],
                    [
                        143,
                        75
                    ],
                    [
                        148,
                        75
                    ],
                    [
                        149,
                        74
                    ],
                    [
                        151,
                        74
                    ],
                    [
                        151,
                        73
                    ],
                    [
                        152,
                        72
                    ],
                    [
                        154,
                        72
                    ],
                    [
                        155,
                        71
                    ],
                    [
                        157,
                        71
                    ],
                    [
                        159,
                        69
                    ],
                    [
                        161,
                        69
                    ],
                    [
                        162,
                        68
                    ],
                    [
                        163,
                        68
                    ],
                    [
                        164,
                        67
                    ],
                    [
                        165,
                        67
                    ],
                    [
                        166,
                        66
                    ],
                    [
                        168,
                        66
                    ],
                    [
                        169,
                        65
                    ],
                    [
                        170,
                        65
                    ],
                    [
                        172,
                        63
                    ],
                    [
                        173,
                        63
                    ],
                    [
                        173,
                        62
                    ],
                    [
                        174,
                        61
                    ],
                    [
                        175,
                        61
                    ],
                    [
                        178,
                        58
                    ],
                    [
                        178,
                        57
                    ],
                    [
                        179,
                        56
                    ],
                    [
                        181,
                        56
                    ],
                    [
                        184,
                        53
                    ],
                    [
                        184,
                        52
                    ],
                    [
                        185,
                        51
                    ],
                    [
                        186,
                        51
                    ],
                    [
                        187,
                        50
                    ],
                    [
                        188,
                        50
                    ],
                    [
                        189,
                        49
                    ],
                    [
                        192,
                        49
                    ],
                    [
                        193,
                        48
                    ],
                    [
                        194,
                        48
                    ],
                    [
                        195,
                        47
                    ],
                    [
                        196,
                        47
                    ],
                    [
                        198,
                        45
                    ],
                    [
                        199,
                        45
                    ],
                    [
                        200,
                        44
                    ],
                    [
                        201,
                        44
                    ],
                    [
                        202,
                        43
                    ],
                    [
                        202,
                        42
                    ],
                    [
                        207,
                        37
                    ],
                    [
                        208,
                        37
                    ],
                    [
                        209,
                        36
                    ],
                    [
                        209,
                        35
                    ],
                    [
                        210,
                        34
                    ],
                    [
                        212,
                        34
                    ],
                    [
                        214,
                        32
                    ],
                    [
                        214,
                        31
                    ],
                    [
                        215,
                        30
                    ],
                    [
                        216,
                        30
                    ],
                    [
                        218,
                        28
                    ],
                    [
                        218,
                        27
                    ],
                    [
                        217,
                        27
                    ],
                    [
                        214,
                        30
                    ],
                    [
                        213,
                        30
                    ],
                    [
                        212,
                        31
                    ],
                    [
                        210,
                        31
                    ],
                    [
                        209,
                        32
                    ],
                    [
                        209,
                        33
                    ],
                    [
                        208,
                        34
                    ],
                    [
                        206,
                        34
                    ],
                    [
                        204,
                        36
                    ],
                    [
                        203,
                        36
                    ],
                    [
                        202,
                        37
                    ],
                    [
                        201,
                        37
                    ],
                    [
                        201,
                        38
                    ],
                    [
                        200,
                        39
                    ],
                    [
                        197,
                        39
                    ],
                    [
                        196,
                        40
                    ],
                    [
                        195,
                        40
                    ],
                    [
                        193,
                        42
                    ],
                    [
                        187,
                        42
                    ],
                    [
                        187,
                        43
                    ],
                    [
                        186,
                        44
                    ],
                    [
                        173,
                        44
                    ],
                    [
                        172,
                        43
                    ],
                    [
                        172,
                        42
                    ],
                    [
                        162,
                        42
                    ],
                    [
                        161,
                        41
                    ],
                    [
                        156,
                        41
                    ],
                    [
                        155,
                        40
                    ],
                    [
                        152,
                        40
                    ],
                    [
                        151,
                        39
                    ],
                    [
                        148,
                        39
                    ],
                    [
                        147,
                        40
                    ],
                    [
                        141,
                        40
                    ],
                    [
                        140,
                        39
                    ],
                    [
                        132,
                        39
                    ],
                    [
                        131,
                        40
                    ],
                    [
                        125,
                        40
                    ],
                    [
                        124,
                        41
                    ],
                    [
                        121,
                        41
                    ],
                    [
                        120,
                        42
                    ],
                    [
                        116,
                        42
                    ],
                    [
                        116,
                        43
                    ],
                    [
                        115,
                        44
                    ],
                    [
                        108,
                        44
                    ],
                    [
                        107,
                        45
                    ],
                    [
                        105,
                        45
                    ],
                    [
                        104,
                        46
                    ],
                    [
                        101,
                        46
                    ],
                    [
                        100,
                        45
                    ],
                    [
                        84,
                        45
                    ],
                    [
                        83,
                        44
                    ],
                    [
                        73,
                        44
                    ],
                    [
                        72,
                        43
                    ],
                    [
                        72,
                        42
                    ],
                    [
                        55,
                        42
                    ],
                    [
                        54,
                        41
                    ],
                    [
                        54,
                        40
                    ],
                    [
                        56,
                        38
                    ],
                    [
                        57,
                        38
                    ],
                    [
                        58,
                        37
                    ],
                    [
                        59,
                        37
                    ],
                    [
                        59,
                        36
                    ],
                    [
                        54,
                        36
                    ],
                    [
                        51,
                        39
                    ],
                    [
                        51,
                        40
                    ],
                    [
                        52,
                        41
                    ],
                    [
                        52,
                        42
                    ],
                    [
                        49,
                        45
                    ],
                    [
                        41,
                        45
                    ],
                    [
                        40,
                        46
                    ],
                    [
                        32,
                        46
                    ],
                    [
                        31,
                        47
                    ],
                    [
                        30,
                        47
                    ],
                    [
                        29,
                        48
                    ],
                    [
                        25,
                        48
                    ],
                    [
                        24,
                        47
                    ],
                    [
                        24,
                        44
                    ],
                    [
                        23,
                        43
                    ],
                    [
                        23,
                        34
                    ],
                    [
                        22,
                        33
                    ],
                    [
                        22,
                        29
                    ],
                    [
                        21,
                        28
                    ],
                    [
                        21,
                        21
                    ],
                    [
                        20,
                        20
                    ],
                    [
                        20,
                        10
                    ],
                    [
                        19,
                        9
                    ],
                    [
                        19,
                        7
                    ],
                    [
                        18,
                        6
                    ],
                    [
                        18,
                        4
                    ],
                    [
                        19,
                        3
                    ],
                    [
                        19,
                        1
                    ],
                    [
                        16,
                        1
                    ],
                    [
                        15,
                        0
                    ]
                ]
            ],
            "group_id": null,
            "shape_type": "polygon",
            "flags": {}
        }
    ],
    "imagePath": "0.5487_good_tile_49_55_8.png",
    "imageData": null,
    "imageHeight": 224,
    "imageWidth": 224
}