{
    "version": "4.5.9",
    "flags": {},
    "shapes": [
        {
            "label": "foreground",
            "points": [
                [
                    [
                        32,
                        22
                    ],
                    [
                        31,
                        23
                    ],
                    [
                        29,
                        23
                    ],
                    [
                        27,
                        25
                    ],
                    [
                        26,
                        25
                    ],
                    [
                        21,
                        30
                    ],
                    [
                        21,
                        33
                    ],
                    [
                        20,
                        34
                    ],
                    [
                        20,
                        35
                    ],
                    [
                        19,
                        36
                    ],
                    [
                        19,
                        41
                    ],
                    [
                        18,
                        42
                    ],
                    [
                        18,
                        46
                    ],
                    [
                        19,
                        47
                    ],
                    [
                        19,
                        50
                    ],
                    [
                        20,
                        51
                    ],
                    [
                        20,
                        53
                    ],
                    [
                        24,
                        57
                    ],
                    [
                        25,
                        57
                    ],
                    [
                        27,
                        59
                    ],
                    [
                        29,
                        59
                    ],
                    [
                        30,
                        60
                    ],
                    [
                        38,
                        60
                    ],
                    [
                        39,
                        59
                    ],
                    [
                        41,
                        59
                    ],
                    [
                        42,
                        58
                    ],
                    [
                        46,
                        58
                    ],
                    [
                        47,
                        57
                    ],
                    [
                        48,
                        57
                    ],
                    [
                        51,
                        54
                    ],
                    [
                        51,
                        46
                    ],
                    [
                        50,
                        45
                    ],
                    [
                        50,
                        44
                    ],
                    [
                        54,
                        40
                    ],
                    [
                        55,
                        40
                    ],
                    [
                        56,
                        39
                    ],
                    [
                        56,
                        38
                    ],
                    [
                        57,
                        37
                    ],
                    [
                        57,
                        36
                    ],
                    [
                        58,
                        35
                    ],
                    [
                        58,
                        32
                    ],
                    [
                        53,
                        27
                    ],
                    [
                        53,
                        26
                    ],
                    [
                        49,
                        26
                    ],
                    [
                        48,
                        25
                    ],
                    [
                        46,
                        25
                    ],
                    [
                        45,
                        24
                    ],
                    [
                        44,
                        24
                    ],
                    [
                        43,
                        23
                    ],
                    [
                        41,
                        23
                    ],
                    [
                        40,
                        22
                    ]
                ]
            ],
            "group_id": null,
            "shape_type": "polygon",
            "flags": {}
        }
    ],
    "imagePath": "0.6130_good_tile_49_55_7.png",
    "imageData": null,
    "imageHeight": 224,
    "imageWidth": 224
}