{
    "version": "4.5.9",
    "flags": {},
    "shapes": [
        {
            "label": "foreground",
            "points": [
                [
                    [
                        33,
                        19
                    ],
                    [
                        32,
                        20
                    ],
                    [
                        30,
                        20
                    ],
                    [
                        29,
                        21
                    ],
                    [
                        27,
                        21
                    ],
                    [
                        26,
                        22
                    ],
                    [
                        25,
                        22
                    ],
                    [
                        23,
                        24
                    ],
                    [
                        22,
                        24
                    ],
                    [
                        18,
                        28
                    ],
                    [
                        18,
                        29
                    ],
                    [
                        17,
                        30
                    ],
                    [
                        17,
                        31
                    ],
                    [
                        16,
                        32
                    ],
                    [
                        16,
                        33
                    ],
                    [
                        15,
                        34
                    ],
                    [
                        15,
                        37
                    ],
                    [
                        16,
                        38
                    ],
                    [
                        16,
                        39
                    ],
                    [
                        18,
                        41
                    ],
                    [
                        18,
                        43
                    ],
                    [
                        19,
                        44
                    ],
                    [
                        19,
                        49
                    ],
                    [
                        18,
                        50
                    ],
                    [
                        18,
                        51
                    ],
                    [
                        17,
                        52
                    ],
                    [
                        17,
                        54
                    ],
                    [
                        16,
                        55
                    ],
                    [
                        16,
                        59
                    ],
                    [
                        17,
                        60
                    ],
                    [
                        16,
                        61
                    ],
                    [
                        16,
                        62
                    ],
                    [
                        15,
                        63
                    ],
                    [
                        12,
                        63
                    ],
                    [
                        13,
                        64
                    ],
                    [
                        13,
                        65
                    ],
                    [
                        14,
                        65
                    ],
                    [
                        17,
                        68
                    ],
                    [
                        19,
                        68
                    ],
                    [
                        20,
                        69
                    ],
                    [
                        22,
                        69
                    ],
                    [
                        23,
                        70
                    ],
                    [
                        25,
                        70
                    ],
                    [
                        26,
                        69
                    ],
                    [
                        32,
                        69
                    ],
                    [
                        37,
                        64
                    ],
                    [
                        38,
                        64
                    ],
                    [
                        38,
                        63
                    ],
                    [
                        39,
                        62
                    ],
                    [
                        39,
                        61
                    ],
                    [
                        40,
                        60
                    ],
                    [
                        40,
                        58
                    ],
                    [
                        41,
                        57
                    ],
                    [
                        41,
                        54
                    ],
                    [
                        42,
                        53
                    ],
                    [
                        42,
                        47
                    ],
                    [
                        43,
                        46
                    ],
                    [
                        43,
                        45
                    ],
                    [
                        44,
                        44
                    ],
                    [
                        44,
                        41
                    ],
                    [
                        45,
                        40
                    ],
                    [
                        45,
                        36
                    ],
                    [
                        46,
                        35
                    ],
                    [
                        46,
                        27
                    ],
                    [
                        45,
                        26
                    ],
                    [
                        45,
                        24
                    ],
                    [
                        42,
                        21
                    ],
                    [
                        41,
                        21
                    ],
                    [
                        40,
                        20
                    ],
                    [
                        39,
                        20
                    ],
                    [
                        38,
                        19
                    ]
                ]
            ],
            "group_id": null,
            "shape_type": "polygon",
            "flags": {}
        }
    ],
    "imagePath": "0.7300_good_tile_41_17_9.png",
    "imageData": null,
    "imageHeight": 224,
    "imageWidth": 224
}