{
    "version": "4.5.9",
    "flags": {},
    "shapes": [
        {
            "label": "foreground",
            "points": [
                [
                    [
                        33,
                        25
                    ],
                    [
                        32,
                        26
                    ],
                    [
                        34,
                        28
                    ],
                    [
                        34,
                        32
                    ],
                    [
                        35,
                        33
                    ],
                    [
                        35,
                        35
                    ],
                    [
                        36,
                        36
                    ],
                    [
                        36,
                        37
                    ],
                    [
                        38,
                        39
                    ],
                    [
                        38,
                        40
                    ],
                    [
                        40,
                        42
                    ],
                    [
                        40,
                        43
                    ],
                    [
                        41,
                        44
                    ],
                    [
                        42,
                        44
                    ],
                    [
                        44,
                        46
                    ],
                    [
                        44,
                        47
                    ],
                    [
                        46,
                        49
                    ],
                    [
                        46,
                        50
                    ],
                    [
                        47,
                        51
                    ],
                    [
                        47,
                        52
                    ],
                    [
                        50,
                        55
                    ],
                    [
                        50,
                        56
                    ],
                    [
                        52,
                        58
                    ],
                    [
                        52,
                        59
                    ],
                    [
                        53,
                        60
                    ],
                    [
                        53,
                        64
                    ],
                    [
                        54,
                        65
                    ],
                    [
                        54,
                        76
                    ],
                    [
                        53,
                        77
                    ],
                    [
                        53,
                        78
                    ],
                    [
                        51,
                        80
                    ],
                    [
                        51,
                        81
                    ],
                    [
                        45,
                        87
                    ],
                    [
                        45,
                        89
                    ],
                    [
                        44,
                        90
                    ],
                    [
                        44,
                        92
                    ],
                    [
                        43,
                        93
                    ],
                    [
                        43,
                        96
                    ],
                    [
                        42,
                        97
                    ],
                    [
                        42,
                        101
                    ],
                    [
                        41,
                        102
                    ],
                    [
                        41,
                        110
                    ],
                    [
                        42,
                        111
                    ],
                    [
                        42,
                        116
                    ],
                    [
                        43,
                        117
                    ],
                    [
                        43,
                        121
                    ],
                    [
                        42,
                        122
                    ],
                    [
                        41,
                        122
                    ],
                    [
                        41,
                        129
                    ],
                    [
                        42,
                        130
                    ],
                    [
                        42,
                        138
                    ],
                    [
                        43,
                        139
                    ],
                    [
                        43,
                        148
                    ],
                    [
                        44,
                        149
                    ],
                    [
                        44,
                        153
                    ],
                    [
                        45,
                        154
                    ],
                    [
                        45,
                        156
                    ],
                    [
                        44,
                        157
                    ],
                    [
                        44,
                        162
                    ],
                    [
                        45,
                        163
                    ],
                    [
                        45,
                        174
                    ],
                    [
                        46,
                        175
                    ],
                    [
                        46,
                        180
                    ],
                    [
                        47,
                        181
                    ],
                    [
                        47,
                        183
                    ],
                    [
                        48,
                        184
                    ],
                    [
                        48,
                        186
                    ],
                    [
                        49,
                        187
                    ],
                    [
                        49,
                        189
                    ],
                    [
                        50,
                        190
                    ],
                    [
                        50,
                        192
                    ],
                    [
                        51,
                        193
                    ],
                    [
                        51,
                        202
                    ],
                    [
                        50,
                        203
                    ],
                    [
                        49,
                        203
                    ],
                    [
                        48,
                        204
                    ],
                    [
                        48,
                        205
                    ],
                    [
                        44,
                        209
                    ],
                    [
                        44,
                        210
                    ],
                    [
                        42,
                        212
                    ],
                    [
                        42,
                        213
                    ],
                    [
                        41,
                        214
                    ],
                    [
                        41,
                        216
                    ],
                    [
                        38,
                        219
                    ],
                    [
                        38,
                        220
                    ],
                    [
                        39,
                        220
                    ],
                    [
                        40,
                        221
                    ],
                    [
                        42,
                        221
                    ],
                    [
                        43,
                        222
                    ],
                    [
                        47,
                        222
                    ],
                    [
                        48,
                        221
                    ],
                    [
                        52,
                        221
                    ],
                    [
                        53,
                        222
                    ],
                    [
                        97,
                        222
                    ],
                    [
                        98,
                        221
                    ],
                    [
                        98,
                        199
                    ],
                    [
                        97,
                        198
                    ],
                    [
                        91,
                        198
                    ],
                    [
                        90,
                        199
                    ],
                    [
                        89,
                        199
                    ],
                    [
                        88,
                        200
                    ],
                    [
                        86,
                        200
                    ],
                    [
                        85,
                        201
                    ],
                    [
                        84,
                        201
                    ],
                    [
                        82,
                        199
                    ],
                    [
                        82,
                        194
                    ],
                    [
                        81,
                        193
                    ],
                    [
                        81,
                        184
                    ],
                    [
                        80,
                        183
                    ],
                    [
                        80,
                        180
                    ],
                    [
                        79,
                        179
                    ],
                    [
                        79,
                        170
                    ],
                    [
                        78,
                        169
                    ],
                    [
                        78,
                        162
                    ],
                    [
                        77,
                        161
                    ],
                    [
                        77,
                        136
                    ],
                    [
                        76,
                        135
                    ],
                    [
                        76,
                        134
                    ],
                    [
                        75,
                        133
                    ],
                    [
                        75,
                        132
                    ],
                    [
                        74,
                        131
                    ],
                    [
                        74,
                        130
                    ],
                    [
                        75,
                        129
                    ],
                    [
                        75,
                        126
                    ],
                    [
                        76,
                        125
                    ],
                    [
                        76,
                        113
                    ],
                    [
                        75,
                        112
                    ],
                    [
                        75,
                        108
                    ],
                    [
                        74,
                        107
                    ],
                    [
                        74,
                        104
                    ],
                    [
                        73,
                        103
                    ],
                    [
                        73,
                        101
                    ],
                    [
                        72,
                        100
                    ],
                    [
                        72,
                        98
                    ],
                    [
                        71,
                        97
                    ],
                    [
                        71,
                        95
                    ],
                    [
                        70,
                        94
                    ],
                    [
                        70,
                        92
                    ],
                    [
                        69,
                        91
                    ],
                    [
                        69,
                        78
                    ],
                    [
                        68,
                        77
                    ],
                    [
                        68,
                        74
                    ],
                    [
                        67,
                        73
                    ],
                    [
                        67,
                        69
                    ],
                    [
                        66,
                        68
                    ],
                    [
                        66,
                        61
                    ],
                    [
                        65,
                        60
                    ],
                    [
                        65,
                        58
                    ],
                    [
                        64,
                        57
                    ],
                    [
                        64,
                        56
                    ],
                    [
                        63,
                        55
                    ],
                    [
                        63,
                        54
                    ],
                    [
                        62,
                        53
                    ],
                    [
                        62,
                        52
                    ],
                    [
                        61,
                        51
                    ],
                    [
                        61,
                        49
                    ],
                    [
                        57,
                        45
                    ],
                    [
                        57,
                        44
                    ],
                    [
                        52,
                        39
                    ],
                    [
                        52,
                        38
                    ],
                    [
                        50,
                        36
                    ],
                    [
                        49,
                        36
                    ],
                    [
                        45,
                        32
                    ],
                    [
                        45,
                        31
                    ],
                    [
                        39,
                        25
                    ]
                ]
            ],
            "group_id": null,
            "shape_type": "polygon",
            "flags": {}
        }
    ],
    "imagePath": "0.7430_good_tile_49_55_5.png",
    "imageData": null,
    "imageHeight": 224,
    "imageWidth": 224
}