{
    "version": "4.5.9",
    "flags": {},
    "shapes": [
        {
            "label": "foreground",
            "points": [
                [
                    [
                        22,
                        26
                    ],
                    [
                        20,
                        28
                    ],
                    [
                        19,
                        28
                    ],
                    [
                        19,
                        29
                    ],
                    [
                        22,
                        32
                    ],
                    [
                        25,
                        32
                    ],
                    [
                        27,
                        30
                    ],
                    [
                        28,
                        30
                    ],
                    [
                        29,
                        31
                    ],
                    [
                        30,
                        31
                    ],
                    [
                        34,
                        35
                    ],
                    [
                        34,
                        36
                    ],
                    [
                        39,
                        41
                    ],
                    [
                        39,
                        42
                    ],
                    [
                        42,
                        45
                    ],
                    [
                        42,
                        46
                    ],
                    [
                        45,
                        49
                    ],
                    [
                        45,
                        50
                    ],
                    [
                        48,
                        53
                    ],
                    [
                        48,
                        56
                    ],
                    [
                        49,
                        57
                    ],
                    [
                        49,
                        59
                    ],
                    [
                        50,
                        60
                    ],
                    [
                        50,
                        66
                    ],
                    [
                        51,
                        67
                    ],
                    [
                        51,
                        68
                    ],
                    [
                        50,
                        69
                    ],
                    [
                        50,
                        78
                    ],
                    [
                        51,
                        79
                    ],
                    [
                        51,
                        80
                    ],
                    [
                        57,
                        86
                    ],
                    [
                        57,
                        87
                    ],
                    [
                        58,
                        88
                    ],
                    [
                        58,
                        90
                    ],
                    [
                        60,
                        92
                    ],
                    [
                        60,
                        93
                    ],
                    [
                        61,
                        94
                    ],
                    [
                        61,
                        95
                    ],
                    [
                        62,
                        96
                    ],
                    [
                        62,
                        97
                    ],
                    [
                        70,
                        105
                    ],
                    [
                        70,
                        106
                    ],
                    [
                        72,
                        108
                    ],
                    [
                        72,
                        109
                    ],
                    [
                        75,
                        112
                    ],
                    [
                        75,
                        113
                    ],
                    [
                        76,
                        114
                    ],
                    [
                        76,
                        115
                    ],
                    [
                        78,
                        117
                    ],
                    [
                        78,
                        118
                    ],
                    [
                        81,
                        121
                    ],
                    [
                        81,
                        122
                    ],
                    [
                        82,
                        123
                    ],
                    [
                        82,
                        124
                    ],
                    [
                        84,
                        126
                    ],
                    [
                        84,
                        127
                    ],
                    [
                        86,
                        129
                    ],
                    [
                        86,
                        130
                    ],
                    [
                        90,
                        134
                    ],
                    [
                        90,
                        135
                    ],
                    [
                        94,
                        139
                    ],
                    [
                        94,
                        140
                    ],
                    [
                        97,
                        143
                    ],
                    [
                        97,
                        144
                    ],
                    [
                        100,
                        147
                    ],
                    [
                        100,
                        148
                    ],
                    [
                        101,
                        149
                    ],
                    [
                        101,
                        150
                    ],
                    [
                        104,
                        153
                    ],
                    [
                        104,
                        155
                    ],
                    [
                        106,
                        157
                    ],
                    [
                        106,
                        159
                    ],
                    [
                        105,
                        160
                    ],
                    [
                        103,
                        160
                    ],
                    [
                        103,
                        161
                    ],
                    [
                        102,
                        162
                    ],
                    [
                        102,
                        163
                    ],
                    [
                        101,
                        164
                    ],
                    [
                        100,
                        164
                    ],
                    [
                        99,
                        165
                    ],
                    [
                        99,
                        166
                    ],
                    [
                        101,
                        166
                    ],
                    [
                        101,
                        164
                    ],
                    [
                        102,
                        163
                    ],
                    [
                        103,
                        163
                    ],
                    [
                        104,
                        164
                    ],
                    [
                        104,
                        166
                    ],
                    [
                        103,
                        167
                    ],
                    [
                        103,
                        169
                    ],
                    [
                        104,
                        170
                    ],
                    [
                        104,
                        171
                    ],
                    [
                        103,
                        172
                    ],
                    [
                        103,
                        175
                    ],
                    [
                        104,
                        176
                    ],
                    [
                        105,
                        176
                    ],
                    [
                        105,
                        173
                    ],
                    [
                        104,
                        172
                    ],
                    [
                        104,
                        170
                    ],
                    [
                        106,
                        168
                    ],
                    [
                        107,
                        169
                    ],
                    [
                        107,
                        171
                    ],
                    [
                        109,
                        171
                    ],
                    [
                        111,
                        173
                    ],
                    [
                        111,
                        175
                    ],
                    [
                        112,
                        176
                    ],
                    [
                        112,
                        177
                    ],
                    [
                        116,
                        177
                    ],
                    [
                        118,
                        179
                    ],
                    [
                        121,
                        179
                    ],
                    [
                        122,
                        180
                    ],
                    [
                        125,
                        180
                    ],
                    [
                        127,
                        178
                    ],
                    [
                        128,
                        179
                    ],
                    [
                        131,
                        179
                    ],
                    [
                        135,
                        175
                    ],
                    [
                        136,
                        175
                    ],
                    [
                        137,
                        174
                    ],
                    [
                        137,
                        172
                    ],
                    [
                        136,
                        171
                    ],
                    [
                        136,
                        170
                    ],
                    [
                        138,
                        168
                    ],
                    [
                        139,
                        168
                    ],
                    [
                        140,
                        169
                    ],
                    [
                        142,
                        167
                    ],
                    [
                        142,
                        166
                    ],
                    [
                        143,
                        165
                    ],
                    [
                        144,
                        166
                    ],
                    [
                        141,
                        163
                    ],
                    [
                        141,
                        162
                    ],
                    [
                        136,
                        157
                    ],
                    [
                        136,
                        156
                    ],
                    [
                        135,
                        155
                    ],
                    [
                        135,
                        154
                    ],
                    [
                        130,
                        149
                    ],
                    [
                        130,
                        148
                    ],
                    [
                        129,
                        147
                    ],
                    [
                        129,
                        146
                    ],
                    [
                        127,
                        144
                    ],
                    [
                        127,
                        143
                    ],
                    [
                        126,
                        142
                    ],
                    [
                        126,
                        139
                    ],
                    [
                        125,
                        138
                    ],
                    [
                        125,
                        137
                    ],
                    [
                        124,
                        136
                    ],
                    [
                        124,
                        135
                    ],
                    [
                        122,
                        133
                    ],
                    [
                        122,
                        132
                    ],
                    [
                        119,
                        129
                    ],
                    [
                        119,
                        128
                    ],
                    [
                        118,
                        127
                    ],
                    [
                        118,
                        126
                    ],
                    [
                        117,
                        125
                    ],
                    [
                        117,
                        124
                    ],
                    [
                        116,
                        123
                    ],
                    [
                        116,
                        120
                    ],
                    [
                        115,
                        119
                    ],
                    [
                        115,
                        117
                    ],
                    [
                        114,
                        116
                    ],
                    [
                        114,
                        115
                    ],
                    [
                        113,
                        114
                    ],
                    [
                        113,
                        111
                    ],
                    [
                        112,
                        110
                    ],
                    [
                        112,
                        108
                    ],
                    [
                        111,
                        107
                    ],
                    [
                        111,
                        103
                    ],
                    [
                        110,
                        102
                    ],
                    [
                        110,
                        101
                    ],
                    [
                        108,
                        99
                    ],
                    [
                        108,
                        98
                    ],
                    [
                        107,
                        97
                    ],
                    [
                        107,
                        96
                    ],
                    [
                        106,
                        95
                    ],
                    [
                        106,
                        94
                    ],
                    [
                        103,
                        91
                    ],
                    [
                        103,
                        90
                    ],
                    [
                        101,
                        88
                    ],
                    [
                        101,
                        87
                    ],
                    [
                        100,
                        86
                    ],
                    [
                        100,
                        85
                    ],
                    [
                        97,
                        82
                    ],
                    [
                        97,
                        81
                    ],
                    [
                        94,
                        78
                    ],
                    [
                        91,
                        78
                    ],
                    [
                        90,
                        77
                    ],
                    [
                        90,
                        73
                    ],
                    [
                        89,
                        73
                    ],
                    [
                        87,
                        71
                    ],
                    [
                        87,
                        68
                    ],
                    [
                        86,
                        67
                    ],
                    [
                        86,
                        66
                    ],
                    [
                        85,
                        65
                    ],
                    [
                        85,
                        64
                    ],
                    [
                        84,
                        63
                    ],
                    [
                        84,
                        62
                    ],
                    [
                        83,
                        61
                    ],
                    [
                        83,
                        60
                    ],
                    [
                        82,
                        60
                    ],
                    [
                        81,
                        59
                    ],
                    [
                        80,
                        59
                    ],
                    [
                        77,
                        56
                    ],
                    [
                        77,
                        55
                    ],
                    [
                        76,
                        54
                    ],
                    [
                        75,
                        54
                    ],
                    [
                        72,
                        51
                    ],
                    [
                        72,
                        50
                    ],
                    [
                        71,
                        49
                    ],
                    [
                        70,
                        49
                    ],
                    [
                        68,
                        47
                    ],
                    [
                        68,
                        46
                    ],
                    [
                        67,
                        46
                    ],
                    [
                        66,
                        45
                    ],
                    [
                        66,
                        44
                    ],
                    [
                        62,
                        40
                    ],
                    [
                        61,
                        40
                    ],
                    [
                        58,
                        37
                    ],
                    [
                        57,
                        37
                    ],
                    [
                        54,
                        34
                    ],
                    [
                        53,
                        34
                    ],
                    [
                        52,
                        33
                    ],
                    [
                        51,
                        33
                    ],
                    [
                        50,
                        32
                    ],
                    [
                        49,
                        32
                    ],
                    [
                        47,
                        30
                    ],
                    [
                        46,
                        30
                    ],
                    [
                        43,
                        27
                    ],
                    [
                        37,
                        27
                    ],
                    [
                        36,
                        26
                    ]
                ]
            ],
            "group_id": null,
            "shape_type": "polygon",
            "flags": {}
        }
    ],
    "imagePath": "0.8362_good_tile_15_18_0.png",
    "imageData": null,
    "imageHeight": 224,
    "imageWidth": 224
}