{
    "version": "4.5.9",
    "flags": {},
    "shapes": [
        {
            "label": "foreground",
            "points": [
                [
                    [
                        60,
                        21
                    ],
                    [
                        57,
                        24
                    ],
                    [
                        48,
                        24
                    ],
                    [
                        47,
                        25
                    ],
                    [
                        42,
                        25
                    ],
                    [
                        40,
                        27
                    ],
                    [
                        38,
                        27
                    ],
                    [
                        37,
                        28
                    ],
                    [
                        36,
                        28
                    ],
                    [
                        32,
                        32
                    ],
                    [
                        31,
                        32
                    ],
                    [
                        30,
                        33
                    ],
                    [
                        30,
                        34
                    ],
                    [
                        27,
                        37
                    ],
                    [
                        26,
                        37
                    ],
                    [
                        26,
                        38
                    ],
                    [
                        24,
                        40
                    ],
                    [
                        24,
                        41
                    ],
                    [
                        21,
                        44
                    ],
                    [
                        21,
                        45
                    ],
                    [
                        22,
                        46
                    ],
                    [
                        21,
                        47
                    ],
                    [
                        21,
                        48
                    ],
                    [
                        20,
                        49
                    ],
                    [
                        20,
                        50
                    ],
                    [
                        19,
                        51
                    ],
                    [
                        18,
                        51
                    ],
                    [
                        12,
                        57
                    ],
                    [
                        11,
                        57
                    ],
                    [
                        11,
                        61
                    ],
                    [
                        12,
                        61
                    ],
                    [
                        13,
                        62
                    ],
                    [
                        13,
                        64
                    ],
                    [
                        11,
                        66
                    ],
                    [
                        10,
                        66
                    ],
                    [
                        10,
                        69
                    ],
                    [
                        9,
                        70
                    ],
                    [
                        7,
                        70
                    ],
                    [
                        8,
                        71
                    ],
                    [
                        10,
                        71
                    ],
                    [
                        12,
                        73
                    ],
                    [
                        12,
                        75
                    ],
                    [
                        11,
                        76
                    ],
                    [
                        11,
                        77
                    ],
                    [
                        12,
                        78
                    ],
                    [
                        13,
                        78
                    ],
                    [
                        15,
                        80
                    ],
                    [
                        18,
                        80
                    ],
                    [
                        19,
                        81
                    ],
                    [
                        20,
                        81
                    ],
                    [
                        21,
                        82
                    ],
                    [
                        21,
                        83
                    ],
                    [
                        22,
                        83
                    ],
                    [
                        23,
                        82
                    ],
                    [
                        23,
                        80
                    ],
                    [
                        24,
                        79
                    ],
                    [
                        24,
                        77
                    ],
                    [
                        23,
                        76
                    ],
                    [
                        23,
                        75
                    ],
                    [
                        25,
                        73
                    ],
                    [
                        27,
                        73
                    ],
                    [
                        28,
                        74
                    ],
                    [
                        30,
                        74
                    ],
                    [
                        31,
                        75
                    ],
                    [
                        31,
                        76
                    ],
                    [
                        29,
                        78
                    ],
                    [
                        28,
                        78
                    ],
                    [
                        27,
                        79
                    ],
                    [
                        27,
                        82
                    ],
                    [
                        29,
                        82
                    ],
                    [
                        30,
                        83
                    ],
                    [
                        31,
                        83
                    ],
                    [
                        32,
                        82
                    ],
                    [
                        34,
                        84
                    ],
                    [
                        36,
                        84
                    ],
                    [
                        38,
                        86
                    ],
                    [
                        41,
                        86
                    ],
                    [
                        42,
                        85
                    ],
                    [
                        42,
                        84
                    ],
                    [
                        43,
                        83
                    ],
                    [
                        43,
                        82
                    ],
                    [
                        44,
                        81
                    ],
                    [
                        47,
                        81
                    ],
                    [
                        48,
                        82
                    ],
                    [
                        47,
                        83
                    ],
                    [
                        47,
                        84
                    ],
                    [
                        46,
                        85
                    ],
                    [
                        46,
                        86
                    ],
                    [
                        47,
                        87
                    ],
                    [
                        48,
                        87
                    ],
                    [
                        49,
                        86
                    ],
                    [
                        53,
                        86
                    ],
                    [
                        53,
                        85
                    ],
                    [
                        59,
                        79
                    ],
                    [
                        59,
                        76
                    ],
                    [
                        60,
                        75
                    ],
                    [
                        60,
                        74
                    ],
                    [
                        62,
                        72
                    ],
                    [
                        64,
                        72
                    ],
                    [
                        65,
                        71
                    ],
                    [
                        66,
                        71
                    ],
                    [
                        67,
                        70
                    ],
                    [
                        68,
                        70
                    ],
                    [
                        71,
                        67
                    ],
                    [
                        73,
                        67
                    ],
                    [
                        74,
                        66
                    ],
                    [
                        76,
                        66
                    ],
                    [
                        77,
                        65
                    ],
                    [
                        79,
                        65
                    ],
                    [
                        81,
                        63
                    ],
                    [
                        82,
                        63
                    ],
                    [
                        83,
                        62
                    ],
                    [
                        84,
                        62
                    ],
                    [
                        85,
                        61
                    ],
                    [
                        85,
                        60
                    ],
                    [
                        86,
                        59
                    ],
                    [
                        86,
                        58
                    ],
                    [
                        89,
                        55
                    ],
                    [
                        90,
                        55
                    ],
                    [
                        90,
                        54
                    ],
                    [
                        91,
                        53
                    ],
                    [
                        90,
                        52
                    ],
                    [
                        90,
                        47
                    ],
                    [
                        89,
                        46
                    ],
                    [
                        89,
                        45
                    ],
                    [
                        88,
                        44
                    ],
                    [
                        89,
                        43
                    ],
                    [
                        89,
                        39
                    ],
                    [
                        88,
                        38
                    ],
                    [
                        88,
                        37
                    ],
                    [
                        87,
                        36
                    ],
                    [
                        87,
                        35
                    ],
                    [
                        86,
                        34
                    ],
                    [
                        86,
                        32
                    ],
                    [
                        82,
                        28
                    ],
                    [
                        82,
                        27
                    ],
                    [
                        81,
                        26
                    ],
                    [
                        79,
                        26
                    ],
                    [
                        78,
                        25
                    ],
                    [
                        77,
                        25
                    ],
                    [
                        76,
                        24
                    ],
                    [
                        75,
                        24
                    ],
                    [
                        73,
                        22
                    ],
                    [
                        72,
                        22
                    ],
                    [
                        71,
                        21
                    ]
                ]
            ],
            "group_id": null,
            "shape_type": "polygon",
            "flags": {}
        }
    ],
    "imagePath": "0.8389_good_tile_15_18_4.png",
    "imageData": null,
    "imageHeight": 224,
    "imageWidth": 224
}