{
    "version": "4.5.9",
    "flags": {},
    "shapes": [
        {
            "label": "foreground",
            "points": [
                [
                    [
                        40,
                        23
                    ],
                    [
                        40,
                        25
                    ],
                    [
                        39,
                        26
                    ],
                    [
                        37,
                        26
                    ],
                    [
                        35,
                        28
                    ],
                    [
                        35,
                        30
                    ],
                    [
                        36,
                        31
                    ],
                    [
                        36,
                        33
                    ],
                    [
                        35,
                        34
                    ],
                    [
                        34,
                        34
                    ],
                    [
                        33,
                        33
                    ],
                    [
                        33,
                        38
                    ],
                    [
                        31,
                        40
                    ],
                    [
                        30,
                        40
                    ],
                    [
                        30,
                        41
                    ],
                    [
                        29,
                        42
                    ],
                    [
                        29,
                        44
                    ],
                    [
                        27,
                        46
                    ],
                    [
                        25,
                        46
                    ],
                    [
                        25,
                        47
                    ],
                    [
                        23,
                        49
                    ],
                    [
                        23,
                        50
                    ],
                    [
                        22,
                        51
                    ],
                    [
                        22,
                        53
                    ],
                    [
                        23,
                        53
                    ],
                    [
                        26,
                        56
                    ],
                    [
                        26,
                        57
                    ],
                    [
                        27,
                        57
                    ],
                    [
                        28,
                        58
                    ],
                    [
                        28,
                        63
                    ],
                    [
                        27,
                        64
                    ],
                    [
                        27,
                        67
                    ],
                    [
                        28,
                        67
                    ],
                    [
                        29,
                        68
                    ],
                    [
                        32,
                        68
                    ],
                    [
                        33,
                        67
                    ],
                    [
                        34,
                        67
                    ],
                    [
                        35,
                        68
                    ],
                    [
                        37,
                        68
                    ],
                    [
                        38,
                        69
                    ],
                    [
                        41,
                        69
                    ],
                    [
                        42,
                        70
                    ],
                    [
                        45,
                        70
                    ],
                    [
                        46,
                        69
                    ],
                    [
                        49,
                        69
                    ],
                    [
                        50,
                        70
                    ],
                    [
                        51,
                        70
                    ],
                    [
                        52,
                        71
                    ],
                    [
                        60,
                        71
                    ],
                    [
                        61,
                        72
                    ],
                    [
                        62,
                        72
                    ],
                    [
                        63,
                        73
                    ],
                    [
                        65,
                        73
                    ],
                    [
                        66,
                        74
                    ],
                    [
                        68,
                        74
                    ],
                    [
                        69,
                        75
                    ],
                    [
                        70,
                        75
                    ],
                    [
                        72,
                        77
                    ],
                    [
                        74,
                        77
                    ],
                    [
                        75,
                        78
                    ],
                    [
                        77,
                        78
                    ],
                    [
                        79,
                        80
                    ],
                    [
                        84,
                        80
                    ],
                    [
                        85,
                        81
                    ],
                    [
                        86,
                        81
                    ],
                    [
                        88,
                        83
                    ],
                    [
                        89,
                        83
                    ],
                    [
                        91,
                        85
                    ],
                    [
                        92,
                        85
                    ],
                    [
                        93,
                        86
                    ],
                    [
                        95,
                        86
                    ],
                    [
                        96,
                        87
                    ],
                    [
                        98,
                        87
                    ],
                    [
                        100,
                        89
                    ],
                    [
                        102,
                        89
                    ],
                    [
                        103,
                        90
                    ],
                    [
                        104,
                        90
                    ],
                    [
                        105,
                        91
                    ],
                    [
                        107,
                        91
                    ],
                    [
                        108,
                        92
                    ],
                    [
                        109,
                        92
                    ],
                    [
                        111,
                        94
                    ],
                    [
                        112,
                        94
                    ],
                    [
                        113,
                        95
                    ],
                    [
                        114,
                        95
                    ],
                    [
                        115,
                        96
                    ],
                    [
                        116,
                        96
                    ],
                    [
                        117,
                        97
                    ],
                    [
                        119,
                        97
                    ],
                    [
                        120,
                        98
                    ],
                    [
                        123,
                        98
                    ],
                    [
                        124,
                        99
                    ],
                    [
                        128,
                        99
                    ],
                    [
                        130,
                        101
                    ],
                    [
                        131,
                        101
                    ],
                    [
                        132,
                        102
                    ],
                    [
                        136,
                        102
                    ],
                    [
                        137,
                        101
                    ],
                    [
                        141,
                        101
                    ],
                    [
                        142,
                        100
                    ],
                    [
                        147,
                        100
                    ],
                    [
                        148,
                        99
                    ],
                    [
                        156,
                        99
                    ],
                    [
                        158,
                        101
                    ],
                    [
                        161,
                        101
                    ],
                    [
                        166,
                        106
                    ],
                    [
                        167,
                        106
                    ],
                    [
                        168,
                        107
                    ],
                    [
                        169,
                        107
                    ],
                    [
                        171,
                        109
                    ],
                    [
                        172,
                        109
                    ],
                    [
                        173,
                        110
                    ],
                    [
                        175,
                        110
                    ],
                    [
                        175,
                        108
                    ],
                    [
                        174,
                        107
                    ],
                    [
                        174,
                        106
                    ],
                    [
                        167,
                        99
                    ],
                    [
                        167,
                        97
                    ],
                    [
                        166,
                        96
                    ],
                    [
                        165,
                        96
                    ],
                    [
                        162,
                        93
                    ],
                    [
                        162,
                        92
                    ],
                    [
                        161,
                        91
                    ],
                    [
                        160,
                        91
                    ],
                    [
                        158,
                        89
                    ],
                    [
                        157,
                        89
                    ],
                    [
                        156,
                        88
                    ],
                    [
                        154,
                        88
                    ],
                    [
                        153,
                        87
                    ],
                    [
                        152,
                        87
                    ],
                    [
                        151,
                        86
                    ],
                    [
                        149,
                        86
                    ],
                    [
                        148,
                        85
                    ],
                    [
                        144,
                        85
                    ],
                    [
                        142,
                        83
                    ],
                    [
                        141,
                        83
                    ],
                    [
                        140,
                        82
                    ],
                    [
                        138,
                        82
                    ],
                    [
                        134,
                        78
                    ],
                    [
                        132,
                        78
                    ],
                    [
                        123,
                        69
                    ],
                    [
                        122,
                        69
                    ],
                    [
                        119,
                        66
                    ],
                    [
                        118,
                        66
                    ],
                    [
                        116,
                        64
                    ],
                    [
                        115,
                        64
                    ],
                    [
                        113,
                        62
                    ],
                    [
                        112,
                        62
                    ],
                    [
                        110,
                        60
                    ],
                    [
                        109,
                        60
                    ],
                    [
                        107,
                        58
                    ],
                    [
                        106,
                        58
                    ],
                    [
                        105,
                        57
                    ],
                    [
                        104,
                        57
                    ],
                    [
                        103,
                        56
                    ],
                    [
                        102,
                        56
                    ],
                    [
                        101,
                        55
                    ],
                    [
                        100,
                        55
                    ],
                    [
                        99,
                        54
                    ],
                    [
                        98,
                        54
                    ],
                    [
                        97,
                        53
                    ],
                    [
                        95,
                        53
                    ],
                    [
                        94,
                        52
                    ],
                    [
                        92,
                        52
                    ],
                    [
                        91,
                        51
                    ],
                    [
                        90,
                        51
                    ],
                    [
                        89,
                        50
                    ],
                    [
                        88,
                        50
                    ],
                    [
                        87,
                        49
                    ],
                    [
                        83,
                        49
                    ],
                    [
                        82,
                        48
                    ],
                    [
                        80,
                        48
                    ],
                    [
                        79,
                        47
                    ],
                    [
                        76,
                        47
                    ],
                    [
                        75,
                        46
                    ],
                    [
                        72,
                        46
                    ],
                    [
                        71,
                        45
                    ],
                    [
                        63,
                        45
                    ],
                    [
                        60,
                        42
                    ],
                    [
                        59,
                        43
                    ],
                    [
                        58,
                        43
                    ],
                    [
                        56,
                        41
                    ],
                    [
                        56,
                        40
                    ],
                    [
                        55,
                        39
                    ],
                    [
                        55,
                        36
                    ],
                    [
                        54,
                        35
                    ],
                    [
                        54,
                        32
                    ],
                    [
                        51,
                        29
                    ],
                    [
                        51,
                        28
                    ],
                    [
                        47,
                        24
                    ],
                    [
                        44,
                        24
                    ],
                    [
                        43,
                        23
                    ]
                ]
            ],
            "group_id": null,
            "shape_type": "polygon",
            "flags": {}
        }
    ],
    "imagePath": "0.8735_good_tile_15_18_1.png",
    "imageData": null,
    "imageHeight": 224,
    "imageWidth": 224
}