{
    "version": "4.5.9",
    "flags": {},
    "shapes": [
        {
            "label": "foreground",
            "points": [
                [
                    [
                        8,
                        13
                    ],
                    [
                        8,
                        17
                    ],
                    [
                        9,
                        18
                    ],
                    [
                        11,
                        18
                    ],
                    [
                        12,
                        19
                    ],
                    [
                        13,
                        19
                    ],
                    [
                        14,
                        20
                    ],
                    [
                        15,
                        20
                    ],
                    [
                        17,
                        22
                    ],
                    [
                        18,
                        22
                    ],
                    [
                        19,
                        23
                    ],
                    [
                        20,
                        23
                    ],
                    [
                        21,
                        24
                    ],
                    [
                        22,
                        24
                    ],
                    [
                        23,
                        25
                    ],
                    [
                        23,
                        26
                    ],
                    [
                        30,
                        33
                    ],
                    [
                        31,
                        33
                    ],
                    [
                        33,
                        35
                    ],
                    [
                        34,
                        35
                    ],
                    [
                        36,
                        37
                    ],
                    [
                        36,
                        38
                    ],
                    [
                        37,
                        39
                    ],
                    [
                        37,
                        40
                    ],
                    [
                        39,
                        42
                    ],
                    [
                        39,
                        43
                    ],
                    [
                        43,
                        47
                    ],
                    [
                        43,
                        48
                    ],
                    [
                        44,
                        49
                    ],
                    [
                        44,
                        52
                    ],
                    [
                        45,
                        53
                    ],
                    [
                        45,
                        54
                    ],
                    [
                        44,
                        55
                    ],
                    [
                        44,
                        63
                    ],
                    [
                        43,
                        64
                    ],
                    [
                        42,
                        64
                    ],
                    [
                        41,
                        63
                    ],
                    [
                        39,
                        63
                    ],
                    [
                        36,
                        66
                    ],
                    [
                        35,
                        66
                    ],
                    [
                        34,
                        67
                    ],
                    [
                        31,
                        67
                    ],
                    [
                        29,
                        69
                    ],
                    [
                        28,
                        69
                    ],
                    [
                        27,
                        70
                    ],
                    [
                        27,
                        71
                    ],
                    [
                        26,
                        72
                    ],
                    [
                        26,
                        74
                    ],
                    [
                        25,
                        75
                    ],
                    [
                        22,
                        75
                    ],
                    [
                        20,
                        77
                    ],
                    [
                        16,
                        77
                    ],
                    [
                        15,
                        78
                    ],
                    [
                        15,
                        80
                    ],
                    [
                        18,
                        80
                    ],
                    [
                        20,
                        82
                    ],
                    [
                        20,
                        84
                    ],
                    [
                        21,
                        85
                    ],
                    [
                        21,
                        88
                    ],
                    [
                        20,
                        89
                    ],
                    [
                        20,
                        94
                    ],
                    [
                        21,
                        95
                    ],
                    [
                        21,
                        98
                    ],
                    [
                        22,
                        98
                    ],
                    [
                        24,
                        100
                    ],
                    [
                        24,
                        101
                    ],
                    [
                        25,
                        102
                    ],
                    [
                        25,
                        104
                    ],
                    [
                        24,
                        105
                    ],
                    [
                        25,
                        106
                    ],
                    [
                        23,
                        108
                    ],
                    [
                        22,
                        108
                    ],
                    [
                        20,
                        106
                    ],
                    [
                        19,
                        106
                    ],
                    [
                        18,
                        105
                    ],
                    [
                        17,
                        105
                    ],
                    [
                        14,
                        102
                    ],
                    [
                        13,
                        102
                    ],
                    [
                        13,
                        103
                    ],
                    [
                        15,
                        105
                    ],
                    [
                        16,
                        105
                    ],
                    [
                        19,
                        108
                    ],
                    [
                        20,
                        108
                    ],
                    [
                        21,
                        109
                    ],
                    [
                        24,
                        109
                    ],
                    [
                        25,
                        108
                    ],
                    [
                        26,
                        108
                    ],
                    [
                        27,
                        107
                    ],
                    [
                        27,
                        106
                    ],
                    [
                        28,
                        105
                    ],
                    [
                        29,
                        106
                    ],
                    [
                        30,
                        106
                    ],
                    [
                        31,
                        107
                    ],
                    [
                        32,
                        107
                    ],
                    [
                        33,
                        108
                    ],
                    [
                        34,
                        108
                    ],
                    [
                        39,
                        113
                    ],
                    [
                        40,
                        112
                    ],
                    [
                        42,
                        112
                    ],
                    [
                        43,
                        111
                    ],
                    [
                        44,
                        111
                    ],
                    [
                        45,
                        112
                    ],
                    [
                        46,
                        111
                    ],
                    [
                        48,
                        111
                    ],
                    [
                        51,
                        108
                    ],
                    [
                        52,
                        108
                    ],
                    [
                        53,
                        107
                    ],
                    [
                        57,
                        107
                    ],
                    [
                        58,
                        108
                    ],
                    [
                        59,
                        108
                    ],
                    [
                        60,
                        109
                    ],
                    [
                        60,
                        110
                    ],
                    [
                        61,
                        111
                    ],
                    [
                        61,
                        114
                    ],
                    [
                        64,
                        117
                    ],
                    [
                        64,
                        118
                    ],
                    [
                        65,
                        119
                    ],
                    [
                        67,
                        117
                    ],
                    [
                        67,
                        115
                    ],
                    [
                        66,
                        114
                    ],
                    [
                        66,
                        113
                    ],
                    [
                        68,
                        111
                    ],
                    [
                        68,
                        110
                    ],
                    [
                        67,
                        109
                    ],
                    [
                        67,
                        105
                    ],
                    [
                        66,
                        104
                    ],
                    [
                        68,
                        102
                    ],
                    [
                        69,
                        102
                    ],
                    [
                        71,
                        104
                    ],
                    [
                        71,
                        106
                    ],
                    [
                        72,
                        107
                    ],
                    [
                        72,
                        108
                    ],
                    [
                        74,
                        110
                    ],
                    [
                        75,
                        110
                    ],
                    [
                        76,
                        111
                    ],
                    [
                        77,
                        110
                    ],
                    [
                        78,
                        110
                    ],
                    [
                        80,
                        108
                    ],
                    [
                        82,
                        108
                    ],
                    [
                        82,
                        106
                    ],
                    [
                        79,
                        103
                    ],
                    [
                        79,
                        102
                    ],
                    [
                        80,
                        101
                    ],
                    [
                        81,
                        101
                    ],
                    [
                        81,
                        100
                    ],
                    [
                        84,
                        97
                    ],
                    [
                        84,
                        94
                    ],
                    [
                        88,
                        90
                    ],
                    [
                        88,
                        89
                    ],
                    [
                        89,
                        88
                    ],
                    [
                        89,
                        84
                    ],
                    [
                        88,
                        84
                    ],
                    [
                        87,
                        85
                    ],
                    [
                        86,
                        84
                    ],
                    [
                        86,
                        82
                    ],
                    [
                        85,
                        81
                    ],
                    [
                        85,
                        77
                    ],
                    [
                        83,
                        75
                    ],
                    [
                        83,
                        73
                    ],
                    [
                        84,
                        72
                    ],
                    [
                        84,
                        70
                    ],
                    [
                        83,
                        70
                    ],
                    [
                        83,
                        71
                    ],
                    [
                        82,
                        72
                    ],
                    [
                        81,
                        71
                    ],
                    [
                        81,
                        69
                    ],
                    [
                        82,
                        68
                    ],
                    [
                        82,
                        66
                    ],
                    [
                        81,
                        65
                    ],
                    [
                        81,
                        64
                    ],
                    [
                        73,
                        56
                    ],
                    [
                        73,
                        55
                    ],
                    [
                        72,
                        54
                    ],
                    [
                        72,
                        53
                    ],
                    [
                        70,
                        51
                    ],
                    [
                        70,
                        50
                    ],
                    [
                        69,
                        49
                    ],
                    [
                        69,
                        48
                    ],
                    [
                        67,
                        46
                    ],
                    [
                        65,
                        46
                    ],
                    [
                        62,
                        43
                    ],
                    [
                        61,
                        43
                    ],
                    [
                        59,
                        41
                    ],
                    [
                        58,
                        41
                    ],
                    [
                        57,
                        40
                    ],
                    [
                        56,
                        40
                    ],
                    [
                        54,
                        38
                    ],
                    [
                        52,
                        38
                    ],
                    [
                        49,
                        35
                    ],
                    [
                        48,
                        35
                    ],
                    [
                        45,
                        32
                    ],
                    [
                        44,
                        32
                    ],
                    [
                        41,
                        29
                    ],
                    [
                        40,
                        29
                    ],
                    [
                        39,
                        28
                    ],
                    [
                        37,
                        28
                    ],
                    [
                        36,
                        27
                    ],
                    [
                        35,
                        27
                    ],
                    [
                        34,
                        26
                    ],
                    [
                        33,
                        26
                    ],
                    [
                        32,
                        25
                    ],
                    [
                        31,
                        25
                    ],
                    [
                        29,
                        23
                    ],
                    [
                        28,
                        23
                    ],
                    [
                        27,
                        22
                    ],
                    [
                        26,
                        22
                    ],
                    [
                        22,
                        18
                    ],
                    [
                        22,
                        17
                    ],
                    [
                        21,
                        17
                    ],
                    [
                        20,
                        16
                    ],
                    [
                        17,
                        16
                    ],
                    [
                        16,
                        15
                    ],
                    [
                        15,
                        15
                    ],
                    [
                        14,
                        14
                    ],
                    [
                        11,
                        14
                    ],
                    [
                        10,
                        13
                    ]
                ]
            ],
            "group_id": null,
            "shape_type": "polygon",
            "flags": {}
        }
    ],
    "imagePath": "0.9020_good_tile_60_33_1.png",
    "imageData": null,
    "imageHeight": 224,
    "imageWidth": 224
}