{
    "version": "4.5.9",
    "flags": {},
    "shapes": [
        {
            "label": "foreground",
            "points": [
                [
                    [
                        66,
                        27
                    ],
                    [
                        65,
                        28
                    ],
                    [
                        57,
                        28
                    ],
                    [
                        56,
                        29
                    ],
                    [
                        54,
                        29
                    ],
                    [
                        53,
                        30
                    ],
                    [
                        51,
                        30
                    ],
                    [
                        49,
                        32
                    ],
                    [
                        48,
                        32
                    ],
                    [
                        47,
                        33
                    ],
                    [
                        46,
                        33
                    ],
                    [
                        44,
                        35
                    ],
                    [
                        43,
                        35
                    ],
                    [
                        35,
                        43
                    ],
                    [
                        35,
                        44
                    ],
                    [
                        34,
                        45
                    ],
                    [
                        34,
                        46
                    ],
                    [
                        33,
                        47
                    ],
                    [
                        33,
                        48
                    ],
                    [
                        32,
                        49
                    ],
                    [
                        32,
                        51
                    ],
                    [
                        31,
                        52
                    ],
                    [
                        31,
                        59
                    ],
                    [
                        30,
                        60
                    ],
                    [
                        30,
                        62
                    ],
                    [
                        29,
                        63
                    ],
                    [
                        29,
                        66
                    ],
                    [
                        30,
                        67
                    ],
                    [
                        30,
                        68
                    ],
                    [
                        31,
                        69
                    ],
                    [
                        31,
                        71
                    ],
                    [
                        32,
                        72
                    ],
                    [
                        32,
                        73
                    ],
                    [
                        33,
                        73
                    ],
                    [
                        35,
                        75
                    ],
                    [
                        35,
                        76
                    ],
                    [
                        40,
                        81
                    ],
                    [
                        40,
                        82
                    ],
                    [
                        41,
                        83
                    ],
                    [
                        41,
                        85
                    ],
                    [
                        42,
                        85
                    ],
                    [
                        43,
                        86
                    ],
                    [
                        44,
                        86
                    ],
                    [
                        47,
                        89
                    ],
                    [
                        48,
                        89
                    ],
                    [
                        49,
                        90
                    ],
                    [
                        50,
                        90
                    ],
                    [
                        52,
                        92
                    ],
                    [
                        59,
                        92
                    ],
                    [
                        60,
                        93
                    ],
                    [
                        61,
                        93
                    ],
                    [
                        65,
                        97
                    ],
                    [
                        67,
                        97
                    ],
                    [
                        69,
                        99
                    ],
                    [
                        80,
                        99
                    ],
                    [
                        81,
                        98
                    ],
                    [
                        83,
                        98
                    ],
                    [
                        85,
                        96
                    ],
                    [
                        86,
                        96
                    ],
                    [
                        86,
                        95
                    ],
                    [
                        88,
                        93
                    ],
                    [
                        93,
                        93
                    ],
                    [
                        96,
                        90
                    ],
                    [
                        96,
                        88
                    ],
                    [
                        97,
                        87
                    ],
                    [
                        97,
                        86
                    ],
                    [
                        103,
                        80
                    ],
                    [
                        103,
                        79
                    ],
                    [
                        105,
                        77
                    ],
                    [
                        105,
                        76
                    ],
                    [
                        106,
                        75
                    ],
                    [
                        106,
                        74
                    ],
                    [
                        107,
                        73
                    ],
                    [
                        107,
                        71
                    ],
                    [
                        108,
                        70
                    ],
                    [
                        108,
                        68
                    ],
                    [
                        109,
                        67
                    ],
                    [
                        109,
                        58
                    ],
                    [
                        108,
                        57
                    ],
                    [
                        108,
                        53
                    ],
                    [
                        107,
                        52
                    ],
                    [
                        107,
                        51
                    ],
                    [
                        106,
                        50
                    ],
                    [
                        106,
                        49
                    ],
                    [
                        105,
                        48
                    ],
                    [
                        105,
                        47
                    ],
                    [
                        104,
                        46
                    ],
                    [
                        104,
                        44
                    ],
                    [
                        103,
                        44
                    ],
                    [
                        100,
                        41
                    ],
                    [
                        100,
                        40
                    ],
                    [
                        99,
                        40
                    ],
                    [
                        98,
                        39
                    ],
                    [
                        97,
                        39
                    ],
                    [
                        95,
                        37
                    ],
                    [
                        94,
                        37
                    ],
                    [
                        89,
                        32
                    ],
                    [
                        87,
                        32
                    ],
                    [
                        86,
                        31
                    ],
                    [
                        83,
                        31
                    ],
                    [
                        82,
                        30
                    ],
                    [
                        81,
                        30
                    ],
                    [
                        80,
                        29
                    ],
                    [
                        76,
                        29
                    ],
                    [
                        75,
                        28
                    ],
                    [
                        71,
                        28
                    ],
                    [
                        70,
                        27
                    ]
                ]
            ],
            "group_id": null,
            "shape_type": "polygon",
            "flags": {}
        }
    ],
    "imagePath": "0.9197_good_tile_49_55_1.png",
    "imageData": null,
    "imageHeight": 224,
    "imageWidth": 224
}