{
    "version": "4.5.9",
    "flags": {},
    "shapes": [
        {
            "label": "foreground",
            "points": [
                [
                    [
                        119,
                        19
                    ],
                    [
                        118,
                        20
                    ],
                    [
                        103,
                        20
                    ],
                    [
                        102,
                        21
                    ],
                    [
                        99,
                        21
                    ],
                    [
                        98,
                        22
                    ],
                    [
                        96,
                        22
                    ],
                    [
                        95,
                        21
                    ],
                    [
                        94,
                        21
                    ],
                    [
                        93,
                        22
                    ],
                    [
                        89,
                        22
                    ],
                    [
                        88,
                        23
                    ],
                    [
                        87,
                        23
                    ],
                    [
                        86,
                        22
                    ],
                    [
                        85,
                        22
                    ],
                    [
                        84,
                        23
                    ],
                    [
                        82,
                        23
                    ],
                    [
                        81,
                        24
                    ],
                    [
                        80,
                        23
                    ],
                    [
                        75,
                        23
                    ],
                    [
                        74,
                        24
                    ],
                    [
                        71,
                        24
                    ],
                    [
                        70,
                        25
                    ],
                    [
                        68,
                        25
                    ],
                    [
                        67,
                        26
                    ],
                    [
                        58,
                        26
                    ],
                    [
                        57,
                        27
                    ],
                    [
                        56,
                        26
                    ],
                    [
                        53,
                        26
                    ],
                    [
                        52,
                        27
                    ],
                    [
                        48,
                        27
                    ],
                    [
                        47,
                        28
                    ],
                    [
                        39,
                        28
                    ],
                    [
                        37,
                        30
                    ],
                    [
                        33,
                        30
                    ],
                    [
                        32,
                        31
                    ],
                    [
                        31,
                        31
                    ],
                    [
                        28,
                        34
                    ],
                    [
                        27,
                        34
                    ],
                    [
                        25,
                        36
                    ],
                    [
                        22,
                        36
                    ],
                    [
                        22,
                        38
                    ],
                    [
                        23,
                        39
                    ],
                    [
                        25,
                        39
                    ],
                    [
                        26,
                        40
                    ],
                    [
                        27,
                        40
                    ],
                    [
                        31,
                        44
                    ],
                    [
                        32,
                        44
                    ],
                    [
                        34,
                        46
                    ],
                    [
                        36,
                        46
                    ],
                    [
                        37,
                        47
                    ],
                    [
                        40,
                        47
                    ],
                    [
                        41,
                        48
                    ],
                    [
                        44,
                        48
                    ],
                    [
                        45,
                        49
                    ],
                    [
                        46,
                        49
                    ],
                    [
                        48,
                        51
                    ],
                    [
                        49,
                        51
                    ],
                    [
                        50,
                        52
                    ],
                    [
                        51,
                        52
                    ],
                    [
                        55,
                        56
                    ],
                    [
                        56,
                        56
                    ],
                    [
                        57,
                        57
                    ],
                    [
                        58,
                        57
                    ],
                    [
                        59,
                        58
                    ],
                    [
                        61,
                        58
                    ],
                    [
                        62,
                        59
                    ],
                    [
                        63,
                        59
                    ],
                    [
                        64,
                        60
                    ],
                    [
                        68,
                        60
                    ],
                    [
                        69,
                        61
                    ],
                    [
                        90,
                        61
                    ],
                    [
                        91,
                        60
                    ],
                    [
                        96,
                        60
                    ],
                    [
                        97,
                        59
                    ],
                    [
                        101,
                        59
                    ],
                    [
                        102,
                        58
                    ],
                    [
                        104,
                        58
                    ],
                    [
                        105,
                        57
                    ],
                    [
                        106,
                        58
                    ],
                    [
                        112,
                        58
                    ],
                    [
                        113,
                        57
                    ],
                    [
                        114,
                        57
                    ],
                    [
                        116,
                        55
                    ],
                    [
                        120,
                        55
                    ],
                    [
                        121,
                        54
                    ],
                    [
                        122,
                        54
                    ],
                    [
                        123,
                        53
                    ],
                    [
                        124,
                        53
                    ],
                    [
                        125,
                        52
                    ],
                    [
                        126,
                        52
                    ],
                    [
                        130,
                        48
                    ],
                    [
                        132,
                        48
                    ],
                    [
                        133,
                        49
                    ],
                    [
                        134,
                        49
                    ],
                    [
                        134,
                        48
                    ],
                    [
                        135,
                        47
                    ],
                    [
                        135,
                        44
                    ],
                    [
                        134,
                        43
                    ],
                    [
                        134,
                        41
                    ],
                    [
                        133,
                        40
                    ],
                    [
                        134,
                        39
                    ],
                    [
                        134,
                        36
                    ],
                    [
                        133,
                        35
                    ],
                    [
                        133,
                        32
                    ],
                    [
                        132,
                        31
                    ],
                    [
                        132,
                        29
                    ],
                    [
                        128,
                        25
                    ],
                    [
                        127,
                        25
                    ],
                    [
                        126,
                        24
                    ],
                    [
                        126,
                        22
                    ],
                    [
                        125,
                        21
                    ],
                    [
                        123,
                        21
                    ],
                    [
                        121,
                        19
                    ]
                ]
            ],
            "group_id": null,
            "shape_type": "polygon",
            "flags": {}
        }
    ],
    "imagePath": "0.9373_good_tile_49_55_2.png",
    "imageData": null,
    "imageHeight": 224,
    "imageWidth": 224
}