{
    "version": "4.5.9",
    "flags": {},
    "shapes": [
        {
            "label": "foreground",
            "points": [
                [
                    [
                        60,
                        25
                    ],
                    [
                        59,
                        26
                    ],
                    [
                        57,
                        26
                    ],
                    [
                        56,
                        27
                    ],
                    [
                        48,
                        27
                    ],
                    [
                        47,
                        28
                    ],
                    [
                        45,
                        28
                    ],
                    [
                        44,
                        29
                    ],
                    [
                        42,
                        29
                    ],
                    [
                        41,
                        30
                    ],
                    [
                        40,
                        30
                    ],
                    [
                        35,
                        35
                    ],
                    [
                        35,
                        36
                    ],
                    [
                        34,
                        37
                    ],
                    [
                        34,
                        40
                    ],
                    [
                        33,
                        41
                    ],
                    [
                        33,
                        44
                    ],
                    [
                        34,
                        45
                    ],
                    [
                        34,
                        48
                    ],
                    [
                        35,
                        49
                    ],
                    [
                        35,
                        51
                    ],
                    [
                        36,
                        52
                    ],
                    [
                        36,
                        54
                    ],
                    [
                        37,
                        55
                    ],
                    [
                        37,
                        56
                    ],
                    [
                        38,
                        57
                    ],
                    [
                        38,
                        58
                    ],
                    [
                        41,
                        61
                    ],
                    [
                        41,
                        63
                    ],
                    [
                        42,
                        64
                    ],
                    [
                        42,
                        66
                    ],
                    [
                        45,
                        69
                    ],
                    [
                        45,
                        71
                    ],
                    [
                        46,
                        72
                    ],
                    [
                        46,
                        74
                    ],
                    [
                        47,
                        75
                    ],
                    [
                        47,
                        79
                    ],
                    [
                        46,
                        80
                    ],
                    [
                        46,
                        85
                    ],
                    [
                        41,
                        90
                    ],
                    [
                        41,
                        91
                    ],
                    [
                        40,
                        92
                    ],
                    [
                        39,
                        92
                    ],
                    [
                        35,
                        96
                    ],
                    [
                        34,
                        96
                    ],
                    [
                        33,
                        97
                    ],
                    [
                        32,
                        97
                    ],
                    [
                        28,
                        101
                    ],
                    [
                        28,
                        102
                    ],
                    [
                        26,
                        104
                    ],
                    [
                        26,
                        105
                    ],
                    [
                        25,
                        106
                    ],
                    [
                        25,
                        111
                    ],
                    [
                        24,
                        112
                    ],
                    [
                        24,
                        116
                    ],
                    [
                        25,
                        117
                    ],
                    [
                        25,
                        118
                    ],
                    [
                        26,
                        119
                    ],
                    [
                        26,
                        120
                    ],
                    [
                        27,
                        120
                    ],
                    [
                        29,
                        122
                    ],
                    [
                        30,
                        122
                    ],
                    [
                        31,
                        123
                    ],
                    [
                        32,
                        123
                    ],
                    [
                        38,
                        117
                    ],
                    [
                        38,
                        116
                    ],
                    [
                        39,
                        115
                    ],
                    [
                        39,
                        114
                    ],
                    [
                        41,
                        112
                    ],
                    [
                        41,
                        111
                    ],
                    [
                        42,
                        110
                    ],
                    [
                        42,
                        107
                    ],
                    [
                        43,
                        106
                    ],
                    [
                        43,
                        105
                    ],
                    [
                        44,
                        104
                    ],
                    [
                        44,
                        103
                    ],
                    [
                        45,
                        102
                    ],
                    [
                        45,
                        101
                    ],
                    [
                        47,
                        99
                    ],
                    [
                        47,
                        97
                    ],
                    [
                        48,
                        96
                    ],
                    [
                        48,
                        95
                    ],
                    [
                        52,
                        91
                    ],
                    [
                        53,
                        91
                    ],
                    [
                        60,
                        84
                    ],
                    [
                        62,
                        84
                    ],
                    [
                        63,
                        83
                    ],
                    [
                        67,
                        83
                    ],
                    [
                        69,
                        81
                    ],
                    [
                        72,
                        81
                    ],
                    [
                        73,
                        82
                    ],
                    [
                        74,
                        82
                    ],
                    [
                        74,
                        80
                    ],
                    [
                        80,
                        74
                    ],
                    [
                        80,
                        71
                    ],
                    [
                        81,
                        70
                    ],
                    [
                        81,
                        68
                    ],
                    [
                        82,
                        67
                    ],
                    [
                        82,
                        66
                    ],
                    [
                        83,
                        65
                    ],
                    [
                        83,
                        64
                    ],
                    [
                        84,
                        63
                    ],
                    [
                        84,
                        61
                    ],
                    [
                        85,
                        60
                    ],
                    [
                        85,
                        55
                    ],
                    [
                        86,
                        54
                    ],
                    [
                        86,
                        48
                    ],
                    [
                        85,
                        47
                    ],
                    [
                        85,
                        43
                    ],
                    [
                        87,
                        41
                    ],
                    [
                        88,
                        41
                    ],
                    [
                        90,
                        43
                    ],
                    [
                        90,
                        48
                    ],
                    [
                        90,
                        42
                    ],
                    [
                        89,
                        41
                    ],
                    [
                        89,
                        39
                    ],
                    [
                        87,
                        37
                    ],
                    [
                        83,
                        37
                    ],
                    [
                        82,
                        36
                    ],
                    [
                        79,
                        36
                    ],
                    [
                        77,
                        34
                    ],
                    [
                        76,
                        34
                    ],
                    [
                        75,
                        33
                    ],
                    [
                        74,
                        33
                    ],
                    [
                        73,
                        32
                    ],
                    [
                        72,
                        32
                    ],
                    [
                        65,
                        25
                    ]
                ]
            ],
            "group_id": null,
            "shape_type": "polygon",
            "flags": {}
        }
    ],
    "imagePath": "0.9486_good_tile_41_17_10.png",
    "imageData": null,
    "imageHeight": 224,
    "imageWidth": 224
}