{
    "version": "4.5.9",
    "flags": {},
    "shapes": [
        {
            "label": "foreground",
            "points": [
                [
                    [
                        19,
                        13
                    ],
                    [
                        18,
                        14
                    ],
                    [
                        17,
                        14
                    ],
                    [
                        13,
                        18
                    ],
                    [
                        13,
                        19
                    ],
                    [
                        12,
                        20
                    ],
                    [
                        12,
                        21
                    ],
                    [
                        11,
                        22
                    ],
                    [
                        11,
                        23
                    ],
                    [
                        10,
                        24
                    ],
                    [
                        10,
                        30
                    ],
                    [
                        11,
                        31
                    ],
                    [
                        11,
                        32
                    ],
                    [
                        12,
                        33
                    ],
                    [
                        12,
                        34
                    ],
                    [
                        13,
                        35
                    ],
                    [
                        13,
                        36
                    ],
                    [
                        18,
                        41
                    ],
                    [
                        20,
                        41
                    ],
                    [
                        21,
                        42
                    ],
                    [
                        22,
                        42
                    ],
                    [
                        23,
                        43
                    ],
                    [
                        25,
                        43
                    ],
                    [
                        26,
                        42
                    ],
                    [
                        27,
                        42
                    ],
                    [
                        28,
                        41
                    ],
                    [
                        30,
                        41
                    ],
                    [
                        31,
                        40
                    ],
                    [
                        32,
                        40
                    ],
                    [
                        38,
                        34
                    ],
                    [
                        38,
                        26
                    ],
                    [
                        37,
                        25
                    ],
                    [
                        37,
                        23
                    ],
                    [
                        36,
                        22
                    ],
                    [
                        36,
                        21
                    ],
                    [
                        34,
                        19
                    ],
                    [
                        34,
                        18
                    ],
                    [
                        30,
                        14
                    ],
                    [
                        28,
                        14
                    ],
                    [
                        27,
                        13
                    ]
                ]
            ],
            "group_id": null,
            "shape_type": "polygon",
            "flags": {}
        }
    ],
    "imagePath": "0.9471_good_tile_60_33_6.png",
    "imageData": null,
    "imageHeight": 224,
    "imageWidth": 224
}