{
    "version": "4.5.9",
    "flags": {},
    "shapes": [
        {
            "label": "foreground",
            "points": [
                [
                    [
                        20,
                        11
                    ],
                    [
                        19,
                        12
                    ],
                    [
                        18,
                        12
                    ],
                    [
                        17,
                        13
                    ],
                    [
                        16,
                        13
                    ],
                    [
                        10,
                        19
                    ],
                    [
                        10,
                        20
                    ],
                    [
                        9,
                        21
                    ],
                    [
                        9,
                        23
                    ],
                    [
                        8,
                        24
                    ],
                    [
                        8,
                        31
                    ],
                    [
                        9,
                        32
                    ],
                    [
                        9,
                        35
                    ],
                    [
                        10,
                        36
                    ],
                    [
                        10,
                        39
                    ],
                    [
                        11,
                        40
                    ],
                    [
                        11,
                        41
                    ],
                    [
                        12,
                        42
                    ],
                    [
                        12,
                        44
                    ],
                    [
                        13,
                        45
                    ],
                    [
                        15,
                        45
                    ],
                    [
                        17,
                        47
                    ],
                    [
                        18,
                        47
                    ],
                    [
                        19,
                        48
                    ],
                    [
                        22,
                        48
                    ],
                    [
                        23,
                        49
                    ],
                    [
                        26,
                        49
                    ],
                    [
                        27,
                        48
                    ],
                    [
                        34,
                        48
                    ],
                    [
                        35,
                        47
                    ],
                    [
                        38,
                        47
                    ],
                    [
                        46,
                        39
                    ],
                    [
                        46,
                        38
                    ],
                    [
                        48,
                        36
                    ],
                    [
                        48,
                        34
                    ],
                    [
                        49,
                        33
                    ],
                    [
                        49,
                        26
                    ],
                    [
                        47,
                        24
                    ],
                    [
                        47,
                        23
                    ],
                    [
                        44,
                        20
                    ],
                    [
                        44,
                        19
                    ],
                    [
                        41,
                        16
                    ],
                    [
                        40,
                        16
                    ],
                    [
                        39,
                        15
                    ],
                    [
                        38,
                        15
                    ],
                    [
                        36,
                        13
                    ],
                    [
                        34,
                        13
                    ],
                    [
                        33,
                        12
                    ],
                    [
                        31,
                        12
                    ],
                    [
                        30,
                        11
                    ]
                ]
            ],
            "group_id": null,
            "shape_type": "polygon",
            "flags": {}
        }
    ],
    "imagePath": "0.9618_good_tile_60_33_3.png",
    "imageData": null,
    "imageHeight": 224,
    "imageWidth": 224
}