{
    "version": "4.5.9",
    "flags": {},
    "shapes": [
        {
            "label": "foreground",
            "points": [
                [
                    [
                        72,
                        26
                    ],
                    [
                        71,
                        27
                    ],
                    [
                        66,
                        27
                    ],
                    [
                        65,
                        28
                    ],
                    [
                        59,
                        28
                    ],
                    [
                        56,
                        31
                    ],
                    [
                        54,
                        31
                    ],
                    [
                        53,
                        32
                    ],
                    [
                        52,
                        32
                    ],
                    [
                        52,
                        34
                    ],
                    [
                        49,
                        37
                    ],
                    [
                        47,
                        37
                    ],
                    [
                        46,
                        38
                    ],
                    [
                        45,
                        38
                    ],
                    [
                        43,
                        40
                    ],
                    [
                        43,
                        41
                    ],
                    [
                        42,
                        42
                    ],
                    [
                        42,
                        45
                    ],
                    [
                        38,
                        49
                    ],
                    [
                        37,
                        49
                    ],
                    [
                        35,
                        51
                    ],
                    [
                        34,
                        51
                    ],
                    [
                        34,
                        53
                    ],
                    [
                        31,
                        56
                    ],
                    [
                        30,
                        56
                    ],
                    [
                        29,
                        57
                    ],
                    [
                        27,
                        57
                    ],
                    [
                        26,
                        58
                    ],
                    [
                        27,
                        59
                    ],
                    [
                        27,
                        62
                    ],
                    [
                        26,
                        63
                    ],
                    [
                        26,
                        65
                    ],
                    [
                        25,
                        66
                    ],
                    [
                        25,
                        67
                    ],
                    [
                        24,
                        68
                    ],
                    [
                        24,
                        69
                    ],
                    [
                        23,
                        70
                    ],
                    [
                        23,
                        71
                    ],
                    [
                        21,
                        73
                    ],
                    [
                        21,
                        74
                    ],
                    [
                        20,
                        75
                    ],
                    [
                        21,
                        76
                    ],
                    [
                        21,
                        80
                    ],
                    [
                        20,
                        81
                    ],
                    [
                        20,
                        84
                    ],
                    [
                        21,
                        85
                    ],
                    [
                        21,
                        86
                    ],
                    [
                        22,
                        87
                    ],
                    [
                        22,
                        88
                    ],
                    [
                        23,
                        89
                    ],
                    [
                        24,
                        89
                    ],
                    [
                        28,
                        93
                    ],
                    [
                        28,
                        94
                    ],
                    [
                        30,
                        96
                    ],
                    [
                        33,
                        96
                    ],
                    [
                        35,
                        98
                    ],
                    [
                        36,
                        98
                    ],
                    [
                        37,
                        99
                    ],
                    [
                        38,
                        98
                    ],
                    [
                        40,
                        98
                    ],
                    [
                        41,
                        99
                    ],
                    [
                        46,
                        99
                    ],
                    [
                        47,
                        100
                    ],
                    [
                        51,
                        100
                    ],
                    [
                        52,
                        99
                    ],
                    [
                        55,
                        99
                    ],
                    [
                        56,
                        100
                    ],
                    [
                        60,
                        100
                    ],
                    [
                        61,
                        101
                    ],
                    [
                        62,
                        101
                    ],
                    [
                        66,
                        105
                    ],
                    [
                        66,
                        106
                    ],
                    [
                        67,
                        107
                    ],
                    [
                        69,
                        107
                    ],
                    [
                        70,
                        106
                    ],
                    [
                        71,
                        106
                    ],
                    [
                        74,
                        103
                    ],
                    [
                        74,
                        101
                    ],
                    [
                        76,
                        99
                    ],
                    [
                        76,
                        98
                    ],
                    [
                        77,
                        97
                    ],
                    [
                        77,
                        96
                    ],
                    [
                        78,
                        95
                    ],
                    [
                        78,
                        94
                    ],
                    [
                        80,
                        92
                    ],
                    [
                        81,
                        92
                    ],
                    [
                        82,
                        91
                    ],
                    [
                        85,
                        91
                    ],
                    [
                        86,
                        90
                    ],
                    [
                        87,
                        90
                    ],
                    [
                        88,
                        89
                    ],
                    [
                        89,
                        89
                    ],
                    [
                        92,
                        86
                    ],
                    [
                        92,
                        85
                    ],
                    [
                        95,
                        82
                    ],
                    [
                        96,
                        82
                    ],
                    [
                        98,
                        80
                    ],
                    [
                        99,
                        80
                    ],
                    [
                        100,
                        79
                    ],
                    [
                        101,
                        79
                    ],
                    [
                        102,
                        78
                    ],
                    [
                        103,
                        78
                    ],
                    [
                        104,
                        77
                    ],
                    [
                        104,
                        75
                    ],
                    [
                        109,
                        70
                    ],
                    [
                        109,
                        63
                    ],
                    [
                        108,
                        62
                    ],
                    [
                        108,
                        57
                    ],
                    [
                        109,
                        56
                    ],
                    [
                        109,
                        54
                    ],
                    [
                        110,
                        53
                    ],
                    [
                        109,
                        52
                    ],
                    [
                        108,
                        52
                    ],
                    [
                        98,
                        42
                    ],
                    [
                        98,
                        40
                    ],
                    [
                        97,
                        39
                    ],
                    [
                        97,
                        36
                    ],
                    [
                        96,
                        35
                    ],
                    [
                        94,
                        35
                    ],
                    [
                        93,
                        34
                    ],
                    [
                        93,
                        32
                    ],
                    [
                        91,
                        30
                    ],
                    [
                        84,
                        30
                    ],
                    [
                        83,
                        29
                    ],
                    [
                        81,
                        29
                    ],
                    [
                        79,
                        27
                    ],
                    [
                        78,
                        27
                    ],
                    [
                        77,
                        26
                    ]
                ]
            ],
            "group_id": null,
            "shape_type": "polygon",
            "flags": {}
        }
    ],
    "imagePath": "0.9694_good_tile_15_18_3.png",
    "imageData": null,
    "imageHeight": 224,
    "imageWidth": 224
}