{
    "version": "4.5.9",
    "flags": {},
    "shapes": [
        {
            "label": "foreground",
            "points": [
                [
                    [
                        58,
                        26
                    ],
                    [
                        57,
                        27
                    ],
                    [
                        48,
                        27
                    ],
                    [
                        47,
                        28
                    ],
                    [
                        42,
                        28
                    ],
                    [
                        40,
                        30
                    ],
                    [
                        38,
                        30
                    ],
                    [
                        36,
                        32
                    ],
                    [
                        35,
                        32
                    ],
                    [
                        29,
                        38
                    ],
                    [
                        29,
                        39
                    ],
                    [
                        28,
                        40
                    ],
                    [
                        28,
                        41
                    ],
                    [
                        26,
                        43
                    ],
                    [
                        26,
                        45
                    ],
                    [
                        25,
                        46
                    ],
                    [
                        25,
                        49
                    ],
                    [
                        24,
                        50
                    ],
                    [
                        24,
                        51
                    ],
                    [
                        23,
                        52
                    ],
                    [
                        23,
                        69
                    ],
                    [
                        24,
                        70
                    ],
                    [
                        24,
                        72
                    ],
                    [
                        27,
                        75
                    ],
                    [
                        27,
                        76
                    ],
                    [
                        29,
                        78
                    ],
                    [
                        29,
                        79
                    ],
                    [
                        36,
                        86
                    ],
                    [
                        37,
                        86
                    ],
                    [
                        38,
                        87
                    ],
                    [
                        39,
                        87
                    ],
                    [
                        40,
                        88
                    ],
                    [
                        42,
                        88
                    ],
                    [
                        44,
                        90
                    ],
                    [
                        47,
                        90
                    ],
                    [
                        48,
                        89
                    ],
                    [
                        53,
                        89
                    ],
                    [
                        55,
                        87
                    ],
                    [
                        56,
                        87
                    ],
                    [
                        57,
                        86
                    ],
                    [
                        58,
                        86
                    ],
                    [
                        59,
                        85
                    ],
                    [
                        60,
                        85
                    ],
                    [
                        62,
                        83
                    ],
                    [
                        63,
                        83
                    ],
                    [
                        71,
                        75
                    ],
                    [
                        71,
                        74
                    ],
                    [
                        74,
                        71
                    ],
                    [
                        74,
                        69
                    ],
                    [
                        75,
                        68
                    ],
                    [
                        75,
                        66
                    ],
                    [
                        76,
                        65
                    ],
                    [
                        76,
                        59
                    ],
                    [
                        77,
                        58
                    ],
                    [
                        77,
                        51
                    ],
                    [
                        78,
                        50
                    ],
                    [
                        77,
                        49
                    ],
                    [
                        78,
                        48
                    ],
                    [
                        77,
                        47
                    ],
                    [
                        77,
                        43
                    ],
                    [
                        76,
                        42
                    ],
                    [
                        76,
                        37
                    ],
                    [
                        75,
                        36
                    ],
                    [
                        75,
                        35
                    ],
                    [
                        73,
                        33
                    ],
                    [
                        73,
                        32
                    ],
                    [
                        71,
                        30
                    ],
                    [
                        70,
                        30
                    ],
                    [
                        68,
                        28
                    ],
                    [
                        67,
                        28
                    ],
                    [
                        66,
                        27
                    ],
                    [
                        65,
                        27
                    ],
                    [
                        64,
                        26
                    ]
                ]
            ],
            "group_id": null,
            "shape_type": "polygon",
            "flags": {}
        }
    ],
    "imagePath": "0.9628_good_tile_49_55_0.png",
    "imageData": null,
    "imageHeight": 224,
    "imageWidth": 224
}