{
    "version": "4.5.9",
    "flags": {},
    "shapes": [
        {
            "label": "foreground",
            "points": [
                [
                    [
                        112,
                        22
                    ],
                    [
                        110,
                        24
                    ],
                    [
                        109,
                        24
                    ],
                    [
                        108,
                        25
                    ],
                    [
                        99,
                        25
                    ],
                    [
                        98,
                        26
                    ],
                    [
                        93,
                        26
                    ],
                    [
                        91,
                        28
                    ],
                    [
                        89,
                        28
                    ],
                    [
                        88,
                        29
                    ],
                    [
                        87,
                        29
                    ],
                    [
                        84,
                        32
                    ],
                    [
                        83,
                        32
                    ],
                    [
                        78,
                        37
                    ],
                    [
                        77,
                        36
                    ],
                    [
                        76,
                        36
                    ],
                    [
                        76,
                        37
                    ],
                    [
                        75,
                        38
                    ],
                    [
                        75,
                        39
                    ],
                    [
                        74,
                        40
                    ],
                    [
                        74,
                        42
                    ],
                    [
                        72,
                        44
                    ],
                    [
                        72,
                        45
                    ],
                    [
                        71,
                        46
                    ],
                    [
                        72,
                        47
                    ],
                    [
                        71,
                        48
                    ],
                    [
                        71,
                        49
                    ],
                    [
                        70,
                        50
                    ],
                    [
                        70,
                        51
                    ],
                    [
                        69,
                        52
                    ],
                    [
                        68,
                        52
                    ],
                    [
                        64,
                        56
                    ],
                    [
                        63,
                        56
                    ],
                    [
                        62,
                        57
                    ],
                    [
                        60,
                        57
                    ],
                    [
                        59,
                        58
                    ],
                    [
                        57,
                        58
                    ],
                    [
                        55,
                        60
                    ],
                    [
                        55,
                        62
                    ],
                    [
                        53,
                        64
                    ],
                    [
                        53,
                        65
                    ],
                    [
                        50,
                        68
                    ],
                    [
                        48,
                        68
                    ],
                    [
                        47,
                        69
                    ],
                    [
                        47,
                        71
                    ],
                    [
                        44,
                        74
                    ],
                    [
                        43,
                        74
                    ],
                    [
                        43,
                        78
                    ],
                    [
                        41,
                        80
                    ],
                    [
                        41,
                        81
                    ],
                    [
                        40,
                        82
                    ],
                    [
                        40,
                        86
                    ],
                    [
                        38,
                        88
                    ],
                    [
                        38,
                        89
                    ],
                    [
                        37,
                        90
                    ],
                    [
                        37,
                        92
                    ],
                    [
                        36,
                        93
                    ],
                    [
                        36,
                        95
                    ],
                    [
                        35,
                        96
                    ],
                    [
                        35,
                        101
                    ],
                    [
                        33,
                        103
                    ],
                    [
                        32,
                        103
                    ],
                    [
                        32,
                        106
                    ],
                    [
                        33,
                        107
                    ],
                    [
                        33,
                        111
                    ],
                    [
                        32,
                        112
                    ],
                    [
                        32,
                        115
                    ],
                    [
                        31,
                        116
                    ],
                    [
                        31,
                        122
                    ],
                    [
                        30,
                        123
                    ],
                    [
                        30,
                        124
                    ],
                    [
                        29,
                        125
                    ],
                    [
                        29,
                        126
                    ],
                    [
                        28,
                        127
                    ],
                    [
                        28,
                        128
                    ],
                    [
                        27,
                        129
                    ],
                    [
                        27,
                        130
                    ],
                    [
                        26,
                        131
                    ],
                    [
                        26,
                        132
                    ],
                    [
                        24,
                        134
                    ],
                    [
                        24,
                        135
                    ],
                    [
                        23,
                        136
                    ],
                    [
                        23,
                        149
                    ],
                    [
                        22,
                        150
                    ],
                    [
                        22,
                        151
                    ],
                    [
                        23,
                        152
                    ],
                    [
                        23,
                        156
                    ],
                    [
                        24,
                        157
                    ],
                    [
                        24,
                        159
                    ],
                    [
                        28,
                        163
                    ],
                    [
                        28,
                        165
                    ],
                    [
                        29,
                        166
                    ],
                    [
                        29,
                        167
                    ],
                    [
                        30,
                        168
                    ],
                    [
                        31,
                        168
                    ],
                    [
                        33,
                        170
                    ],
                    [
                        33,
                        171
                    ],
                    [
                        34,
                        172
                    ],
                    [
                        34,
                        173
                    ],
                    [
                        36,
                        175
                    ],
                    [
                        39,
                        175
                    ],
                    [
                        40,
                        176
                    ],
                    [
                        42,
                        176
                    ],
                    [
                        45,
                        173
                    ],
                    [
                        48,
                        173
                    ],
                    [
                        48,
                        172
                    ],
                    [
                        49,
                        171
                    ],
                    [
                        53,
                        171
                    ],
                    [
                        55,
                        169
                    ],
                    [
                        60,
                        169
                    ],
                    [
                        62,
                        167
                    ],
                    [
                        63,
                        167
                    ],
                    [
                        64,
                        168
                    ],
                    [
                        74,
                        168
                    ],
                    [
                        75,
                        167
                    ],
                    [
                        76,
                        167
                    ],
                    [
                        77,
                        166
                    ],
                    [
                        77,
                        165
                    ],
                    [
                        79,
                        163
                    ],
                    [
                        81,
                        163
                    ],
                    [
                        82,
                        162
                    ],
                    [
                        85,
                        162
                    ],
                    [
                        85,
                        161
                    ],
                    [
                        87,
                        159
                    ],
                    [
                        87,
                        158
                    ],
                    [
                        88,
                        157
                    ],
                    [
                        88,
                        156
                    ],
                    [
                        89,
                        155
                    ],
                    [
                        89,
                        154
                    ],
                    [
                        90,
                        153
                    ],
                    [
                        90,
                        144
                    ],
                    [
                        93,
                        141
                    ],
                    [
                        93,
                        140
                    ],
                    [
                        94,
                        139
                    ],
                    [
                        94,
                        135
                    ],
                    [
                        95,
                        134
                    ],
                    [
                        94,
                        133
                    ],
                    [
                        94,
                        132
                    ],
                    [
                        95,
                        131
                    ],
                    [
                        95,
                        130
                    ],
                    [
                        96,
                        129
                    ],
                    [
                        96,
                        128
                    ],
                    [
                        95,
                        127
                    ],
                    [
                        95,
                        124
                    ],
                    [
                        94,
                        123
                    ],
                    [
                        94,
                        115
                    ],
                    [
                        95,
                        114
                    ],
                    [
                        96,
                        115
                    ],
                    [
                        97,
                        115
                    ],
                    [
                        98,
                        114
                    ],
                    [
                        97,
                        113
                    ],
                    [
                        97,
                        112
                    ],
                    [
                        96,
                        111
                    ],
                    [
                        97,
                        110
                    ],
                    [
                        97,
                        109
                    ],
                    [
                        98,
                        108
                    ],
                    [
                        98,
                        106
                    ],
                    [
                        101,
                        103
                    ],
                    [
                        101,
                        100
                    ],
                    [
                        103,
                        98
                    ],
                    [
                        103,
                        95
                    ],
                    [
                        104,
                        94
                    ],
                    [
                        104,
                        93
                    ],
                    [
                        105,
                        92
                    ],
                    [
                        105,
                        89
                    ],
                    [
                        106,
                        88
                    ],
                    [
                        106,
                        87
                    ],
                    [
                        109,
                        84
                    ],
                    [
                        109,
                        81
                    ],
                    [
                        111,
                        79
                    ],
                    [
                        111,
                        76
                    ],
                    [
                        113,
                        74
                    ],
                    [
                        114,
                        74
                    ],
                    [
                        115,
                        73
                    ],
                    [
                        116,
                        73
                    ],
                    [
                        118,
                        71
                    ],
                    [
                        119,
                        71
                    ],
                    [
                        121,
                        69
                    ],
                    [
                        122,
                        69
                    ],
                    [
                        123,
                        68
                    ],
                    [
                        126,
                        68
                    ],
                    [
                        127,
                        67
                    ],
                    [
                        129,
                        67
                    ],
                    [
                        130,
                        66
                    ],
                    [
                        131,
                        66
                    ],
                    [
                        134,
                        63
                    ],
                    [
                        135,
                        63
                    ],
                    [
                        136,
                        62
                    ],
                    [
                        136,
                        61
                    ],
                    [
                        137,
                        60
                    ],
                    [
                        137,
                        59
                    ],
                    [
                        141,
                        55
                    ],
                    [
                        141,
                        49
                    ],
                    [
                        140,
                        48
                    ],
                    [
                        140,
                        47
                    ],
                    [
                        139,
                        46
                    ],
                    [
                        139,
                        43
                    ],
                    [
                        140,
                        42
                    ],
                    [
                        140,
                        40
                    ],
                    [
                        139,
                        39
                    ],
                    [
                        139,
                        38
                    ],
                    [
                        137,
                        36
                    ],
                    [
                        137,
                        34
                    ],
                    [
                        136,
                        33
                    ],
                    [
                        136,
                        32
                    ],
                    [
                        131,
                        27
                    ],
                    [
                        130,
                        27
                    ],
                    [
                        129,
                        26
                    ],
                    [
                        128,
                        26
                    ],
                    [
                        127,
                        25
                    ],
                    [
                        125,
                        25
                    ],
                    [
                        123,
                        23
                    ],
                    [
                        118,
                        23
                    ],
                    [
                        117,
                        22
                    ]
                ]
            ],
            "group_id": null,
            "shape_type": "polygon",
            "flags": {}
        }
    ],
    "imagePath": "0.9749_good_tile_15_18_5.png",
    "imageData": null,
    "imageHeight": 224,
    "imageWidth": 224
}