{
    "version": "4.5.9",
    "flags": {},
    "shapes": [
        {
            "label": "foreground",
            "points": [
                [
                    [
                        43,
                        6
                    ],
                    [
                        42,
                        7
                    ],
                    [
                        41,
                        7
                    ],
                    [
                        38,
                        10
                    ],
                    [
                        37,
                        10
                    ],
                    [
                        36,
                        11
                    ],
                    [
                        35,
                        11
                    ],
                    [
                        32,
                        14
                    ],
                    [
                        32,
                        15
                    ],
                    [
                        31,
                        16
                    ],
                    [
                        31,
                        17
                    ],
                    [
                        30,
                        18
                    ],
                    [
                        30,
                        19
                    ],
                    [
                        28,
                        21
                    ],
                    [
                        28,
                        22
                    ],
                    [
                        27,
                        23
                    ],
                    [
                        27,
                        24
                    ],
                    [
                        26,
                        25
                    ],
                    [
                        26,
                        38
                    ],
                    [
                        28,
                        40
                    ],
                    [
                        28,
                        45
                    ],
                    [
                        27,
                        46
                    ],
                    [
                        26,
                        46
                    ],
                    [
                        26,
                        47
                    ],
                    [
                        28,
                        49
                    ],
                    [
                        29,
                        49
                    ],
                    [
                        32,
                        52
                    ],
                    [
                        32,
                        53
                    ],
                    [
                        33,
                        54
                    ],
                    [
                        33,
                        55
                    ],
                    [
                        37,
                        59
                    ],
                    [
                        37,
                        60
                    ],
                    [
                        39,
                        62
                    ],
                    [
                        39,
                        63
                    ],
                    [
                        42,
                        66
                    ],
                    [
                        42,
                        68
                    ],
                    [
                        44,
                        70
                    ],
                    [
                        44,
                        71
                    ],
                    [
                        45,
                        72
                    ],
                    [
                        45,
                        73
                    ],
                    [
                        50,
                        73
                    ],
                    [
                        51,
                        74
                    ],
                    [
                        52,
                        74
                    ],
                    [
                        55,
                        77
                    ],
                    [
                        55,
                        78
                    ],
                    [
                        56,
                        79
                    ],
                    [
                        57,
                        79
                    ],
                    [
                        58,
                        80
                    ],
                    [
                        60,
                        80
                    ],
                    [
                        62,
                        82
                    ],
                    [
                        67,
                        82
                    ],
                    [
                        68,
                        83
                    ],
                    [
                        69,
                        83
                    ],
                    [
                        70,
                        84
                    ],
                    [
                        72,
                        84
                    ],
                    [
                        73,
                        85
                    ],
                    [
                        79,
                        85
                    ],
                    [
                        80,
                        84
                    ],
                    [
                        82,
                        84
                    ],
                    [
                        83,
                        85
                    ],
                    [
                        87,
                        85
                    ],
                    [
                        88,
                        84
                    ],
                    [
                        90,
                        84
                    ],
                    [
                        91,
                        83
                    ],
                    [
                        92,
                        83
                    ],
                    [
                        93,
                        82
                    ],
                    [
                        95,
                        82
                    ],
                    [
                        96,
                        81
                    ],
                    [
                        98,
                        81
                    ],
                    [
                        99,
                        80
                    ],
                    [
                        100,
                        80
                    ],
                    [
                        102,
                        78
                    ],
                    [
                        102,
                        77
                    ],
                    [
                        103,
                        76
                    ],
                    [
                        103,
                        75
                    ],
                    [
                        104,
                        74
                    ],
                    [
                        104,
                        73
                    ],
                    [
                        108,
                        69
                    ],
                    [
                        108,
                        67
                    ],
                    [
                        106,
                        65
                    ],
                    [
                        106,
                        63
                    ],
                    [
                        107,
                        62
                    ],
                    [
                        106,
                        61
                    ],
                    [
                        106,
                        60
                    ],
                    [
                        105,
                        59
                    ],
                    [
                        105,
                        57
                    ],
                    [
                        104,
                        56
                    ],
                    [
                        104,
                        54
                    ],
                    [
                        103,
                        53
                    ],
                    [
                        103,
                        51
                    ],
                    [
                        101,
                        49
                    ],
                    [
                        101,
                        47
                    ],
                    [
                        100,
                        46
                    ],
                    [
                        100,
                        44
                    ],
                    [
                        99,
                        43
                    ],
                    [
                        99,
                        42
                    ],
                    [
                        98,
                        41
                    ],
                    [
                        98,
                        40
                    ],
                    [
                        97,
                        39
                    ],
                    [
                        97,
                        38
                    ],
                    [
                        96,
                        37
                    ],
                    [
                        96,
                        36
                    ],
                    [
                        94,
                        34
                    ],
                    [
                        94,
                        33
                    ],
                    [
                        93,
                        32
                    ],
                    [
                        93,
                        31
                    ],
                    [
                        92,
                        30
                    ],
                    [
                        92,
                        29
                    ],
                    [
                        91,
                        28
                    ],
                    [
                        91,
                        26
                    ],
                    [
                        83,
                        18
                    ],
                    [
                        82,
                        18
                    ],
                    [
                        79,
                        15
                    ],
                    [
                        78,
                        15
                    ],
                    [
                        74,
                        11
                    ],
                    [
                        72,
                        11
                    ],
                    [
                        71,
                        10
                    ],
                    [
                        69,
                        10
                    ],
                    [
                        68,
                        9
                    ],
                    [
                        65,
                        9
                    ],
                    [
                        64,
                        8
                    ],
                    [
                        62,
                        8
                    ],
                    [
                        61,
                        7
                    ],
                    [
                        59,
                        7
                    ],
                    [
                        58,
                        6
                    ]
                ]
            ],
            "group_id": null,
            "shape_type": "polygon",
            "flags": {}
        }
    ],
    "imagePath": "0.9722_good_tile_41_17_7.png",
    "imageData": null,
    "imageHeight": 224,
    "imageWidth": 224
}