{
    "version": "4.5.9",
    "flags": {},
    "shapes": [
        {
            "label": "foreground",
            "points": [
                [
                    [
                        39,
                        18
                    ],
                    [
                        38,
                        19
                    ],
                    [
                        36,
                        19
                    ],
                    [
                        35,
                        20
                    ],
                    [
                        33,
                        20
                    ],
                    [
                        32,
                        21
                    ],
                    [
                        31,
                        21
                    ],
                    [
                        29,
                        23
                    ],
                    [
                        29,
                        24
                    ],
                    [
                        23,
                        30
                    ],
                    [
                        23,
                        31
                    ],
                    [
                        22,
                        32
                    ],
                    [
                        22,
                        34
                    ],
                    [
                        21,
                        35
                    ],
                    [
                        21,
                        37
                    ],
                    [
                        19,
                        39
                    ],
                    [
                        19,
                        42
                    ],
                    [
                        20,
                        43
                    ],
                    [
                        20,
                        45
                    ],
                    [
                        21,
                        46
                    ],
                    [
                        21,
                        51
                    ],
                    [
                        22,
                        52
                    ],
                    [
                        22,
                        55
                    ],
                    [
                        23,
                        56
                    ],
                    [
                        23,
                        66
                    ],
                    [
                        24,
                        67
                    ],
                    [
                        24,
                        75
                    ],
                    [
                        25,
                        76
                    ],
                    [
                        25,
                        80
                    ],
                    [
                        24,
                        81
                    ],
                    [
                        24,
                        83
                    ],
                    [
                        25,
                        84
                    ],
                    [
                        25,
                        95
                    ],
                    [
                        26,
                        96
                    ],
                    [
                        26,
                        98
                    ],
                    [
                        27,
                        99
                    ],
                    [
                        27,
                        102
                    ],
                    [
                        28,
                        103
                    ],
                    [
                        28,
                        105
                    ],
                    [
                        30,
                        107
                    ],
                    [
                        30,
                        108
                    ],
                    [
                        37,
                        115
                    ],
                    [
                        39,
                        115
                    ],
                    [
                        40,
                        116
                    ],
                    [
                        41,
                        116
                    ],
                    [
                        42,
                        117
                    ],
                    [
                        46,
                        117
                    ],
                    [
                        47,
                        118
                    ],
                    [
                        55,
                        118
                    ],
                    [
                        56,
                        117
                    ],
                    [
                        61,
                        117
                    ],
                    [
                        62,
                        116
                    ],
                    [
                        64,
                        116
                    ],
                    [
                        66,
                        114
                    ],
                    [
                        67,
                        114
                    ],
                    [
                        68,
                        113
                    ],
                    [
                        69,
                        113
                    ],
                    [
                        71,
                        111
                    ],
                    [
                        72,
                        111
                    ],
                    [
                        75,
                        108
                    ],
                    [
                        75,
                        107
                    ],
                    [
                        76,
                        106
                    ],
                    [
                        76,
                        101
                    ],
                    [
                        77,
                        100
                    ],
                    [
                        77,
                        97
                    ],
                    [
                        78,
                        96
                    ],
                    [
                        78,
                        95
                    ],
                    [
                        79,
                        94
                    ],
                    [
                        79,
                        92
                    ],
                    [
                        80,
                        91
                    ],
                    [
                        80,
                        89
                    ],
                    [
                        81,
                        88
                    ],
                    [
                        81,
                        85
                    ],
                    [
                        82,
                        84
                    ],
                    [
                        82,
                        80
                    ],
                    [
                        83,
                        79
                    ],
                    [
                        83,
                        77
                    ],
                    [
                        84,
                        76
                    ],
                    [
                        84,
                        73
                    ],
                    [
                        85,
                        72
                    ],
                    [
                        85,
                        59
                    ],
                    [
                        84,
                        58
                    ],
                    [
                        84,
                        55
                    ],
                    [
                        83,
                        54
                    ],
                    [
                        83,
                        49
                    ],
                    [
                        82,
                        48
                    ],
                    [
                        82,
                        46
                    ],
                    [
                        81,
                        45
                    ],
                    [
                        81,
                        44
                    ],
                    [
                        80,
                        43
                    ],
                    [
                        80,
                        42
                    ],
                    [
                        79,
                        41
                    ],
                    [
                        79,
                        40
                    ],
                    [
                        78,
                        39
                    ],
                    [
                        78,
                        38
                    ],
                    [
                        76,
                        36
                    ],
                    [
                        76,
                        35
                    ],
                    [
                        72,
                        31
                    ],
                    [
                        72,
                        30
                    ],
                    [
                        71,
                        29
                    ],
                    [
                        70,
                        29
                    ],
                    [
                        65,
                        24
                    ],
                    [
                        65,
                        23
                    ],
                    [
                        64,
                        22
                    ],
                    [
                        63,
                        23
                    ],
                    [
                        62,
                        23
                    ],
                    [
                        61,
                        24
                    ],
                    [
                        60,
                        24
                    ],
                    [
                        58,
                        22
                    ],
                    [
                        56,
                        22
                    ],
                    [
                        55,
                        21
                    ],
                    [
                        53,
                        21
                    ],
                    [
                        52,
                        20
                    ],
                    [
                        49,
                        20
                    ],
                    [
                        48,
                        19
                    ],
                    [
                        40,
                        19
                    ]
                ]
            ],
            "group_id": null,
            "shape_type": "polygon",
            "flags": {}
        }
    ],
    "imagePath": "0.9916_good_tile_38_16_0.png",
    "imageData": null,
    "imageHeight": 224,
    "imageWidth": 224
}