{
    "version": "4.5.9",
    "flags": {},
    "shapes": [
        {
            "label": "foreground",
            "points": [
                [
                    [
                        32,
                        22
                    ],
                    [
                        31,
                        23
                    ],
                    [
                        30,
                        23
                    ],
                    [
                        29,
                        24
                    ],
                    [
                        27,
                        24
                    ],
                    [
                        26,
                        25
                    ],
                    [
                        25,
                        25
                    ],
                    [
                        25,
                        26
                    ],
                    [
                        24,
                        27
                    ],
                    [
                        21,
                        27
                    ],
                    [
                        21,
                        30
                    ],
                    [
                        20,
                        31
                    ],
                    [
                        19,
                        31
                    ],
                    [
                        19,
                        35
                    ],
                    [
                        18,
                        36
                    ],
                    [
                        18,
                        38
                    ],
                    [
                        17,
                        39
                    ],
                    [
                        17,
                        40
                    ],
                    [
                        20,
                        43
                    ],
                    [
                        20,
                        47
                    ],
                    [
                        21,
                        48
                    ],
                    [
                        21,
                        49
                    ],
                    [
                        23,
                        51
                    ],
                    [
                        23,
                        53
                    ],
                    [
                        24,
                        54
                    ],
                    [
                        24,
                        56
                    ],
                    [
                        25,
                        57
                    ],
                    [
                        25,
                        58
                    ],
                    [
                        26,
                        59
                    ],
                    [
                        26,
                        99
                    ],
                    [
                        27,
                        100
                    ],
                    [
                        27,
                        101
                    ],
                    [
                        26,
                        102
                    ],
                    [
                        26,
                        104
                    ],
                    [
                        27,
                        105
                    ],
                    [
                        27,
                        106
                    ],
                    [
                        28,
                        107
                    ],
                    [
                        28,
                        108
                    ],
                    [
                        30,
                        110
                    ],
                    [
                        31,
                        110
                    ],
                    [
                        32,
                        111
                    ],
                    [
                        32,
                        112
                    ],
                    [
                        35,
                        115
                    ],
                    [
                        35,
                        116
                    ],
                    [
                        36,
                        117
                    ],
                    [
                        36,
                        118
                    ],
                    [
                        38,
                        120
                    ],
                    [
                        40,
                        120
                    ],
                    [
                        41,
                        121
                    ],
                    [
                        42,
                        121
                    ],
                    [
                        43,
                        122
                    ],
                    [
                        56,
                        122
                    ],
                    [
                        57,
                        121
                    ],
                    [
                        59,
                        121
                    ],
                    [
                        60,
                        120
                    ],
                    [
                        59,
                        119
                    ],
                    [
                        59,
                        116
                    ],
                    [
                        63,
                        112
                    ],
                    [
                        65,
                        112
                    ],
                    [
                        65,
                        111
                    ],
                    [
                        67,
                        109
                    ],
                    [
                        69,
                        109
                    ],
                    [
                        70,
                        108
                    ],
                    [
                        71,
                        108
                    ],
                    [
                        71,
                        107
                    ],
                    [
                        74,
                        104
                    ],
                    [
                        75,
                        104
                    ],
                    [
                        76,
                        103
                    ],
                    [
                        77,
                        103
                    ],
                    [
                        79,
                        101
                    ],
                    [
                        80,
                        101
                    ],
                    [
                        83,
                        98
                    ],
                    [
                        84,
                        98
                    ],
                    [
                        86,
                        96
                    ],
                    [
                        86,
                        94
                    ],
                    [
                        87,
                        93
                    ],
                    [
                        87,
                        91
                    ],
                    [
                        88,
                        90
                    ],
                    [
                        88,
                        89
                    ],
                    [
                        87,
                        88
                    ],
                    [
                        87,
                        87
                    ],
                    [
                        86,
                        86
                    ],
                    [
                        86,
                        85
                    ],
                    [
                        83,
                        82
                    ],
                    [
                        83,
                        81
                    ],
                    [
                        82,
                        80
                    ],
                    [
                        82,
                        79
                    ],
                    [
                        81,
                        78
                    ],
                    [
                        81,
                        77
                    ],
                    [
                        80,
                        76
                    ],
                    [
                        80,
                        75
                    ],
                    [
                        78,
                        73
                    ],
                    [
                        78,
                        72
                    ],
                    [
                        75,
                        69
                    ],
                    [
                        75,
                        68
                    ],
                    [
                        73,
                        66
                    ],
                    [
                        73,
                        65
                    ],
                    [
                        68,
                        60
                    ],
                    [
                        68,
                        59
                    ],
                    [
                        67,
                        58
                    ],
                    [
                        67,
                        57
                    ],
                    [
                        64,
                        54
                    ],
                    [
                        64,
                        53
                    ],
                    [
                        63,
                        52
                    ],
                    [
                        63,
                        51
                    ],
                    [
                        62,
                        51
                    ],
                    [
                        60,
                        49
                    ],
                    [
                        60,
                        48
                    ],
                    [
                        58,
                        46
                    ],
                    [
                        58,
                        45
                    ],
                    [
                        57,
                        44
                    ],
                    [
                        57,
                        43
                    ],
                    [
                        56,
                        43
                    ],
                    [
                        48,
                        35
                    ],
                    [
                        46,
                        35
                    ],
                    [
                        43,
                        32
                    ],
                    [
                        43,
                        31
                    ],
                    [
                        42,
                        31
                    ],
                    [
                        40,
                        29
                    ],
                    [
                        39,
                        29
                    ],
                    [
                        38,
                        28
                    ],
                    [
                        38,
                        27
                    ],
                    [
                        37,
                        26
                    ],
                    [
                        37,
                        24
                    ],
                    [
                        35,
                        22
                    ]
                ]
            ],
            "group_id": null,
            "shape_type": "polygon",
            "flags": {}
        }
    ],
    "imagePath": "0.9989_good_tile_41_17_4.png",
    "imageData": null,
    "imageHeight": 224,
    "imageWidth": 224
}