{
    "version": "4.5.9",
    "flags": {},
    "shapes": [
        {
            "label": "foreground",
            "points": [
                [
                    [
                        36,
                        19
                    ],
                    [
                        34,
                        21
                    ],
                    [
                        32,
                        21
                    ],
                    [
                        29,
                        24
                    ],
                    [
                        29,
                        25
                    ],
                    [
                        25,
                        29
                    ],
                    [
                        25,
                        31
                    ],
                    [
                        23,
                        33
                    ],
                    [
                        23,
                        34
                    ],
                    [
                        20,
                        37
                    ],
                    [
                        20,
                        40
                    ],
                    [
                        18,
                        42
                    ],
                    [
                        18,
                        51
                    ],
                    [
                        20,
                        53
                    ],
                    [
                        20,
                        54
                    ],
                    [
                        21,
                        55
                    ],
                    [
                        21,
                        56
                    ],
                    [
                        22,
                        57
                    ],
                    [
                        22,
                        58
                    ],
                    [
                        26,
                        62
                    ],
                    [
                        28,
                        62
                    ],
                    [
                        31,
                        65
                    ],
                    [
                        32,
                        64
                    ],
                    [
                        37,
                        64
                    ],
                    [
                        39,
                        66
                    ],
                    [
                        40,
                        66
                    ],
                    [
                        41,
                        67
                    ],
                    [
                        44,
                        67
                    ],
                    [
                        45,
                        66
                    ],
                    [
                        45,
                        64
                    ],
                    [
                        47,
                        62
                    ],
                    [
                        48,
                        62
                    ],
                    [
                        49,
                        61
                    ],
                    [
                        50,
                        61
                    ],
                    [
                        55,
                        56
                    ],
                    [
                        55,
                        55
                    ],
                    [
                        56,
                        54
                    ],
                    [
                        56,
                        52
                    ],
                    [
                        57,
                        51
                    ],
                    [
                        57,
                        39
                    ],
                    [
                        56,
                        38
                    ],
                    [
                        56,
                        37
                    ],
                    [
                        57,
                        36
                    ],
                    [
                        57,
                        35
                    ],
                    [
                        56,
                        34
                    ],
                    [
                        56,
                        28
                    ],
                    [
                        55,
                        27
                    ],
                    [
                        53,
                        27
                    ],
                    [
                        50,
                        24
                    ],
                    [
                        49,
                        24
                    ],
                    [
                        48,
                        23
                    ],
                    [
                        46,
                        23
                    ],
                    [
                        45,
                        22
                    ],
                    [
                        44,
                        22
                    ],
                    [
                        41,
                        19
                    ]
                ]
            ],
            "group_id": null,
            "shape_type": "polygon",
            "flags": {}
        }
    ],
    "imagePath": "0.9998_good_tile_41_17_5.png",
    "imageData": null,
    "imageHeight": 224,
    "imageWidth": 224
}