{
    "version": "4.5.9",
    "flags": {},
    "shapes": [
        {
            "label": "foreground",
            "points": [
                [
                    [
                        30,
                        19
                    ],
                    [
                        29,
                        20
                    ],
                    [
                        27,
                        20
                    ],
                    [
                        26,
                        21
                    ],
                    [
                        25,
                        21
                    ],
                    [
                        19,
                        27
                    ],
                    [
                        19,
                        28
                    ],
                    [
                        18,
                        29
                    ],
                    [
                        18,
                        31
                    ],
                    [
                        17,
                        32
                    ],
                    [
                        17,
                        38
                    ],
                    [
                        18,
                        39
                    ],
                    [
                        18,
                        40
                    ],
                    [
                        19,
                        41
                    ],
                    [
                        19,
                        42
                    ],
                    [
                        21,
                        44
                    ],
                    [
                        21,
                        45
                    ],
                    [
                        25,
                        49
                    ],
                    [
                        25,
                        50
                    ],
                    [
                        26,
                        50
                    ],
                    [
                        27,
                        51
                    ],
                    [
                        28,
                        51
                    ],
                    [
                        30,
                        53
                    ],
                    [
                        32,
                        53
                    ],
                    [
                        33,
                        54
                    ],
                    [
                        42,
                        54
                    ],
                    [
                        44,
                        52
                    ],
                    [
                        45,
                        52
                    ],
                    [
                        46,
                        51
                    ],
                    [
                        47,
                        51
                    ],
                    [
                        49,
                        49
                    ],
                    [
                        49,
                        48
                    ],
                    [
                        51,
                        46
                    ],
                    [
                        51,
                        44
                    ],
                    [
                        52,
                        43
                    ],
                    [
                        52,
                        41
                    ],
                    [
                        53,
                        40
                    ],
                    [
                        53,
                        34
                    ],
                    [
                        52,
                        33
                    ],
                    [
                        52,
                        31
                    ],
                    [
                        51,
                        30
                    ],
                    [
                        51,
                        29
                    ],
                    [
                        49,
                        27
                    ],
                    [
                        49,
                        26
                    ],
                    [
                        47,
                        24
                    ],
                    [
                        46,
                        24
                    ],
                    [
                        45,
                        23
                    ],
                    [
                        45,
                        22
                    ],
                    [
                        44,
                        22
                    ],
                    [
                        42,
                        20
                    ],
                    [
                        41,
                        20
                    ],
                    [
                        40,
                        19
                    ]
                ]
            ],
            "group_id": null,
            "shape_type": "polygon",
            "flags": {}
        }
    ],
    "imagePath": "0.9998_good_tile_49_55_6.png",
    "imageData": null,
    "imageHeight": 224,
    "imageWidth": 224
}