{
    "version": "4.5.9",
    "flags": {},
    "shapes": [
        {
            "label": "foreground",
            "points": [
                [
                    [
                        52,
                        22
                    ],
                    [
                        51,
                        23
                    ],
                    [
                        49,
                        23
                    ],
                    [
                        48,
                        24
                    ],
                    [
                        46,
                        24
                    ],
                    [
                        45,
                        25
                    ],
                    [
                        41,
                        25
                    ],
                    [
                        40,
                        26
                    ],
                    [
                        39,
                        26
                    ],
                    [
                        37,
                        28
                    ],
                    [
                        35,
                        28
                    ],
                    [
                        33,
                        30
                    ],
                    [
                        32,
                        30
                    ],
                    [
                        31,
                        31
                    ],
                    [
                        30,
                        31
                    ],
                    [
                        28,
                        33
                    ],
                    [
                        28,
                        34
                    ],
                    [
                        27,
                        35
                    ],
                    [
                        27,
                        36
                    ],
                    [
                        26,
                        37
                    ],
                    [
                        25,
                        37
                    ],
                    [
                        24,
                        38
                    ],
                    [
                        23,
                        38
                    ],
                    [
                        23,
                        48
                    ],
                    [
                        22,
                        49
                    ],
                    [
                        23,
                        50
                    ],
                    [
                        23,
                        51
                    ],
                    [
                        24,
                        52
                    ],
                    [
                        24,
                        53
                    ],
                    [
                        23,
                        54
                    ],
                    [
                        23,
                        55
                    ],
                    [
                        24,
                        56
                    ],
                    [
                        24,
                        59
                    ],
                    [
                        25,
                        60
                    ],
                    [
                        25,
                        61
                    ],
                    [
                        26,
                        62
                    ],
                    [
                        26,
                        63
                    ],
                    [
                        27,
                        64
                    ],
                    [
                        27,
                        66
                    ],
                    [
                        28,
                        67
                    ],
                    [
                        28,
                        68
                    ],
                    [
                        29,
                        69
                    ],
                    [
                        29,
                        70
                    ],
                    [
                        30,
                        71
                    ],
                    [
                        30,
                        73
                    ],
                    [
                        32,
                        75
                    ],
                    [
                        32,
                        76
                    ],
                    [
                        40,
                        84
                    ],
                    [
                        41,
                        84
                    ],
                    [
                        46,
                        89
                    ],
                    [
                        46,
                        90
                    ],
                    [
                        47,
                        91
                    ],
                    [
                        52,
                        91
                    ],
                    [
                        53,
                        92
                    ],
                    [
                        54,
                        92
                    ],
                    [
                        55,
                        93
                    ],
                    [
                        56,
                        93
                    ],
                    [
                        57,
                        94
                    ],
                    [
                        58,
                        94
                    ],
                    [
                        60,
                        96
                    ],
                    [
                        62,
                        96
                    ],
                    [
                        63,
                        97
                    ],
                    [
                        68,
                        97
                    ],
                    [
                        69,
                        98
                    ],
                    [
                        81,
                        98
                    ],
                    [
                        82,
                        97
                    ],
                    [
                        86,
                        97
                    ],
                    [
                        87,
                        96
                    ],
                    [
                        88,
                        96
                    ],
                    [
                        93,
                        91
                    ],
                    [
                        93,
                        90
                    ],
                    [
                        94,
                        89
                    ],
                    [
                        94,
                        88
                    ],
                    [
                        95,
                        87
                    ],
                    [
                        95,
                        85
                    ],
                    [
                        96,
                        84
                    ],
                    [
                        96,
                        81
                    ],
                    [
                        97,
                        80
                    ],
                    [
                        97,
                        78
                    ],
                    [
                        98,
                        77
                    ],
                    [
                        98,
                        76
                    ],
                    [
                        97,
                        75
                    ],
                    [
                        97,
                        72
                    ],
                    [
                        98,
                        71
                    ],
                    [
                        98,
                        61
                    ],
                    [
                        97,
                        60
                    ],
                    [
                        97,
                        58
                    ],
                    [
                        96,
                        57
                    ],
                    [
                        96,
                        54
                    ],
                    [
                        95,
                        53
                    ],
                    [
                        95,
                        52
                    ],
                    [
                        94,
                        51
                    ],
                    [
                        94,
                        50
                    ],
                    [
                        93,
                        49
                    ],
                    [
                        93,
                        48
                    ],
                    [
                        92,
                        47
                    ],
                    [
                        92,
                        46
                    ],
                    [
                        91,
                        45
                    ],
                    [
                        91,
                        44
                    ],
                    [
                        90,
                        43
                    ],
                    [
                        90,
                        42
                    ],
                    [
                        89,
                        41
                    ],
                    [
                        89,
                        40
                    ],
                    [
                        83,
                        34
                    ],
                    [
                        82,
                        34
                    ],
                    [
                        80,
                        32
                    ],
                    [
                        79,
                        32
                    ],
                    [
                        78,
                        31
                    ],
                    [
                        78,
                        30
                    ],
                    [
                        76,
                        28
                    ],
                    [
                        75,
                        28
                    ],
                    [
                        73,
                        26
                    ],
                    [
                        71,
                        26
                    ],
                    [
                        70,
                        25
                    ],
                    [
                        69,
                        25
                    ],
                    [
                        68,
                        24
                    ],
                    [
                        63,
                        24
                    ],
                    [
                        62,
                        23
                    ],
                    [
                        58,
                        23
                    ],
                    [
                        57,
                        22
                    ]
                ]
            ],
            "group_id": null,
            "shape_type": "polygon",
            "flags": {}
        }
    ],
    "imagePath": "0.9987_good_tile_41_17_2.png",
    "imageData": null,
    "imageHeight": 224,
    "imageWidth": 224
}