{
    "version": "4.5.9",
    "flags": {},
    "shapes": [
        {
            "label": "foreground",
            "points": [
                [
                    [
                        67,
                        21
                    ],
                    [
                        66,
                        22
                    ],
                    [
                        65,
                        22
                    ],
                    [
                        64,
                        23
                    ],
                    [
                        63,
                        23
                    ],
                    [
                        59,
                        27
                    ],
                    [
                        58,
                        27
                    ],
                    [
                        57,
                        28
                    ],
                    [
                        56,
                        28
                    ],
                    [
                        55,
                        29
                    ],
                    [
                        54,
                        29
                    ],
                    [
                        52,
                        31
                    ],
                    [
                        51,
                        31
                    ],
                    [
                        47,
                        35
                    ],
                    [
                        46,
                        35
                    ],
                    [
                        46,
                        36
                    ],
                    [
                        40,
                        42
                    ],
                    [
                        39,
                        42
                    ],
                    [
                        36,
                        45
                    ],
                    [
                        35,
                        45
                    ],
                    [
                        35,
                        47
                    ],
                    [
                        34,
                        48
                    ],
                    [
                        34,
                        49
                    ],
                    [
                        33,
                        50
                    ],
                    [
                        33,
                        51
                    ],
                    [
                        31,
                        53
                    ],
                    [
                        31,
                        54
                    ],
                    [
                        30,
                        55
                    ],
                    [
                        30,
                        56
                    ],
                    [
                        28,
                        58
                    ],
                    [
                        28,
                        59
                    ],
                    [
                        26,
                        61
                    ],
                    [
                        26,
                        62
                    ],
                    [
                        25,
                        63
                    ],
                    [
                        25,
                        64
                    ],
                    [
                        24,
                        65
                    ],
                    [
                        24,
                        68
                    ],
                    [
                        23,
                        69
                    ],
                    [
                        23,
                        71
                    ],
                    [
                        24,
                        72
                    ],
                    [
                        24,
                        73
                    ],
                    [
                        23,
                        74
                    ],
                    [
                        23,
                        76
                    ],
                    [
                        21,
                        78
                    ],
                    [
                        21,
                        84
                    ],
                    [
                        20,
                        85
                    ],
                    [
                        20,
                        90
                    ],
                    [
                        23,
                        93
                    ],
                    [
                        23,
                        94
                    ],
                    [
                        22,
                        95
                    ],
                    [
                        22,
                        97
                    ],
                    [
                        23,
                        98
                    ],
                    [
                        23,
                        99
                    ],
                    [
                        24,
                        99
                    ],
                    [
                        25,
                        98
                    ],
                    [
                        26,
                        98
                    ],
                    [
                        27,
                        99
                    ],
                    [
                        28,
                        99
                    ],
                    [
                        31,
                        102
                    ],
                    [
                        31,
                        103
                    ],
                    [
                        33,
                        105
                    ],
                    [
                        38,
                        105
                    ],
                    [
                        39,
                        106
                    ],
                    [
                        42,
                        106
                    ],
                    [
                        43,
                        107
                    ],
                    [
                        45,
                        107
                    ],
                    [
                        46,
                        108
                    ],
                    [
                        50,
                        108
                    ],
                    [
                        51,
                        109
                    ],
                    [
                        54,
                        109
                    ],
                    [
                        55,
                        108
                    ],
                    [
                        56,
                        108
                    ],
                    [
                        57,
                        107
                    ],
                    [
                        59,
                        107
                    ],
                    [
                        60,
                        106
                    ],
                    [
                        61,
                        106
                    ],
                    [
                        62,
                        105
                    ],
                    [
                        63,
                        105
                    ],
                    [
                        64,
                        104
                    ],
                    [
                        65,
                        104
                    ],
                    [
                        66,
                        103
                    ],
                    [
                        67,
                        103
                    ],
                    [
                        68,
                        102
                    ],
                    [
                        74,
                        102
                    ],
                    [
                        76,
                        100
                    ],
                    [
                        76,
                        99
                    ],
                    [
                        77,
                        98
                    ],
                    [
                        78,
                        98
                    ],
                    [
                        79,
                        97
                    ],
                    [
                        82,
                        97
                    ],
                    [
                        83,
                        96
                    ],
                    [
                        84,
                        96
                    ],
                    [
                        88,
                        92
                    ],
                    [
                        89,
                        92
                    ],
                    [
                        94,
                        87
                    ],
                    [
                        95,
                        87
                    ],
                    [
                        97,
                        85
                    ],
                    [
                        97,
                        84
                    ],
                    [
                        98,
                        83
                    ],
                    [
                        98,
                        82
                    ],
                    [
                        101,
                        79
                    ],
                    [
                        102,
                        79
                    ],
                    [
                        104,
                        77
                    ],
                    [
                        104,
                        76
                    ],
                    [
                        105,
                        75
                    ],
                    [
                        105,
                        74
                    ],
                    [
                        106,
                        73
                    ],
                    [
                        106,
                        70
                    ],
                    [
                        107,
                        69
                    ],
                    [
                        107,
                        68
                    ],
                    [
                        108,
                        67
                    ],
                    [
                        108,
                        66
                    ],
                    [
                        109,
                        65
                    ],
                    [
                        109,
                        62
                    ],
                    [
                        110,
                        61
                    ],
                    [
                        110,
                        49
                    ],
                    [
                        109,
                        48
                    ],
                    [
                        109,
                        46
                    ],
                    [
                        108,
                        45
                    ],
                    [
                        108,
                        44
                    ],
                    [
                        107,
                        43
                    ],
                    [
                        107,
                        42
                    ],
                    [
                        106,
                        41
                    ],
                    [
                        106,
                        40
                    ],
                    [
                        105,
                        40
                    ],
                    [
                        101,
                        36
                    ],
                    [
                        100,
                        36
                    ],
                    [
                        99,
                        35
                    ],
                    [
                        98,
                        35
                    ],
                    [
                        93,
                        30
                    ],
                    [
                        92,
                        30
                    ],
                    [
                        90,
                        28
                    ],
                    [
                        89,
                        28
                    ],
                    [
                        88,
                        27
                    ],
                    [
                        87,
                        27
                    ],
                    [
                        85,
                        25
                    ],
                    [
                        83,
                        25
                    ],
                    [
                        82,
                        24
                    ],
                    [
                        79,
                        24
                    ],
                    [
                        78,
                        23
                    ],
                    [
                        77,
                        23
                    ],
                    [
                        76,
                        22
                    ],
                    [
                        74,
                        22
                    ],
                    [
                        73,
                        21
                    ]
                ]
            ],
            "group_id": null,
            "shape_type": "polygon",
            "flags": {}
        }
    ],
    "imagePath": "0.9975_good_tile_15_18_2.png",
    "imageData": null,
    "imageHeight": 224,
    "imageWidth": 224
}