{
    "version": "4.5.9",
    "flags": {},
    "shapes": [
        {
            "label": "foreground",
            "points": [
                [
                    [
                        31,
                        17
                    ],
                    [
                        30,
                        18
                    ],
                    [
                        28,
                        18
                    ],
                    [
                        27,
                        19
                    ],
                    [
                        26,
                        19
                    ],
                    [
                        23,
                        22
                    ],
                    [
                        22,
                        22
                    ],
                    [
                        19,
                        25
                    ],
                    [
                        19,
                        26
                    ],
                    [
                        18,
                        27
                    ],
                    [
                        18,
                        28
                    ],
                    [
                        17,
                        29
                    ],
                    [
                        17,
                        30
                    ],
                    [
                        16,
                        31
                    ],
                    [
                        16,
                        33
                    ],
                    [
                        15,
                        34
                    ],
                    [
                        15,
                        42
                    ],
                    [
                        16,
                        43
                    ],
                    [
                        16,
                        44
                    ],
                    [
                        17,
                        45
                    ],
                    [
                        17,
                        46
                    ],
                    [
                        25,
                        54
                    ],
                    [
                        26,
                        54
                    ],
                    [
                        27,
                        55
                    ],
                    [
                        30,
                        55
                    ],
                    [
                        31,
                        56
                    ],
                    [
                        40,
                        56
                    ],
                    [
                        41,
                        55
                    ],
                    [
                        42,
                        55
                    ],
                    [
                        43,
                        54
                    ],
                    [
                        44,
                        54
                    ],
                    [
                        47,
                        51
                    ],
                    [
                        48,
                        51
                    ],
                    [
                        48,
                        50
                    ],
                    [
                        50,
                        48
                    ],
                    [
                        50,
                        47
                    ],
                    [
                        51,
                        46
                    ],
                    [
                        51,
                        45
                    ],
                    [
                        52,
                        44
                    ],
                    [
                        52,
                        43
                    ],
                    [
                        53,
                        42
                    ],
                    [
                        53,
                        33
                    ],
                    [
                        52,
                        32
                    ],
                    [
                        52,
                        31
                    ],
                    [
                        50,
                        29
                    ],
                    [
                        50,
                        28
                    ],
                    [
                        42,
                        20
                    ],
                    [
                        41,
                        20
                    ],
                    [
                        39,
                        18
                    ],
                    [
                        36,
                        18
                    ],
                    [
                        35,
                        17
                    ]
                ]
            ],
            "group_id": null,
            "shape_type": "polygon",
            "flags": {}
        }
    ],
    "imagePath": "0.9955_good_tile_49_55_4.png",
    "imageData": null,
    "imageHeight": 224,
    "imageWidth": 224
}