{
    "image_height": 1024,
    "images_width": 1024,
    "images_path": "tile_55_37.png",
    "bboxes": [
        {
            "attributions": {
                "group": 0
            },
            "id": 0,
            "label": "Single_cell",
            "x_max": 0.7578125,
            "x_min": 0.6513671875,
            "y_max": 0.9384765625,
            "y_min": 0.8271484375,
            "prob": "0.866"
        },
        {
            "attributions": {
                "group": 0
            },
            "id": 1,
            "label": "Single_cell",
            "x_max": 0.9990234375,
            "x_min": 0.626953125,
            "y_max": 0.435546875,
            "y_min": 0.1357421875,
            "prob": "0.817"
        },
        {
            "attributions": {
                "group": 0
            },
            "id": 2,
            "label": "Single_cell",
            "x_max": 0.3525390625,
            "x_min": 0.265625,
            "y_max": 0.6904296875,
            "y_min": 0.6025390625,
            "prob": "0.742"
        },
        {
            "attributions": {
                "group": 0
            },
            "id": 3,
            "label": "Single_cell",
            "x_max": 0.2138671875,
            "x_min": 0.1240234375,
            "y_max": 1.0,
            "y_min": 0.92578125,
            "prob": "0.733"
        },
        {
            "attributions": {
                "group": 0
            },
            "id": 4,
            "label": "Single_cell",
            "x_max": 0.9326171875,
            "x_min": 0.8623046875,
            "y_max": 0.5224609375,
            "y_min": 0.4599609375,
            "prob": "0.712"
        },
        {
            "attributions": {
                "group": 0
            },
            "id": 5,
            "label": "Single_cell",
            "x_max": 0.0283203125,
            "x_min": 0.0,
            "y_max": 0.349609375,
            "y_min": 0.3154296875,
            "prob": "0.647"
        },
        {
            "attributions": {
                "group": 0
            },
            "id": 6,
            "label": "Single_cell",
            "x_max": 0.8701171875,
            "x_min": 0.802734375,
            "y_max": 0.33984375,
            "y_min": 0.2744140625,
            "prob": "0.383"
        },
        {
            "attributions": {
                "group": 0
            },
            "id": 7,
            "label": "Single_cell",
            "x_max": 0.052734375,
            "x_min": 0.0,
            "y_max": 0.796875,
            "y_min": 0.7255859375,
            "prob": "0.359"
        }
    ]
}