{
    "image_height": 1024,
    "images_width": 1024,
    "images_path": "tile_22_32.png",
    "bboxes": [
        {
            "attributions": {
                "group": 0
            },
            "id": 0,
            "label": "Single_cell",
            "x_max": 0.853515625,
            "x_min": 0.71875,
            "y_max": 0.6708984375,
            "y_min": 0.5,
            "prob": "0.843"
        },
        {
            "attributions": {
                "group": 0
            },
            "id": 1,
            "label": "Single_cell",
            "x_max": 0.580078125,
            "x_min": 0.4951171875,
            "y_max": 0.701171875,
            "y_min": 0.6123046875,
            "prob": "0.784"
        },
        {
            "attributions": {
                "group": 0
            },
            "id": 2,
            "label": "Single_cell",
            "x_max": 0.0849609375,
            "x_min": -0.0009765625,
            "y_max": 0.943359375,
            "y_min": 0.8505859375,
            "prob": "0.730"
        },
        {
            "attributions": {
                "group": 0
            },
            "id": 3,
            "label": "Single_cell",
            "x_max": 0.5302734375,
            "x_min": 0.4658203125,
            "y_max": 0.6181640625,
            "y_min": 0.55859375,
            "prob": "0.717"
        },
        {
            "attributions": {
                "group": 0
            },
            "id": 4,
            "label": "Single_cell",
            "x_max": 0.2431640625,
            "x_min": 0.185546875,
            "y_max": 0.9990234375,
            "y_min": 0.9521484375,
            "prob": "0.660"
        },
        {
            "attributions": {
                "group": 0
            },
            "id": 5,
            "label": "Single_cell",
            "x_max": 0.9990234375,
            "x_min": 0.96484375,
            "y_max": 0.2294921875,
            "y_min": 0.1689453125,
            "prob": "0.561"
        },
        {
            "attributions": {
                "group": 0
            },
            "id": 6,
            "label": "Single_cell",
            "x_max": 0.896484375,
            "x_min": 0.8388671875,
            "y_max": 0.037109375,
            "y_min": 0.0,
            "prob": "0.531"
        },
        {
            "attributions": {
                "group": 0
            },
            "id": 7,
            "label": "Single_cell",
            "x_max": 0.0205078125,
            "x_min": 0.0,
            "y_max": 0.9990234375,
            "y_min": 0.9541015625,
            "prob": "0.489"
        },
        {
            "attributions": {
                "group": 0
            },
            "id": 8,
            "label": "Single_cell",
            "x_max": 0.0166015625,
            "x_min": 0.0,
            "y_max": 0.302734375,
            "y_min": 0.2578125,
            "prob": "0.476"
        }
    ]
}