{
    "image_height": 1024,
    "images_width": 1024,
    "images_path": "tile_11_48.png",
    "bboxes": [
        {
            "attributions": {
                "group": 0
            },
            "id": 0,
            "label": "Single_cell",
            "x_max": 0.6591796875,
            "x_min": 0.5576171875,
            "y_max": 0.126953125,
            "y_min": 0.0224609375,
            "prob": "0.797"
        },
        {
            "attributions": {
                "group": 0
            },
            "id": 1,
            "label": "Single_cell",
            "x_max": 0.666015625,
            "x_min": 0.599609375,
            "y_max": 0.4736328125,
            "y_min": 0.3671875,
            "prob": "0.792"
        },
        {
            "attributions": {
                "group": 0
            },
            "id": 2,
            "label": "Single_cell",
            "x_max": 0.169921875,
            "x_min": 0.0732421875,
            "y_max": 0.22265625,
            "y_min": 0.1357421875,
            "prob": "0.771"
        },
        {
            "attributions": {
                "group": 0
            },
            "id": 3,
            "label": "Single_cell",
            "x_max": 0.5732421875,
            "x_min": 0.5068359375,
            "y_max": 0.6962890625,
            "y_min": 0.62890625,
            "prob": "0.769"
        },
        {
            "attributions": {
                "group": 0
            },
            "id": 4,
            "label": "Single_cell",
            "x_max": 0.876953125,
            "x_min": 0.8115234375,
            "y_max": 0.9296875,
            "y_min": 0.8671875,
            "prob": "0.752"
        },
        {
            "attributions": {
                "group": 0
            },
            "id": 5,
            "label": "Single_cell",
            "x_max": 0.5146484375,
            "x_min": 0.421875,
            "y_max": 0.8447265625,
            "y_min": 0.767578125,
            "prob": "0.751"
        },
        {
            "attributions": {
                "group": 0
            },
            "id": 6,
            "label": "Single_cell",
            "x_max": 0.5361328125,
            "x_min": 0.4765625,
            "y_max": 0.5126953125,
            "y_min": 0.451171875,
            "prob": "0.749"
        },
        {
            "attributions": {
                "group": 0
            },
            "id": 7,
            "label": "Single_cell",
            "x_max": 0.7998046875,
            "x_min": 0.736328125,
            "y_max": 0.2548828125,
            "y_min": 0.193359375,
            "prob": "0.745"
        },
        {
            "attributions": {
                "group": 0
            },
            "id": 8,
            "label": "Single_cell",
            "x_max": 0.4599609375,
            "x_min": 0.4296875,
            "y_max": 0.2138671875,
            "y_min": 0.1865234375,
            "prob": "0.420"
        },
        {
            "attributions": {
                "group": 0
            },
            "id": 9,
            "label": "Single_cell",
            "x_max": 0.806640625,
            "x_min": 0.7392578125,
            "y_max": 0.015625,
            "y_min": 0.0,
            "prob": "0.403"
        },
        {
            "attributions": {
                "group": 0
            },
            "id": 10,
            "label": "Single_cell",
            "x_max": 0.62109375,
            "x_min": 0.5595703125,
            "y_max": 0.6943359375,
            "y_min": 0.6240234375,
            "prob": "0.399"
        },
        {
            "attributions": {
                "group": 0
            },
            "id": 11,
            "label": "Single_cell",
            "x_max": 0.9677734375,
            "x_min": 0.875,
            "y_max": 0.080078125,
            "y_min": -0.001953125,
            "prob": "0.377"
        }
    ]
}