{
  "version": "0.3.3",
  "flags": {},
  "shapes": [
    {
      "label": "1",
      "text": "",
      "points": [
        [
          22.98901098901098,
          224.0879120879121
        ],
        [
          75.73626373626377,
          296.61538461538464
        ]
      ],
      "group_id": null,
      "shape_type": "rectangle",
      "flags": {}
    },
    {
      "label": "1",
      "text": "",
      "points": [
        [
          221.8901098901099,
          120.7912087912088
        ],
        [
          279.032967032967,
          168.04395604395606
        ]
      ],
      "group_id": null,
      "shape_type": "rectangle",
      "flags": {}
    },
    {
      "label": "1",
      "text": "",
      "points": [
        [
          350.46153846153845,
          229.58241758241758
        ],
        [
          404.30769230769226,
          271.3406593406594
        ]
      ],
      "group_id": null,
      "shape_type": "rectangle",
      "flags": {}
    },
    {
      "label": "1",
      "text": "",
      "points": [
        [
          239.47252747252742,
          505.40659340659346
        ],
        [
          290.02197802197804,
          558.1538461538461
        ]
      ],
      "group_id": null,
      "shape_type": "rectangle",
      "flags": {}
    },
    {
      "label": "1",
      "text": "",
      "points": [
        [
          781.2307692307693,
          515.2967032967033
        ],
        [
          872.4395604395604,
          616.3956043956043
        ]
      ],
      "group_id": null,
      "shape_type": "rectangle",
      "flags": {}
    },
    {
      "label": "1",
      "text": "",
      "points": [
        [
          104.30769230769232,
          918.5934065934066
        ],
        [
          165.8461538461538,
          966.945054945055
        ]
      ],
      "group_id": null,
      "shape_type": "rectangle",
      "flags": {}
    },
    {
      "label": "1",
      "text": "",
      "points": [
        [
          6.505494505494539,
          605.4065934065934
        ],
        [
          55.95604395604397,
          669.1428571428571
        ]
      ],
      "group_id": null,
      "shape_type": "rectangle",
      "flags": {}
    }
  ],
  "imagePath": "tile_23_21.png",
  "imageData": null,
  "imageHeight": 1024,
  "imageWidth": 1024
}