{
  "version": "0.3.3",
  "flags": {},
  "shapes": [
    {
      "label": "1",
      "text": "",
      "points": [
        [
          279.032967032967,
          628.4835164835165
        ],
        [
          352.6593406593406,
          703.2087912087911
        ]
      ],
      "group_id": null,
      "shape_type": "rectangle",
      "flags": {}
    },
    {
      "label": "1",
      "text": "",
      "points": [
        [
          888.9230769230769,
          479.03296703296706
        ],
        [
          947.164835164835,
          532.8791208791208
        ]
      ],
      "group_id": null,
      "shape_type": "rectangle",
      "flags": {}
    },
    {
      "label": "1",
      "text": "",
      "points": [
        [
          632.8791208791208,
          139.47252747252747
        ],
        [
          1022.9890109890109,
          439.4725274725275
        ]
      ],
      "group_id": null,
      "shape_type": "rectangle",
      "flags": {}
    },
    {
      "label": "1",
      "text": "",
      "points": [
        [
          672.4395604395604,
          860.3516483516484
        ],
        [
          766.9450549450548,
          962.5494505494505
        ]
      ],
      "group_id": null,
      "shape_type": "rectangle",
      "flags": {}
    },
    {
      "label": "1",
      "text": "",
      "points": [
        [
          133.97802197802196,
          952.6593406593406
        ],
        [
          217.0,
          1023.0
        ]
      ],
      "group_id": null,
      "shape_type": "rectangle",
      "flags": {}
    }
  ],
  "imagePath": "tile_55_37.png",
  "imageData": null,
  "imageHeight": 1024,
  "imageWidth": 1024
}