{
  "version": "0.3.3",
  "flags": {},
  "shapes": [
    {
      "label": "1",
      "text": "",
      "points": [
        [
          225.1868131868132,
          186.72527472527474
        ],
        [
          282.3296703296703,
          235.0769230769231
        ]
      ],
      "group_id": null,
      "shape_type": "rectangle",
      "flags": {}
    },
    {
      "label": "1",
      "text": "",
      "points": [
        [
          436.1758241758241,
          937.2747252747253
        ],
        [
          538.3736263736264,
          1021.8901098901099
        ]
      ],
      "group_id": null,
      "shape_type": "rectangle",
      "flags": {}
    },
    {
      "label": "1",
      "text": "",
      "points": [
        [
          117.49450549450552,
          179.03296703296704
        ],
        [
          166.94505494505495,
          217.4945054945055
        ]
      ],
      "group_id": null,
      "shape_type": "rectangle",
      "flags": {}
    }
  ],
  "imagePath": "tile_57_31.png",
  "imageData": null,
  "imageHeight": 1024,
  "imageWidth": 1024
}