{
  "version": "0.3.3",
  "flags": {},
  "shapes": [
    {
      "label": "1",
      "text": "",
      "points": [
        [
          361.4505494505495,
          587.8241758241758
        ],
        [
          419.69230769230774,
          671.3406593406593
        ]
      ],
      "group_id": null,
      "shape_type": "rectangle",
      "flags": {}
    },
    {
      "label": "1",
      "text": "",
      "points": [
        [
          814.1978021978023,
          483.42857142857144
        ],
        [
          866.9450549450548,
          541.6703296703297
        ]
      ],
      "group_id": null,
      "shape_type": "rectangle",
      "flags": {}
    },
    {
      "label": "1",
      "text": "",
      "points": [
        [
          696.6153846153845,
          955.9560439560439
        ],
        [
          757.0549450549449,
          1010.9010989010989
        ]
      ],
      "group_id": null,
      "shape_type": "rectangle",
      "flags": {}
    },
    {
      "label": "1",
      "text": "",
      "points": [
        [
          104.30769230769232,
          377.934065934066
        ],
        [
          175.7362637362637,
          439.4725274725275
        ]
      ],
      "group_id": null,
      "shape_type": "rectangle",
      "flags": {}
    },
    {
      "label": "1",
      "text": "",
      "points": [
        [
          976.8351648351647,
          465.84615384615387
        ],
        [
          1017.4945054945056,
          510.9010989010989
        ]
      ],
      "group_id": null,
      "shape_type": "rectangle",
      "flags": {}
    },
    {
      "label": "1",
      "text": "",
      "points": [
        [
          558.1538461538462,
          696.6153846153845
        ],
        [
          674.6373626373627,
          766.945054945055
        ]
      ],
      "group_id": null,
      "shape_type": "rectangle",
      "flags": {}
    },
    {
      "label": "1",
      "text": "",
      "points": [
        [
          641.6703296703297,
          536.1758241758241
        ],
        [
          740.5714285714284,
          661.4505494505494
        ]
      ],
      "group_id": null,
      "shape_type": "rectangle",
      "flags": {}
    },
    {
      "label": "1",
      "text": "",
      "points": [
        [
          28.483516483516496,
          146.06593406593407
        ],
        [
          132.87912087912088,
          242.76923076923077
        ]
      ],
      "group_id": null,
      "shape_type": "rectangle",
      "flags": {}
    },
    {
      "label": "1",
      "text": "",
      "points": [
        [
          609.8021978021978,
          430.6813186813187
        ],
        [
          704.3076923076924,
          528.4835164835165
        ]
      ],
      "group_id": null,
      "shape_type": "rectangle",
      "flags": {}
    }
  ],
  "imagePath": "tile_11_17.png",
  "imageData": null,
  "imageHeight": 1024,
  "imageWidth": 1024,
  "text": ""
}