{
  "version": "0.3.3",
  "flags": {},
  "shapes": [
    {
      "label": "1",
      "text": "",
      "points": [
        [
          262.5494505494505,
          249.36263736263737
        ],
        [
          320.79120879120876,
          313.09890109890114
        ]
      ],
      "group_id": null,
      "shape_type": "rectangle",
      "flags": {}
    },
    {
      "label": "1",
      "text": "",
      "points": [
        [
          527.3846153846154,
          38.37362637362639
        ],
        [
          573.5384615384615,
          105.40659340659342
        ]
      ],
      "group_id": null,
      "shape_type": "rectangle",
      "flags": {}
    },
    {
      "label": "1",
      "text": "",
      "points": [
        [
          485.6263736263736,
          260.3516483516484
        ],
        [
          575.7362637362637,
          342.7692307692308
        ]
      ],
      "group_id": null,
      "shape_type": "rectangle",
      "flags": {}
    },
    {
      "label": "1",
      "text": "",
      "points": [
        [
          625.1868131868132,
          253.75824175824178
        ],
        [
          706.5054945054944,
          358.1538461538462
        ]
      ],
      "group_id": null,
      "shape_type": "rectangle",
      "flags": {}
    },
    {
      "label": "1",
      "text": "",
      "points": [
        [
          921.8901098901099,
          303.20879120879124
        ],
        [
          961.4505494505495,
          355.95604395604397
        ]
      ],
      "group_id": null,
      "shape_type": "rectangle",
      "flags": {}
    },
    {
      "label": "1",
      "text": "",
      "points": [
        [
          742.7692307692307,
          707.6043956043956
        ],
        [
          782.3296703296703,
          750.4615384615385
        ]
      ],
      "group_id": null,
      "shape_type": "rectangle",
      "flags": {}
    },
    {
      "label": "1",
      "text": "",
      "points": [
        [
          782.3296703296703,
          699.9120879120878
        ],
        [
          818.5934065934066,
          733.978021978022
        ]
      ],
      "group_id": null,
      "shape_type": "rectangle",
      "flags": {}
    },
    {
      "label": "1",
      "text": "",
      "points": [
        [
          16.39560439560438,
          837.2747252747253
        ],
        [
          66.94505494505495,
          905.4065934065934
        ]
      ],
      "group_id": null,
      "shape_type": "rectangle",
      "flags": {}
    },
    {
      "label": "1",
      "text": "",
      "points": [
        [
          975.7362637362637,
          774.6373626373626
        ],
        [
          1022.9890109890109,
          822.9890109890109
        ]
      ],
      "group_id": null,
      "shape_type": "rectangle",
      "flags": {}
    }
  ],
  "imagePath": "tile_41_35.png",
  "imageData": null,
  "imageHeight": 1024,
  "imageWidth": 1024
}